Using pre-set license
Built from '2022.3/staging' branch; Version is '2022.3.40f1 (cbdda657d2f0) revision 13360550'; Using compiler version '192829333'; Build Type 'Release'
OS: 'Windows 11  (10.0.26100) 64bit Professional' Language: 'uk' Physical Memory: 16167 MB
BatchMode: 1, IsHumanControllingUs: 0, StartBugReporterOnCrash: 0, Is64bit: 1, IsPro: 1

COMMAND LINE ARGUMENTS:
C:\Program Files\Unity\Hub\Editor\2022.3.40f1\Editor\Unity.exe
-adb2
-batchMode
-noUpm
-name
AssetImportWorker1
-projectPath
C:/Users/dacko/Unity/Procedural snake
-logFile
Logs/AssetImportWorker1.log
-srvPort
56180
Successfully changed project path to: C:/Users/dacko/Unity/Procedural snake
C:/Users/dacko/Unity/Procedural snake
[UnityMemory] Configuration Parameters - Can be set up in boot.config
    "memorysetup-bucket-allocator-granularity=16"
    "memorysetup-bucket-allocator-bucket-count=8"
    "memorysetup-bucket-allocator-block-size=33554432"
    "memorysetup-bucket-allocator-block-count=8"
    "memorysetup-main-allocator-block-size=16777216"
    "memorysetup-thread-allocator-block-size=16777216"
    "memorysetup-gfx-main-allocator-block-size=16777216"
    "memorysetup-gfx-thread-allocator-block-size=16777216"
    "memorysetup-cache-allocator-block-size=4194304"
    "memorysetup-typetree-allocator-block-size=2097152"
    "memorysetup-profiler-bucket-allocator-granularity=16"
    "memorysetup-profiler-bucket-allocator-bucket-count=8"
    "memorysetup-profiler-bucket-allocator-block-size=33554432"
    "memorysetup-profiler-bucket-allocator-block-count=8"
    "memorysetup-profiler-allocator-block-size=16777216"
    "memorysetup-profiler-editor-allocator-block-size=1048576"
    "memorysetup-temp-allocator-size-main=16777216"
    "memorysetup-job-temp-allocator-block-size=2097152"
    "memorysetup-job-temp-allocator-block-size-background=1048576"
    "memorysetup-job-temp-allocator-reduction-small-platforms=262144"
    "memorysetup-allocator-temp-initial-block-size-main=262144"
    "memorysetup-allocator-temp-initial-block-size-worker=262144"
    "memorysetup-temp-allocator-size-background-worker=32768"
    "memorysetup-temp-allocator-size-job-worker=262144"
    "memorysetup-temp-allocator-size-preload-manager=33554432"
    "memorysetup-temp-allocator-size-nav-mesh-worker=65536"
    "memorysetup-temp-allocator-size-audio-worker=65536"
    "memorysetup-temp-allocator-size-cloud-worker=32768"
    "memorysetup-temp-allocator-size-gi-baking-worker=262144"
    "memorysetup-temp-allocator-size-gfx=262144"
Player connection [13464]  Target information:

Player connection [13464]  * "[IP] 26.84.100.242 [Port] 0 [Flags] 2 [Guid] 377454691 [EditorId] 377454691 [Version] 1048832 [Id] WindowsEditor(7,DESKTOP-K4J78JE) [Debug] 1 [PackageName] WindowsEditor [ProjectName] Editor" 

Player connection [13464]  * "[IP] 192.168.0.223 [Port] 0 [Flags] 2 [Guid] 377454691 [EditorId] 377454691 [Version] 1048832 [Id] WindowsEditor(7,DESKTOP-K4J78JE) [Debug] 1 [PackageName] WindowsEditor [ProjectName] Editor" 

Player connection [13464] Host joined multi-casting on [225.0.0.222:54997]...
Player connection [13464] Host joined alternative multi-casting on [225.0.0.222:34997]...
[PhysX] Initialized MultithreadedTaskDispatcher with 8 workers.
Refreshing native plugins compatible for Editor in 12.83 ms, found 4 plugins.
Preloading 0 native plugins for Editor in 0.00 ms.
Initialize engine version: 2022.3.40f1 (cbdda657d2f0)
[Subsystems] Discovering subsystems at path C:/Program Files/Unity/Hub/Editor/2022.3.40f1/Editor/Data/Resources/UnitySubsystems
[Subsystems] Discovering subsystems at path C:/Users/dacko/Unity/Procedural snake/Assets
GfxDevice: creating device client; threaded=0; jobified=0
Direct3D:
    Version:  Direct3D 11.0 [level 11.1]
    Renderer: NVIDIA GeForce GTX 1650 (ID=0x1f9d)
    Vendor:   NVIDIA
    VRAM:     3938 MB
    Driver:   32.0.15.6614
Initialize mono
Mono path[0] = 'C:/Program Files/Unity/Hub/Editor/2022.3.40f1/Editor/Data/Managed'
Mono path[1] = 'C:/Program Files/Unity/Hub/Editor/2022.3.40f1/Editor/Data/MonoBleedingEdge/lib/mono/unityjit-win32'
Mono config path = 'C:/Program Files/Unity/Hub/Editor/2022.3.40f1/Editor/Data/MonoBleedingEdge/etc'
Using monoOptions --debugger-agent=transport=dt_socket,embedding=1,server=y,suspend=n,address=127.0.0.1:56916
Begin MonoManager ReloadAssembly
Registering precompiled unity dll's ...
Register platform support module: C:/Program Files/Unity/Hub/Editor/2022.3.40f1/Editor/Data/PlaybackEngines/AndroidPlayer/UnityEditor.Android.Extensions.dll
Register platform support module: C:/Program Files/Unity/Hub/Editor/2022.3.40f1/Editor/Data/PlaybackEngines/iOSSupport/UnityEditor.iOS.Extensions.dll
Register platform support module: C:/Program Files/Unity/Hub/Editor/2022.3.40f1/Editor/Data/PlaybackEngines/WindowsStandaloneSupport/UnityEditor.WindowsStandalone.Extensions.dll
Registered in 0.008337 seconds.
- Loaded All Assemblies, in  0.347 seconds
Native extension for WindowsStandalone target not found
[usbmuxd] Start listen thread
[usbmuxd] Listen thread started
Native extension for iOS target not found
Native extension for Android target not found
Android Extension - Scanning For ADB Devices 237 ms
Mono: successfully reloaded assembly
- Finished resetting the current domain, in  0.633 seconds
Domain Reload Profiling: 980ms
	BeginReloadAssembly (98ms)
		ExecutionOrderSort (0ms)
		DisableScriptedObjects (0ms)
		BackupInstance (0ms)
		ReleaseScriptingObjects (0ms)
		CreateAndSetChildDomain (1ms)
	RebuildCommonClasses (31ms)
	RebuildNativeTypeToScriptingClass (9ms)
	initialDomainReloadingComplete (53ms)
	LoadAllAssembliesAndSetupDomain (155ms)
		LoadAssemblies (96ms)
		RebuildTransferFunctionScriptingTraits (0ms)
		AnalyzeDomain (152ms)
			TypeCache.Refresh (151ms)
				TypeCache.ScanAssembly (136ms)
			ScanForSourceGeneratedMonoScriptInfo (0ms)
			ResolveRequiredComponents (0ms)
	FinalizeReload (634ms)
		ReleaseScriptCaches (0ms)
		RebuildScriptCaches (0ms)
		SetupLoadedEditorAssemblies (573ms)
			LogAssemblyErrors (0ms)
			InitializePlatformSupportModulesInManaged (367ms)
			SetLoadedEditorAssemblies (9ms)
			RefreshPlugins (0ms)
			BeforeProcessingInitializeOnLoad (4ms)
			ProcessInitializeOnLoadAttributes (142ms)
			ProcessInitializeOnLoadMethodAttributes (50ms)
			AfterProcessingInitializeOnLoad (0ms)
			EditorAssembliesLoaded (0ms)
		ExecutionOrderSort2 (0ms)
		AwakeInstancesAfterBackupRestoration (0ms)
========================================================================
Worker process is ready to serve import requests
Caller must complete domain reload
Begin MonoManager ReloadAssembly
- Loaded All Assemblies, in  0.753 seconds
Native extension for WindowsStandalone target not found
Native extension for iOS target not found
Native extension for Android target not found
Mono: successfully reloaded assembly
- Finished resetting the current domain, in  0.872 seconds
Domain Reload Profiling: 1622ms
	BeginReloadAssembly (161ms)
		ExecutionOrderSort (0ms)
		DisableScriptedObjects (6ms)
		BackupInstance (0ms)
		ReleaseScriptingObjects (0ms)
		CreateAndSetChildDomain (28ms)
	RebuildCommonClasses (38ms)
	RebuildNativeTypeToScriptingClass (9ms)
	initialDomainReloadingComplete (39ms)
	LoadAllAssembliesAndSetupDomain (502ms)
		LoadAssemblies (330ms)
		RebuildTransferFunctionScriptingTraits (0ms)
		AnalyzeDomain (265ms)
			TypeCache.Refresh (221ms)
				TypeCache.ScanAssembly (201ms)
			ScanForSourceGeneratedMonoScriptInfo (34ms)
			ResolveRequiredComponents (10ms)
	FinalizeReload (873ms)
		ReleaseScriptCaches (0ms)
		RebuildScriptCaches (0ms)
		SetupLoadedEditorAssemblies (690ms)
			LogAssemblyErrors (0ms)
			InitializePlatformSupportModulesInManaged (38ms)
			SetLoadedEditorAssemblies (4ms)
			RefreshPlugins (0ms)
			BeforeProcessingInitializeOnLoad (77ms)
			ProcessInitializeOnLoadAttributes (478ms)
			ProcessInitializeOnLoadMethodAttributes (85ms)
			AfterProcessingInitializeOnLoad (7ms)
			EditorAssembliesLoaded (1ms)
		ExecutionOrderSort2 (0ms)
		AwakeInstancesAfterBackupRestoration (8ms)
Launched and connected shader compiler UnityShaderCompiler.exe after 0.05 seconds
Refreshing native plugins compatible for Editor in 3.40 ms, found 4 plugins.
Preloading 0 native plugins for Editor in 0.00 ms.
Unloading 5714 Unused Serialized files (Serialized files now loaded: 0)
Unloading 48 unused Assets / (0.9 MB). Loaded Objects now: 6171.
Memory consumption went from 221.5 MB to 220.6 MB.
Total: 5.110700 ms (FindLiveObjects: 0.615400 ms CreateObjectMapping: 0.504800 ms MarkObjects: 3.586800 ms  DeleteObjects: 0.401400 ms)

AssetImportParameters requested are different than current active one (requested -> active):
  custom:container-demuxer-ogg: 62fdf1f143b41e24485cea50d1cbac27 -> 
  custom:video-decoder-ogg-theora: a1e56fd34408186e4bbccfd4996cb3dc -> 
  custom:framework-win-MediaFoundation: 216162199b28c13a410421893ffa2e32 -> 
  custom:CustomObjectIndexerAttribute: 72b91833f83ae208fae7752999fa3104 -> 
  custom:container-demuxer-webm: 4f35f7cbe854078d1ac9338744f61a02 -> 
  custom:container-muxer-webm: aa71ff27fc2769a1b78a27578f13a17b -> 
  custom:video-decoder-webm-vp8: 9c59270c3fd7afecdb556c50c9e8de78 -> 
  custom:SearchIndexIgnoredProperties: e643bd26f0fe6173181afceb89e7c659 -> 
  custom:AudioImporter_EditorPlatform: d09bf68614088b80899f8185d706f6e7 -> 
  custom:video-encoder-webm-vp8: eb34c28f22e8b96e1ab97ce403110664 -> 
  custom:audio-decoder-ogg-vorbis: bf7c407c2cedff20999df2af8eb42d56 -> 
  custom:audio-encoder-webm-vorbis: bf7c407c2cedff20999df2af8eb42d56 -> 
========================================================================
Received Prepare
Caller must complete domain reload
Begin MonoManager ReloadAssembly
- Loaded All Assemblies, in  1.071 seconds
Native extension for WindowsStandalone target not found
Native extension for iOS target not found
Native extension for Android target not found
Mono: successfully reloaded assembly
- Finished resetting the current domain, in  0.829 seconds
Domain Reload Profiling: 1898ms
	BeginReloadAssembly (672ms)
		ExecutionOrderSort (0ms)
		DisableScriptedObjects (492ms)
		BackupInstance (0ms)
		ReleaseScriptingObjects (0ms)
		CreateAndSetChildDomain (48ms)
	RebuildCommonClasses (35ms)
	RebuildNativeTypeToScriptingClass (12ms)
	initialDomainReloadingComplete (41ms)
	LoadAllAssembliesAndSetupDomain (309ms)
		LoadAssemblies (353ms)
		RebuildTransferFunctionScriptingTraits (0ms)
		AnalyzeDomain (51ms)
			TypeCache.Refresh (12ms)
				TypeCache.ScanAssembly (0ms)
			ScanForSourceGeneratedMonoScriptInfo (27ms)
			ResolveRequiredComponents (11ms)
	FinalizeReload (829ms)
		ReleaseScriptCaches (0ms)
		RebuildScriptCaches (0ms)
		SetupLoadedEditorAssemblies (606ms)
			LogAssemblyErrors (0ms)
			InitializePlatformSupportModulesInManaged (32ms)
			SetLoadedEditorAssemblies (3ms)
			RefreshPlugins (0ms)
			BeforeProcessingInitializeOnLoad (75ms)
			ProcessInitializeOnLoadAttributes (414ms)
			ProcessInitializeOnLoadMethodAttributes (74ms)
			AfterProcessingInitializeOnLoad (7ms)
			EditorAssembliesLoaded (0ms)
		ExecutionOrderSort2 (0ms)
		AwakeInstancesAfterBackupRestoration (16ms)
Refreshing native plugins compatible for Editor in 3.42 ms, found 4 plugins.
Preloading 0 native plugins for Editor in 0.00 ms.
Unloading 5575 Unused Serialized files (Serialized files now loaded: 0)
Unloading 35 unused Assets / (0.9 MB). Loaded Objects now: 6177.
Memory consumption went from 198.6 MB to 197.7 MB.
Total: 4.493600 ms (FindLiveObjects: 0.543300 ms CreateObjectMapping: 0.358700 ms MarkObjects: 3.211600 ms  DeleteObjects: 0.377900 ms)

Prepare: number of updated asset objects reloaded= 0
AssetImportParameters requested are different than current active one (requested -> active):
  custom:container-demuxer-ogg: 62fdf1f143b41e24485cea50d1cbac27 -> 
  custom:video-decoder-ogg-theora: a1e56fd34408186e4bbccfd4996cb3dc -> 
  custom:framework-win-MediaFoundation: 216162199b28c13a410421893ffa2e32 -> 
  custom:CustomObjectIndexerAttribute: 72b91833f83ae208fae7752999fa3104 -> 
  custom:container-demuxer-webm: 4f35f7cbe854078d1ac9338744f61a02 -> 
  custom:container-muxer-webm: aa71ff27fc2769a1b78a27578f13a17b -> 
  custom:video-decoder-webm-vp8: 9c59270c3fd7afecdb556c50c9e8de78 -> 
  custom:SearchIndexIgnoredProperties: e643bd26f0fe6173181afceb89e7c659 -> 
  custom:AudioImporter_EditorPlatform: d09bf68614088b80899f8185d706f6e7 -> 
  custom:video-encoder-webm-vp8: eb34c28f22e8b96e1ab97ce403110664 -> 
  custom:audio-decoder-ogg-vorbis: bf7c407c2cedff20999df2af8eb42d56 -> 
  custom:audio-encoder-webm-vorbis: bf7c407c2cedff20999df2af8eb42d56 -> 
========================================================================
Received Prepare
Caller must complete domain reload
Begin MonoManager ReloadAssembly
- Loaded All Assemblies, in  0.455 seconds
Native extension for WindowsStandalone target not found
Native extension for iOS target not found
Native extension for Android target not found
Mono: successfully reloaded assembly
- Finished resetting the current domain, in  1.513 seconds
Domain Reload Profiling: 1965ms
	BeginReloadAssembly (150ms)
		ExecutionOrderSort (0ms)
		DisableScriptedObjects (9ms)
		BackupInstance (0ms)
		ReleaseScriptingObjects (0ms)
		CreateAndSetChildDomain (44ms)
	RebuildCommonClasses (32ms)
	RebuildNativeTypeToScriptingClass (10ms)
	initialDomainReloadingComplete (35ms)
	LoadAllAssembliesAndSetupDomain (225ms)
		LoadAssemblies (271ms)
		RebuildTransferFunctionScriptingTraits (0ms)
		AnalyzeDomain (23ms)
			TypeCache.Refresh (11ms)
				TypeCache.ScanAssembly (0ms)
			ScanForSourceGeneratedMonoScriptInfo (0ms)
			ResolveRequiredComponents (10ms)
	FinalizeReload (1513ms)
		ReleaseScriptCaches (0ms)
		RebuildScriptCaches (0ms)
		SetupLoadedEditorAssemblies (661ms)
			LogAssemblyErrors (0ms)
			InitializePlatformSupportModulesInManaged (35ms)
			SetLoadedEditorAssemblies (4ms)
			RefreshPlugins (0ms)
			BeforeProcessingInitializeOnLoad (77ms)
			ProcessInitializeOnLoadAttributes (467ms)
			ProcessInitializeOnLoadMethodAttributes (72ms)
			AfterProcessingInitializeOnLoad (6ms)
			EditorAssembliesLoaded (0ms)
		ExecutionOrderSort2 (0ms)
		AwakeInstancesAfterBackupRestoration (16ms)
Refreshing native plugins compatible for Editor in 4.73 ms, found 4 plugins.
Preloading 0 native plugins for Editor in 0.00 ms.
Unloading 5575 Unused Serialized files (Serialized files now loaded: 0)
Unloading 35 unused Assets / (0.9 MB). Loaded Objects now: 6182.
Memory consumption went from 198.6 MB to 197.7 MB.
Total: 6.330100 ms (FindLiveObjects: 0.603200 ms CreateObjectMapping: 0.655400 ms MarkObjects: 4.628200 ms  DeleteObjects: 0.441900 ms)

Prepare: number of updated asset objects reloaded= 0
AssetImportParameters requested are different than current active one (requested -> active):
  custom:container-demuxer-ogg: 62fdf1f143b41e24485cea50d1cbac27 -> 
  custom:video-decoder-ogg-theora: a1e56fd34408186e4bbccfd4996cb3dc -> 
  custom:framework-win-MediaFoundation: 216162199b28c13a410421893ffa2e32 -> 
  custom:CustomObjectIndexerAttribute: 72b91833f83ae208fae7752999fa3104 -> 
  custom:container-demuxer-webm: 4f35f7cbe854078d1ac9338744f61a02 -> 
  custom:container-muxer-webm: aa71ff27fc2769a1b78a27578f13a17b -> 
  custom:video-decoder-webm-vp8: 9c59270c3fd7afecdb556c50c9e8de78 -> 
  custom:SearchIndexIgnoredProperties: e643bd26f0fe6173181afceb89e7c659 -> 
  custom:AudioImporter_EditorPlatform: d09bf68614088b80899f8185d706f6e7 -> 
  custom:video-encoder-webm-vp8: eb34c28f22e8b96e1ab97ce403110664 -> 
  custom:audio-decoder-ogg-vorbis: bf7c407c2cedff20999df2af8eb42d56 -> 
  custom:audio-encoder-webm-vorbis: bf7c407c2cedff20999df2af8eb42d56 -> 
========================================================================
Received Prepare
Caller must complete domain reload
Begin MonoManager ReloadAssembly
- Loaded All Assemblies, in  0.508 seconds
Native extension for WindowsStandalone target not found
Native extension for iOS target not found
Native extension for Android target not found
Mono: successfully reloaded assembly
- Finished resetting the current domain, in  1.573 seconds
Domain Reload Profiling: 2080ms
	BeginReloadAssembly (140ms)
		ExecutionOrderSort (0ms)
		DisableScriptedObjects (9ms)
		BackupInstance (0ms)
		ReleaseScriptingObjects (0ms)
		CreateAndSetChildDomain (38ms)
	RebuildCommonClasses (29ms)
	RebuildNativeTypeToScriptingClass (9ms)
	initialDomainReloadingComplete (24ms)
	LoadAllAssembliesAndSetupDomain (304ms)
		LoadAssemblies (319ms)
		RebuildTransferFunctionScriptingTraits (0ms)
		AnalyzeDomain (49ms)
			TypeCache.Refresh (11ms)
				TypeCache.ScanAssembly (0ms)
			ScanForSourceGeneratedMonoScriptInfo (25ms)
			ResolveRequiredComponents (11ms)
	FinalizeReload (1574ms)
		ReleaseScriptCaches (0ms)
		RebuildScriptCaches (0ms)
		SetupLoadedEditorAssemblies (659ms)
			LogAssemblyErrors (0ms)
			InitializePlatformSupportModulesInManaged (31ms)
			SetLoadedEditorAssemblies (3ms)
			RefreshPlugins (0ms)
			BeforeProcessingInitializeOnLoad (70ms)
			ProcessInitializeOnLoadAttributes (479ms)
			ProcessInitializeOnLoadMethodAttributes (69ms)
			AfterProcessingInitializeOnLoad (6ms)
			EditorAssembliesLoaded (0ms)
		ExecutionOrderSort2 (0ms)
		AwakeInstancesAfterBackupRestoration (16ms)
Refreshing native plugins compatible for Editor in 7.00 ms, found 4 plugins.
Preloading 0 native plugins for Editor in 0.00 ms.
Unloading 5575 Unused Serialized files (Serialized files now loaded: 0)
Unloading 35 unused Assets / (0.9 MB). Loaded Objects now: 6187.
Memory consumption went from 198.6 MB to 197.7 MB.
Total: 4.334100 ms (FindLiveObjects: 0.461400 ms CreateObjectMapping: 0.270800 ms MarkObjects: 3.183400 ms  DeleteObjects: 0.416500 ms)

Prepare: number of updated asset objects reloaded= 0
AssetImportParameters requested are different than current active one (requested -> active):
  custom:container-demuxer-ogg: 62fdf1f143b41e24485cea50d1cbac27 -> 
  custom:video-decoder-ogg-theora: a1e56fd34408186e4bbccfd4996cb3dc -> 
  custom:framework-win-MediaFoundation: 216162199b28c13a410421893ffa2e32 -> 
  custom:CustomObjectIndexerAttribute: 72b91833f83ae208fae7752999fa3104 -> 
  custom:container-demuxer-webm: 4f35f7cbe854078d1ac9338744f61a02 -> 
  custom:container-muxer-webm: aa71ff27fc2769a1b78a27578f13a17b -> 
  custom:video-decoder-webm-vp8: 9c59270c3fd7afecdb556c50c9e8de78 -> 
  custom:SearchIndexIgnoredProperties: e643bd26f0fe6173181afceb89e7c659 -> 
  custom:AudioImporter_EditorPlatform: d09bf68614088b80899f8185d706f6e7 -> 
  custom:video-encoder-webm-vp8: eb34c28f22e8b96e1ab97ce403110664 -> 
  custom:audio-decoder-ogg-vorbis: bf7c407c2cedff20999df2af8eb42d56 -> 
  custom:audio-encoder-webm-vorbis: bf7c407c2cedff20999df2af8eb42d56 -> 
========================================================================
Received Prepare
Caller must complete domain reload
Begin MonoManager ReloadAssembly
- Loaded All Assemblies, in  0.421 seconds
Native extension for WindowsStandalone target not found
Native extension for iOS target not found
Native extension for Android target not found
Mono: successfully reloaded assembly
- Finished resetting the current domain, in  1.465 seconds
Domain Reload Profiling: 1884ms
	BeginReloadAssembly (143ms)
		ExecutionOrderSort (0ms)
		DisableScriptedObjects (9ms)
		BackupInstance (0ms)
		ReleaseScriptingObjects (0ms)
		CreateAndSetChildDomain (37ms)
	RebuildCommonClasses (27ms)
	RebuildNativeTypeToScriptingClass (9ms)
	initialDomainReloadingComplete (25ms)
	LoadAllAssembliesAndSetupDomain (214ms)
		LoadAssemblies (263ms)
		RebuildTransferFunctionScriptingTraits (0ms)
		AnalyzeDomain (20ms)
			TypeCache.Refresh (8ms)
				TypeCache.ScanAssembly (0ms)
			ScanForSourceGeneratedMonoScriptInfo (0ms)
			ResolveRequiredComponents (10ms)
	FinalizeReload (1465ms)
		ReleaseScriptCaches (0ms)
		RebuildScriptCaches (0ms)
		SetupLoadedEditorAssemblies (645ms)
			LogAssemblyErrors (0ms)
			InitializePlatformSupportModulesInManaged (36ms)
			SetLoadedEditorAssemblies (4ms)
			RefreshPlugins (0ms)
			BeforeProcessingInitializeOnLoad (78ms)
			ProcessInitializeOnLoadAttributes (449ms)
			ProcessInitializeOnLoadMethodAttributes (74ms)
			AfterProcessingInitializeOnLoad (5ms)
			EditorAssembliesLoaded (0ms)
		ExecutionOrderSort2 (0ms)
		AwakeInstancesAfterBackupRestoration (16ms)
Refreshing native plugins compatible for Editor in 6.45 ms, found 4 plugins.
Preloading 0 native plugins for Editor in 0.00 ms.
Unloading 5575 Unused Serialized files (Serialized files now loaded: 0)
Unloading 35 unused Assets / (0.9 MB). Loaded Objects now: 6192.
Memory consumption went from 198.6 MB to 197.7 MB.
Total: 5.762900 ms (FindLiveObjects: 0.636100 ms CreateObjectMapping: 0.488700 ms MarkObjects: 4.104300 ms  DeleteObjects: 0.532100 ms)

Prepare: number of updated asset objects reloaded= 0
AssetImportParameters requested are different than current active one (requested -> active):
  custom:container-demuxer-ogg: 62fdf1f143b41e24485cea50d1cbac27 -> 
  custom:video-decoder-ogg-theora: a1e56fd34408186e4bbccfd4996cb3dc -> 
  custom:framework-win-MediaFoundation: 216162199b28c13a410421893ffa2e32 -> 
  custom:CustomObjectIndexerAttribute: 72b91833f83ae208fae7752999fa3104 -> 
  custom:container-demuxer-webm: 4f35f7cbe854078d1ac9338744f61a02 -> 
  custom:container-muxer-webm: aa71ff27fc2769a1b78a27578f13a17b -> 
  custom:video-decoder-webm-vp8: 9c59270c3fd7afecdb556c50c9e8de78 -> 
  custom:SearchIndexIgnoredProperties: e643bd26f0fe6173181afceb89e7c659 -> 
  custom:AudioImporter_EditorPlatform: d09bf68614088b80899f8185d706f6e7 -> 
  custom:video-encoder-webm-vp8: eb34c28f22e8b96e1ab97ce403110664 -> 
  custom:audio-decoder-ogg-vorbis: bf7c407c2cedff20999df2af8eb42d56 -> 
  custom:audio-encoder-webm-vorbis: bf7c407c2cedff20999df2af8eb42d56 -> 
========================================================================
Received Prepare
Caller must complete domain reload
Begin MonoManager ReloadAssembly
- Loaded All Assemblies, in  0.503 seconds
Native extension for WindowsStandalone target not found
Native extension for iOS target not found
Native extension for Android target not found
Mono: successfully reloaded assembly
- Finished resetting the current domain, in  1.532 seconds
Domain Reload Profiling: 2032ms
	BeginReloadAssembly (149ms)
		ExecutionOrderSort (0ms)
		DisableScriptedObjects (9ms)
		BackupInstance (0ms)
		ReleaseScriptingObjects (0ms)
		CreateAndSetChildDomain (40ms)
	RebuildCommonClasses (31ms)
	RebuildNativeTypeToScriptingClass (11ms)
	initialDomainReloadingComplete (27ms)
	LoadAllAssembliesAndSetupDomain (282ms)
		LoadAssemblies (300ms)
		RebuildTransferFunctionScriptingTraits (0ms)
		AnalyzeDomain (52ms)
			TypeCache.Refresh (13ms)
				TypeCache.ScanAssembly (0ms)
			ScanForSourceGeneratedMonoScriptInfo (20ms)
			ResolveRequiredComponents (16ms)
	FinalizeReload (1533ms)
		ReleaseScriptCaches (0ms)
		RebuildScriptCaches (0ms)
		SetupLoadedEditorAssemblies (634ms)
			LogAssemblyErrors (0ms)
			InitializePlatformSupportModulesInManaged (38ms)
			SetLoadedEditorAssemblies (3ms)
			RefreshPlugins (0ms)
			BeforeProcessingInitializeOnLoad (76ms)
			ProcessInitializeOnLoadAttributes (448ms)
			ProcessInitializeOnLoadMethodAttributes (63ms)
			AfterProcessingInitializeOnLoad (5ms)
			EditorAssembliesLoaded (0ms)
		ExecutionOrderSort2 (0ms)
		AwakeInstancesAfterBackupRestoration (14ms)
Refreshing native plugins compatible for Editor in 6.72 ms, found 4 plugins.
Preloading 0 native plugins for Editor in 0.00 ms.
Unloading 5575 Unused Serialized files (Serialized files now loaded: 0)
Unloading 35 unused Assets / (0.9 MB). Loaded Objects now: 6197.
Memory consumption went from 198.5 MB to 197.7 MB.
Total: 4.329200 ms (FindLiveObjects: 0.429500 ms CreateObjectMapping: 0.242400 ms MarkObjects: 3.217000 ms  DeleteObjects: 0.438800 ms)

Prepare: number of updated asset objects reloaded= 0
AssetImportParameters requested are different than current active one (requested -> active):
  custom:container-demuxer-ogg: 62fdf1f143b41e24485cea50d1cbac27 -> 
  custom:video-decoder-ogg-theora: a1e56fd34408186e4bbccfd4996cb3dc -> 
  custom:framework-win-MediaFoundation: 216162199b28c13a410421893ffa2e32 -> 
  custom:CustomObjectIndexerAttribute: 72b91833f83ae208fae7752999fa3104 -> 
  custom:container-demuxer-webm: 4f35f7cbe854078d1ac9338744f61a02 -> 
  custom:container-muxer-webm: aa71ff27fc2769a1b78a27578f13a17b -> 
  custom:video-decoder-webm-vp8: 9c59270c3fd7afecdb556c50c9e8de78 -> 
  custom:SearchIndexIgnoredProperties: e643bd26f0fe6173181afceb89e7c659 -> 
  custom:AudioImporter_EditorPlatform: d09bf68614088b80899f8185d706f6e7 -> 
  custom:video-encoder-webm-vp8: eb34c28f22e8b96e1ab97ce403110664 -> 
  custom:audio-decoder-ogg-vorbis: bf7c407c2cedff20999df2af8eb42d56 -> 
  custom:audio-encoder-webm-vorbis: bf7c407c2cedff20999df2af8eb42d56 -> 
========================================================================
Received Prepare
Caller must complete domain reload
Begin MonoManager ReloadAssembly
- Loaded All Assemblies, in  0.443 seconds
Native extension for WindowsStandalone target not found
Native extension for iOS target not found
Native extension for Android target not found
Mono: successfully reloaded assembly
- Finished resetting the current domain, in  1.574 seconds
Domain Reload Profiling: 2016ms
	BeginReloadAssembly (157ms)
		ExecutionOrderSort (0ms)
		DisableScriptedObjects (11ms)
		BackupInstance (0ms)
		ReleaseScriptingObjects (0ms)
		CreateAndSetChildDomain (43ms)
	RebuildCommonClasses (32ms)
	RebuildNativeTypeToScriptingClass (9ms)
	initialDomainReloadingComplete (23ms)
	LoadAllAssembliesAndSetupDomain (219ms)
		LoadAssemblies (269ms)
		RebuildTransferFunctionScriptingTraits (0ms)
		AnalyzeDomain (24ms)
			TypeCache.Refresh (8ms)
				TypeCache.ScanAssembly (0ms)
			ScanForSourceGeneratedMonoScriptInfo (0ms)
			ResolveRequiredComponents (12ms)
	FinalizeReload (1575ms)
		ReleaseScriptCaches (0ms)
		RebuildScriptCaches (0ms)
		SetupLoadedEditorAssemblies (749ms)
			LogAssemblyErrors (0ms)
			InitializePlatformSupportModulesInManaged (35ms)
			SetLoadedEditorAssemblies (3ms)
			RefreshPlugins (0ms)
			BeforeProcessingInitializeOnLoad (84ms)
			ProcessInitializeOnLoadAttributes (532ms)
			ProcessInitializeOnLoadMethodAttributes (87ms)
			AfterProcessingInitializeOnLoad (7ms)
			EditorAssembliesLoaded (0ms)
		ExecutionOrderSort2 (0ms)
		AwakeInstancesAfterBackupRestoration (18ms)
Refreshing native plugins compatible for Editor in 6.78 ms, found 4 plugins.
Preloading 0 native plugins for Editor in 0.00 ms.
Unloading 5575 Unused Serialized files (Serialized files now loaded: 0)
Unloading 35 unused Assets / (0.9 MB). Loaded Objects now: 6202.
Memory consumption went from 198.6 MB to 197.7 MB.
Total: 6.273100 ms (FindLiveObjects: 0.764900 ms CreateObjectMapping: 0.666500 ms MarkObjects: 4.282000 ms  DeleteObjects: 0.558200 ms)

Prepare: number of updated asset objects reloaded= 0
AssetImportParameters requested are different than current active one (requested -> active):
  custom:container-demuxer-ogg: 62fdf1f143b41e24485cea50d1cbac27 -> 
  custom:video-decoder-ogg-theora: a1e56fd34408186e4bbccfd4996cb3dc -> 
  custom:framework-win-MediaFoundation: 216162199b28c13a410421893ffa2e32 -> 
  custom:CustomObjectIndexerAttribute: 72b91833f83ae208fae7752999fa3104 -> 
  custom:container-demuxer-webm: 4f35f7cbe854078d1ac9338744f61a02 -> 
  custom:container-muxer-webm: aa71ff27fc2769a1b78a27578f13a17b -> 
  custom:video-decoder-webm-vp8: 9c59270c3fd7afecdb556c50c9e8de78 -> 
  custom:SearchIndexIgnoredProperties: e643bd26f0fe6173181afceb89e7c659 -> 
  custom:AudioImporter_EditorPlatform: d09bf68614088b80899f8185d706f6e7 -> 
  custom:video-encoder-webm-vp8: eb34c28f22e8b96e1ab97ce403110664 -> 
  custom:audio-decoder-ogg-vorbis: bf7c407c2cedff20999df2af8eb42d56 -> 
  custom:audio-encoder-webm-vorbis: bf7c407c2cedff20999df2af8eb42d56 -> 
========================================================================
Received Prepare
Caller must complete domain reload
Begin MonoManager ReloadAssembly
- Loaded All Assemblies, in  0.478 seconds
Native extension for WindowsStandalone target not found
Native extension for iOS target not found
Native extension for Android target not found
Mono: successfully reloaded assembly
- Finished resetting the current domain, in  1.679 seconds
Domain Reload Profiling: 2155ms
	BeginReloadAssembly (148ms)
		ExecutionOrderSort (0ms)
		DisableScriptedObjects (10ms)
		BackupInstance (0ms)
		ReleaseScriptingObjects (0ms)
		CreateAndSetChildDomain (42ms)
	RebuildCommonClasses (30ms)
	RebuildNativeTypeToScriptingClass (10ms)
	initialDomainReloadingComplete (28ms)
	LoadAllAssembliesAndSetupDomain (259ms)
		LoadAssemblies (304ms)
		RebuildTransferFunctionScriptingTraits (0ms)
		AnalyzeDomain (23ms)
			TypeCache.Refresh (8ms)
				TypeCache.ScanAssembly (0ms)
			ScanForSourceGeneratedMonoScriptInfo (0ms)
			ResolveRequiredComponents (11ms)
	FinalizeReload (1679ms)
		ReleaseScriptCaches (0ms)
		RebuildScriptCaches (0ms)
		SetupLoadedEditorAssemblies (706ms)
			LogAssemblyErrors (0ms)
			InitializePlatformSupportModulesInManaged (35ms)
			SetLoadedEditorAssemblies (4ms)
			RefreshPlugins (0ms)
			BeforeProcessingInitializeOnLoad (74ms)
			ProcessInitializeOnLoadAttributes (526ms)
			ProcessInitializeOnLoadMethodAttributes (63ms)
			AfterProcessingInitializeOnLoad (4ms)
			EditorAssembliesLoaded (0ms)
		ExecutionOrderSort2 (0ms)
		AwakeInstancesAfterBackupRestoration (14ms)
Refreshing native plugins compatible for Editor in 6.49 ms, found 4 plugins.
Preloading 0 native plugins for Editor in 0.00 ms.
Unloading 5575 Unused Serialized files (Serialized files now loaded: 0)
Unloading 35 unused Assets / (0.9 MB). Loaded Objects now: 6207.
Memory consumption went from 198.6 MB to 197.7 MB.
Total: 6.206300 ms (FindLiveObjects: 0.528600 ms CreateObjectMapping: 0.662200 ms MarkObjects: 4.553000 ms  DeleteObjects: 0.460500 ms)

Prepare: number of updated asset objects reloaded= 0
AssetImportParameters requested are different than current active one (requested -> active):
  custom:container-demuxer-ogg: 62fdf1f143b41e24485cea50d1cbac27 -> 
  custom:video-decoder-ogg-theora: a1e56fd34408186e4bbccfd4996cb3dc -> 
  custom:framework-win-MediaFoundation: 216162199b28c13a410421893ffa2e32 -> 
  custom:CustomObjectIndexerAttribute: 72b91833f83ae208fae7752999fa3104 -> 
  custom:container-demuxer-webm: 4f35f7cbe854078d1ac9338744f61a02 -> 
  custom:container-muxer-webm: aa71ff27fc2769a1b78a27578f13a17b -> 
  custom:video-decoder-webm-vp8: 9c59270c3fd7afecdb556c50c9e8de78 -> 
  custom:SearchIndexIgnoredProperties: e643bd26f0fe6173181afceb89e7c659 -> 
  custom:AudioImporter_EditorPlatform: d09bf68614088b80899f8185d706f6e7 -> 
  custom:video-encoder-webm-vp8: eb34c28f22e8b96e1ab97ce403110664 -> 
  custom:audio-decoder-ogg-vorbis: bf7c407c2cedff20999df2af8eb42d56 -> 
  custom:audio-encoder-webm-vorbis: bf7c407c2cedff20999df2af8eb42d56 -> 
========================================================================
Received Prepare
Caller must complete domain reload
Begin MonoManager ReloadAssembly
- Loaded All Assemblies, in  0.507 seconds
Native extension for WindowsStandalone target not found
Native extension for iOS target not found
Native extension for Android target not found
Mono: successfully reloaded assembly
- Finished resetting the current domain, in  1.746 seconds
Domain Reload Profiling: 2250ms
	BeginReloadAssembly (153ms)
		ExecutionOrderSort (0ms)
		DisableScriptedObjects (10ms)
		BackupInstance (0ms)
		ReleaseScriptingObjects (0ms)
		CreateAndSetChildDomain (41ms)
	RebuildCommonClasses (31ms)
	RebuildNativeTypeToScriptingClass (9ms)
	initialDomainReloadingComplete (28ms)
	LoadAllAssembliesAndSetupDomain (283ms)
		LoadAssemblies (293ms)
		RebuildTransferFunctionScriptingTraits (0ms)
		AnalyzeDomain (61ms)
			TypeCache.Refresh (12ms)
				TypeCache.ScanAssembly (0ms)
			ScanForSourceGeneratedMonoScriptInfo (31ms)
			ResolveRequiredComponents (14ms)
	FinalizeReload (1746ms)
		ReleaseScriptCaches (0ms)
		RebuildScriptCaches (0ms)
		SetupLoadedEditorAssemblies (740ms)
			LogAssemblyErrors (0ms)
			InitializePlatformSupportModulesInManaged (34ms)
			SetLoadedEditorAssemblies (5ms)
			RefreshPlugins (0ms)
			BeforeProcessingInitializeOnLoad (77ms)
			ProcessInitializeOnLoadAttributes (522ms)
			ProcessInitializeOnLoadMethodAttributes (94ms)
			AfterProcessingInitializeOnLoad (7ms)
			EditorAssembliesLoaded (0ms)
		ExecutionOrderSort2 (0ms)
		AwakeInstancesAfterBackupRestoration (16ms)
Refreshing native plugins compatible for Editor in 5.80 ms, found 4 plugins.
Preloading 0 native plugins for Editor in 0.00 ms.
Unloading 5575 Unused Serialized files (Serialized files now loaded: 0)
Unloading 35 unused Assets / (0.9 MB). Loaded Objects now: 6212.
Memory consumption went from 198.6 MB to 197.7 MB.
Total: 4.614100 ms (FindLiveObjects: 0.478800 ms CreateObjectMapping: 0.266200 ms MarkObjects: 3.407800 ms  DeleteObjects: 0.451900 ms)

Prepare: number of updated asset objects reloaded= 0
AssetImportParameters requested are different than current active one (requested -> active):
  custom:container-demuxer-ogg: 62fdf1f143b41e24485cea50d1cbac27 -> 
  custom:video-decoder-ogg-theora: a1e56fd34408186e4bbccfd4996cb3dc -> 
  custom:framework-win-MediaFoundation: 216162199b28c13a410421893ffa2e32 -> 
  custom:CustomObjectIndexerAttribute: 72b91833f83ae208fae7752999fa3104 -> 
  custom:container-demuxer-webm: 4f35f7cbe854078d1ac9338744f61a02 -> 
  custom:container-muxer-webm: aa71ff27fc2769a1b78a27578f13a17b -> 
  custom:video-decoder-webm-vp8: 9c59270c3fd7afecdb556c50c9e8de78 -> 
  custom:SearchIndexIgnoredProperties: e643bd26f0fe6173181afceb89e7c659 -> 
  custom:AudioImporter_EditorPlatform: d09bf68614088b80899f8185d706f6e7 -> 
  custom:video-encoder-webm-vp8: eb34c28f22e8b96e1ab97ce403110664 -> 
  custom:audio-decoder-ogg-vorbis: bf7c407c2cedff20999df2af8eb42d56 -> 
  custom:audio-encoder-webm-vorbis: bf7c407c2cedff20999df2af8eb42d56 -> 
========================================================================
Received Prepare
Caller must complete domain reload
Begin MonoManager ReloadAssembly
- Loaded All Assemblies, in  0.481 seconds
Native extension for WindowsStandalone target not found
Native extension for iOS target not found
Native extension for Android target not found
Mono: successfully reloaded assembly
- Finished resetting the current domain, in  1.686 seconds
Domain Reload Profiling: 2164ms
	BeginReloadAssembly (173ms)
		ExecutionOrderSort (0ms)
		DisableScriptedObjects (9ms)
		BackupInstance (0ms)
		ReleaseScriptingObjects (0ms)
		CreateAndSetChildDomain (59ms)
	RebuildCommonClasses (32ms)
	RebuildNativeTypeToScriptingClass (13ms)
	initialDomainReloadingComplete (26ms)
	LoadAllAssembliesAndSetupDomain (232ms)
		LoadAssemblies (282ms)
		RebuildTransferFunctionScriptingTraits (0ms)
		AnalyzeDomain (25ms)
			TypeCache.Refresh (8ms)
				TypeCache.ScanAssembly (0ms)
			ScanForSourceGeneratedMonoScriptInfo (0ms)
			ResolveRequiredComponents (13ms)
	FinalizeReload (1686ms)
		ReleaseScriptCaches (0ms)
		RebuildScriptCaches (0ms)
		SetupLoadedEditorAssemblies (728ms)
			LogAssemblyErrors (0ms)
			InitializePlatformSupportModulesInManaged (39ms)
			SetLoadedEditorAssemblies (5ms)
			RefreshPlugins (0ms)
			BeforeProcessingInitializeOnLoad (87ms)
			ProcessInitializeOnLoadAttributes (511ms)
			ProcessInitializeOnLoadMethodAttributes (79ms)
			AfterProcessingInitializeOnLoad (7ms)
			EditorAssembliesLoaded (0ms)
		ExecutionOrderSort2 (0ms)
		AwakeInstancesAfterBackupRestoration (17ms)
Refreshing native plugins compatible for Editor in 6.02 ms, found 4 plugins.
Preloading 0 native plugins for Editor in 0.00 ms.
Unloading 5575 Unused Serialized files (Serialized files now loaded: 0)
Unloading 35 unused Assets / (0.9 MB). Loaded Objects now: 6217.
Memory consumption went from 198.6 MB to 197.7 MB.
Total: 6.122500 ms (FindLiveObjects: 0.772100 ms CreateObjectMapping: 0.782100 ms MarkObjects: 4.039700 ms  DeleteObjects: 0.526400 ms)

Prepare: number of updated asset objects reloaded= 0
AssetImportParameters requested are different than current active one (requested -> active):
  custom:container-demuxer-ogg: 62fdf1f143b41e24485cea50d1cbac27 -> 
  custom:video-decoder-ogg-theora: a1e56fd34408186e4bbccfd4996cb3dc -> 
  custom:framework-win-MediaFoundation: 216162199b28c13a410421893ffa2e32 -> 
  custom:CustomObjectIndexerAttribute: 72b91833f83ae208fae7752999fa3104 -> 
  custom:container-demuxer-webm: 4f35f7cbe854078d1ac9338744f61a02 -> 
  custom:container-muxer-webm: aa71ff27fc2769a1b78a27578f13a17b -> 
  custom:video-decoder-webm-vp8: 9c59270c3fd7afecdb556c50c9e8de78 -> 
  custom:SearchIndexIgnoredProperties: e643bd26f0fe6173181afceb89e7c659 -> 
  custom:AudioImporter_EditorPlatform: d09bf68614088b80899f8185d706f6e7 -> 
  custom:video-encoder-webm-vp8: eb34c28f22e8b96e1ab97ce403110664 -> 
  custom:audio-decoder-ogg-vorbis: bf7c407c2cedff20999df2af8eb42d56 -> 
  custom:audio-encoder-webm-vorbis: bf7c407c2cedff20999df2af8eb42d56 -> 
========================================================================
Received Prepare
Caller must complete domain reload
Begin MonoManager ReloadAssembly
- Loaded All Assemblies, in  0.457 seconds
Native extension for WindowsStandalone target not found
Native extension for iOS target not found
Native extension for Android target not found
Mono: successfully reloaded assembly
- Finished resetting the current domain, in  1.226 seconds
Domain Reload Profiling: 1680ms
	BeginReloadAssembly (143ms)
		ExecutionOrderSort (0ms)
		DisableScriptedObjects (8ms)
		BackupInstance (0ms)
		ReleaseScriptingObjects (0ms)
		CreateAndSetChildDomain (41ms)
	RebuildCommonClasses (31ms)
	RebuildNativeTypeToScriptingClass (9ms)
	initialDomainReloadingComplete (24ms)
	LoadAllAssembliesAndSetupDomain (247ms)
		LoadAssemblies (267ms)
		RebuildTransferFunctionScriptingTraits (0ms)
		AnalyzeDomain (47ms)
			TypeCache.Refresh (12ms)
				TypeCache.ScanAssembly (0ms)
			ScanForSourceGeneratedMonoScriptInfo (23ms)
			ResolveRequiredComponents (10ms)
	FinalizeReload (1226ms)
		ReleaseScriptCaches (0ms)
		RebuildScriptCaches (0ms)
		SetupLoadedEditorAssemblies (531ms)
			LogAssemblyErrors (0ms)
			InitializePlatformSupportModulesInManaged (27ms)
			SetLoadedEditorAssemblies (3ms)
			RefreshPlugins (0ms)
			BeforeProcessingInitializeOnLoad (66ms)
			ProcessInitializeOnLoadAttributes (370ms)
			ProcessInitializeOnLoadMethodAttributes (59ms)
			AfterProcessingInitializeOnLoad (6ms)
			EditorAssembliesLoaded (0ms)
		ExecutionOrderSort2 (0ms)
		AwakeInstancesAfterBackupRestoration (13ms)
Refreshing native plugins compatible for Editor in 3.95 ms, found 4 plugins.
Preloading 0 native plugins for Editor in 0.00 ms.
Unloading 5575 Unused Serialized files (Serialized files now loaded: 0)
Unloading 35 unused Assets / (0.9 MB). Loaded Objects now: 6222.
Memory consumption went from 198.5 MB to 197.7 MB.
Total: 4.581300 ms (FindLiveObjects: 0.412400 ms CreateObjectMapping: 0.238900 ms MarkObjects: 3.524500 ms  DeleteObjects: 0.404100 ms)

Prepare: number of updated asset objects reloaded= 0
AssetImportParameters requested are different than current active one (requested -> active):
  custom:container-demuxer-ogg: 62fdf1f143b41e24485cea50d1cbac27 -> 
  custom:video-decoder-ogg-theora: a1e56fd34408186e4bbccfd4996cb3dc -> 
  custom:framework-win-MediaFoundation: 216162199b28c13a410421893ffa2e32 -> 
  custom:CustomObjectIndexerAttribute: 72b91833f83ae208fae7752999fa3104 -> 
  custom:container-demuxer-webm: 4f35f7cbe854078d1ac9338744f61a02 -> 
  custom:container-muxer-webm: aa71ff27fc2769a1b78a27578f13a17b -> 
  custom:video-decoder-webm-vp8: 9c59270c3fd7afecdb556c50c9e8de78 -> 
  custom:SearchIndexIgnoredProperties: e643bd26f0fe6173181afceb89e7c659 -> 
  custom:AudioImporter_EditorPlatform: d09bf68614088b80899f8185d706f6e7 -> 
  custom:video-encoder-webm-vp8: eb34c28f22e8b96e1ab97ce403110664 -> 
  custom:audio-decoder-ogg-vorbis: bf7c407c2cedff20999df2af8eb42d56 -> 
  custom:audio-encoder-webm-vorbis: bf7c407c2cedff20999df2af8eb42d56 -> 
========================================================================
Received Prepare
Caller must complete domain reload
Begin MonoManager ReloadAssembly
- Loaded All Assemblies, in  0.418 seconds
Native extension for WindowsStandalone target not found
Native extension for iOS target not found
Native extension for Android target not found
Mono: successfully reloaded assembly
- Finished resetting the current domain, in  1.452 seconds
Domain Reload Profiling: 1868ms
	BeginReloadAssembly (147ms)
		ExecutionOrderSort (0ms)
		DisableScriptedObjects (10ms)
		BackupInstance (0ms)
		ReleaseScriptingObjects (0ms)
		CreateAndSetChildDomain (41ms)
	RebuildCommonClasses (29ms)
	RebuildNativeTypeToScriptingClass (9ms)
	initialDomainReloadingComplete (25ms)
	LoadAllAssembliesAndSetupDomain (205ms)
		LoadAssemblies (253ms)
		RebuildTransferFunctionScriptingTraits (0ms)
		AnalyzeDomain (20ms)
			TypeCache.Refresh (7ms)
				TypeCache.ScanAssembly (0ms)
			ScanForSourceGeneratedMonoScriptInfo (0ms)
			ResolveRequiredComponents (10ms)
	FinalizeReload (1453ms)
		ReleaseScriptCaches (0ms)
		RebuildScriptCaches (0ms)
		SetupLoadedEditorAssemblies (723ms)
			LogAssemblyErrors (0ms)
			InitializePlatformSupportModulesInManaged (38ms)
			SetLoadedEditorAssemblies (4ms)
			RefreshPlugins (0ms)
			BeforeProcessingInitializeOnLoad (83ms)
			ProcessInitializeOnLoadAttributes (516ms)
			ProcessInitializeOnLoadMethodAttributes (77ms)
			AfterProcessingInitializeOnLoad (5ms)
			EditorAssembliesLoaded (1ms)
		ExecutionOrderSort2 (0ms)
		AwakeInstancesAfterBackupRestoration (18ms)
Refreshing native plugins compatible for Editor in 8.79 ms, found 4 plugins.
Preloading 0 native plugins for Editor in 0.00 ms.
Unloading 5575 Unused Serialized files (Serialized files now loaded: 0)
Unloading 35 unused Assets / (0.9 MB). Loaded Objects now: 6227.
Memory consumption went from 198.6 MB to 197.7 MB.
Total: 5.334300 ms (FindLiveObjects: 0.559400 ms CreateObjectMapping: 0.515800 ms MarkObjects: 3.778900 ms  DeleteObjects: 0.478800 ms)

Prepare: number of updated asset objects reloaded= 0
AssetImportParameters requested are different than current active one (requested -> active):
  custom:container-demuxer-ogg: 62fdf1f143b41e24485cea50d1cbac27 -> 
  custom:video-decoder-ogg-theora: a1e56fd34408186e4bbccfd4996cb3dc -> 
  custom:framework-win-MediaFoundation: 216162199b28c13a410421893ffa2e32 -> 
  custom:CustomObjectIndexerAttribute: 72b91833f83ae208fae7752999fa3104 -> 
  custom:container-demuxer-webm: 4f35f7cbe854078d1ac9338744f61a02 -> 
  custom:container-muxer-webm: aa71ff27fc2769a1b78a27578f13a17b -> 
  custom:video-decoder-webm-vp8: 9c59270c3fd7afecdb556c50c9e8de78 -> 
  custom:SearchIndexIgnoredProperties: e643bd26f0fe6173181afceb89e7c659 -> 
  custom:AudioImporter_EditorPlatform: d09bf68614088b80899f8185d706f6e7 -> 
  custom:video-encoder-webm-vp8: eb34c28f22e8b96e1ab97ce403110664 -> 
  custom:audio-decoder-ogg-vorbis: bf7c407c2cedff20999df2af8eb42d56 -> 
  custom:audio-encoder-webm-vorbis: bf7c407c2cedff20999df2af8eb42d56 -> 
========================================================================
Received Prepare
Caller must complete domain reload
Begin MonoManager ReloadAssembly
- Loaded All Assemblies, in  0.453 seconds
Native extension for WindowsStandalone target not found
Native extension for iOS target not found
Native extension for Android target not found
Mono: successfully reloaded assembly
- Finished resetting the current domain, in  1.214 seconds
Domain Reload Profiling: 1665ms
	BeginReloadAssembly (140ms)
		ExecutionOrderSort (0ms)
		DisableScriptedObjects (8ms)
		BackupInstance (0ms)
		ReleaseScriptingObjects (0ms)
		CreateAndSetChildDomain (38ms)
	RebuildCommonClasses (29ms)
	RebuildNativeTypeToScriptingClass (9ms)
	initialDomainReloadingComplete (25ms)
	LoadAllAssembliesAndSetupDomain (248ms)
		LoadAssemblies (270ms)
		RebuildTransferFunctionScriptingTraits (0ms)
		AnalyzeDomain (43ms)
			TypeCache.Refresh (11ms)
				TypeCache.ScanAssembly (0ms)
			ScanForSourceGeneratedMonoScriptInfo (20ms)
			ResolveRequiredComponents (9ms)
	FinalizeReload (1214ms)
		ReleaseScriptCaches (0ms)
		RebuildScriptCaches (0ms)
		SetupLoadedEditorAssemblies (496ms)
			LogAssemblyErrors (0ms)
			InitializePlatformSupportModulesInManaged (28ms)
			SetLoadedEditorAssemblies (3ms)
			RefreshPlugins (0ms)
			BeforeProcessingInitializeOnLoad (64ms)
			ProcessInitializeOnLoadAttributes (346ms)
			ProcessInitializeOnLoadMethodAttributes (51ms)
			AfterProcessingInitializeOnLoad (4ms)
			EditorAssembliesLoaded (0ms)
		ExecutionOrderSort2 (0ms)
		AwakeInstancesAfterBackupRestoration (13ms)
Refreshing native plugins compatible for Editor in 4.14 ms, found 4 plugins.
Preloading 0 native plugins for Editor in 0.00 ms.
Unloading 5575 Unused Serialized files (Serialized files now loaded: 0)
Unloading 35 unused Assets / (0.9 MB). Loaded Objects now: 6232.
Memory consumption went from 198.6 MB to 197.7 MB.
Total: 4.278800 ms (FindLiveObjects: 0.410400 ms CreateObjectMapping: 0.258300 ms MarkObjects: 2.887500 ms  DeleteObjects: 0.720400 ms)

Prepare: number of updated asset objects reloaded= 0
AssetImportParameters requested are different than current active one (requested -> active):
  custom:container-demuxer-ogg: 62fdf1f143b41e24485cea50d1cbac27 -> 
  custom:video-decoder-ogg-theora: a1e56fd34408186e4bbccfd4996cb3dc -> 
  custom:framework-win-MediaFoundation: 216162199b28c13a410421893ffa2e32 -> 
  custom:CustomObjectIndexerAttribute: 72b91833f83ae208fae7752999fa3104 -> 
  custom:container-demuxer-webm: 4f35f7cbe854078d1ac9338744f61a02 -> 
  custom:container-muxer-webm: aa71ff27fc2769a1b78a27578f13a17b -> 
  custom:video-decoder-webm-vp8: 9c59270c3fd7afecdb556c50c9e8de78 -> 
  custom:SearchIndexIgnoredProperties: e643bd26f0fe6173181afceb89e7c659 -> 
  custom:AudioImporter_EditorPlatform: d09bf68614088b80899f8185d706f6e7 -> 
  custom:video-encoder-webm-vp8: eb34c28f22e8b96e1ab97ce403110664 -> 
  custom:audio-decoder-ogg-vorbis: bf7c407c2cedff20999df2af8eb42d56 -> 
  custom:audio-encoder-webm-vorbis: bf7c407c2cedff20999df2af8eb42d56 -> 
========================================================================
Received Prepare
Caller must complete domain reload
Begin MonoManager ReloadAssembly
- Loaded All Assemblies, in  0.425 seconds
Native extension for WindowsStandalone target not found
Native extension for iOS target not found
Native extension for Android target not found
Mono: successfully reloaded assembly
- Finished resetting the current domain, in  1.511 seconds
Domain Reload Profiling: 1934ms
	BeginReloadAssembly (144ms)
		ExecutionOrderSort (0ms)
		DisableScriptedObjects (9ms)
		BackupInstance (0ms)
		ReleaseScriptingObjects (0ms)
		CreateAndSetChildDomain (38ms)
	RebuildCommonClasses (28ms)
	RebuildNativeTypeToScriptingClass (10ms)
	initialDomainReloadingComplete (24ms)
	LoadAllAssembliesAndSetupDomain (216ms)
		LoadAssemblies (263ms)
		RebuildTransferFunctionScriptingTraits (0ms)
		AnalyzeDomain (20ms)
			TypeCache.Refresh (7ms)
				TypeCache.ScanAssembly (0ms)
			ScanForSourceGeneratedMonoScriptInfo (0ms)
			ResolveRequiredComponents (11ms)
	FinalizeReload (1512ms)
		ReleaseScriptCaches (0ms)
		RebuildScriptCaches (0ms)
		SetupLoadedEditorAssemblies (760ms)
			LogAssemblyErrors (0ms)
			InitializePlatformSupportModulesInManaged (36ms)
			SetLoadedEditorAssemblies (4ms)
			RefreshPlugins (0ms)
			BeforeProcessingInitializeOnLoad (80ms)
			ProcessInitializeOnLoadAttributes (548ms)
			ProcessInitializeOnLoadMethodAttributes (85ms)
			AfterProcessingInitializeOnLoad (7ms)
			EditorAssembliesLoaded (0ms)
		ExecutionOrderSort2 (0ms)
		AwakeInstancesAfterBackupRestoration (20ms)
Refreshing native plugins compatible for Editor in 6.62 ms, found 4 plugins.
Preloading 0 native plugins for Editor in 0.00 ms.
Unloading 5575 Unused Serialized files (Serialized files now loaded: 0)
Unloading 35 unused Assets / (0.9 MB). Loaded Objects now: 6237.
Memory consumption went from 198.6 MB to 197.7 MB.
Total: 5.926400 ms (FindLiveObjects: 0.544700 ms CreateObjectMapping: 0.510400 ms MarkObjects: 4.389200 ms  DeleteObjects: 0.480500 ms)

Prepare: number of updated asset objects reloaded= 0
AssetImportParameters requested are different than current active one (requested -> active):
  custom:container-demuxer-ogg: 62fdf1f143b41e24485cea50d1cbac27 -> 
  custom:video-decoder-ogg-theora: a1e56fd34408186e4bbccfd4996cb3dc -> 
  custom:framework-win-MediaFoundation: 216162199b28c13a410421893ffa2e32 -> 
  custom:CustomObjectIndexerAttribute: 72b91833f83ae208fae7752999fa3104 -> 
  custom:container-demuxer-webm: 4f35f7cbe854078d1ac9338744f61a02 -> 
  custom:container-muxer-webm: aa71ff27fc2769a1b78a27578f13a17b -> 
  custom:video-decoder-webm-vp8: 9c59270c3fd7afecdb556c50c9e8de78 -> 
  custom:SearchIndexIgnoredProperties: e643bd26f0fe6173181afceb89e7c659 -> 
  custom:AudioImporter_EditorPlatform: d09bf68614088b80899f8185d706f6e7 -> 
  custom:video-encoder-webm-vp8: eb34c28f22e8b96e1ab97ce403110664 -> 
  custom:audio-decoder-ogg-vorbis: bf7c407c2cedff20999df2af8eb42d56 -> 
  custom:audio-encoder-webm-vorbis: bf7c407c2cedff20999df2af8eb42d56 -> 
========================================================================
Received Prepare
Caller must complete domain reload
Begin MonoManager ReloadAssembly
- Loaded All Assemblies, in  0.454 seconds
Native extension for WindowsStandalone target not found
Native extension for iOS target not found
Native extension for Android target not found
Mono: successfully reloaded assembly
- Finished resetting the current domain, in  1.243 seconds
Domain Reload Profiling: 1696ms
	BeginReloadAssembly (143ms)
		ExecutionOrderSort (0ms)
		DisableScriptedObjects (8ms)
		BackupInstance (0ms)
		ReleaseScriptingObjects (0ms)
		CreateAndSetChildDomain (39ms)
	RebuildCommonClasses (27ms)
	RebuildNativeTypeToScriptingClass (9ms)
	initialDomainReloadingComplete (24ms)
	LoadAllAssembliesAndSetupDomain (248ms)
		LoadAssemblies (271ms)
		RebuildTransferFunctionScriptingTraits (0ms)
		AnalyzeDomain (43ms)
			TypeCache.Refresh (11ms)
				TypeCache.ScanAssembly (0ms)
			ScanForSourceGeneratedMonoScriptInfo (20ms)
			ResolveRequiredComponents (9ms)
	FinalizeReload (1244ms)
		ReleaseScriptCaches (0ms)
		RebuildScriptCaches (0ms)
		SetupLoadedEditorAssemblies (508ms)
			LogAssemblyErrors (0ms)
			InitializePlatformSupportModulesInManaged (29ms)
			SetLoadedEditorAssemblies (3ms)
			RefreshPlugins (0ms)
			BeforeProcessingInitializeOnLoad (65ms)
			ProcessInitializeOnLoadAttributes (353ms)
			ProcessInitializeOnLoadMethodAttributes (53ms)
			AfterProcessingInitializeOnLoad (5ms)
			EditorAssembliesLoaded (0ms)
		ExecutionOrderSort2 (0ms)
		AwakeInstancesAfterBackupRestoration (14ms)
Refreshing native plugins compatible for Editor in 3.60 ms, found 4 plugins.
Preloading 0 native plugins for Editor in 0.00 ms.
Unloading 5575 Unused Serialized files (Serialized files now loaded: 0)
Unloading 35 unused Assets / (0.9 MB). Loaded Objects now: 6242.
Memory consumption went from 198.6 MB to 197.8 MB.
Total: 4.324400 ms (FindLiveObjects: 0.447400 ms CreateObjectMapping: 0.232700 ms MarkObjects: 2.982900 ms  DeleteObjects: 0.660200 ms)

Prepare: number of updated asset objects reloaded= 0
AssetImportParameters requested are different than current active one (requested -> active):
  custom:container-demuxer-ogg: 62fdf1f143b41e24485cea50d1cbac27 -> 
  custom:video-decoder-ogg-theora: a1e56fd34408186e4bbccfd4996cb3dc -> 
  custom:framework-win-MediaFoundation: 216162199b28c13a410421893ffa2e32 -> 
  custom:CustomObjectIndexerAttribute: 72b91833f83ae208fae7752999fa3104 -> 
  custom:container-demuxer-webm: 4f35f7cbe854078d1ac9338744f61a02 -> 
  custom:container-muxer-webm: aa71ff27fc2769a1b78a27578f13a17b -> 
  custom:video-decoder-webm-vp8: 9c59270c3fd7afecdb556c50c9e8de78 -> 
  custom:SearchIndexIgnoredProperties: e643bd26f0fe6173181afceb89e7c659 -> 
  custom:AudioImporter_EditorPlatform: d09bf68614088b80899f8185d706f6e7 -> 
  custom:video-encoder-webm-vp8: eb34c28f22e8b96e1ab97ce403110664 -> 
  custom:audio-decoder-ogg-vorbis: bf7c407c2cedff20999df2af8eb42d56 -> 
  custom:audio-encoder-webm-vorbis: bf7c407c2cedff20999df2af8eb42d56 -> 
========================================================================
Received Prepare
Caller must complete domain reload
Begin MonoManager ReloadAssembly
- Loaded All Assemblies, in  0.413 seconds
Native extension for WindowsStandalone target not found
Native extension for iOS target not found
Native extension for Android target not found
Mono: successfully reloaded assembly
- Finished resetting the current domain, in  1.484 seconds
Domain Reload Profiling: 1894ms
	BeginReloadAssembly (138ms)
		ExecutionOrderSort (0ms)
		DisableScriptedObjects (9ms)
		BackupInstance (0ms)
		ReleaseScriptingObjects (0ms)
		CreateAndSetChildDomain (37ms)
	RebuildCommonClasses (27ms)
	RebuildNativeTypeToScriptingClass (10ms)
	initialDomainReloadingComplete (25ms)
	LoadAllAssembliesAndSetupDomain (211ms)
		LoadAssemblies (255ms)
		RebuildTransferFunctionScriptingTraits (0ms)
		AnalyzeDomain (21ms)
			TypeCache.Refresh (7ms)
				TypeCache.ScanAssembly (0ms)
			ScanForSourceGeneratedMonoScriptInfo (0ms)
			ResolveRequiredComponents (10ms)
	FinalizeReload (1484ms)
		ReleaseScriptCaches (0ms)
		RebuildScriptCaches (0ms)
		SetupLoadedEditorAssemblies (703ms)
			LogAssemblyErrors (0ms)
			InitializePlatformSupportModulesInManaged (38ms)
			SetLoadedEditorAssemblies (4ms)
			RefreshPlugins (0ms)
			BeforeProcessingInitializeOnLoad (85ms)
			ProcessInitializeOnLoadAttributes (496ms)
			ProcessInitializeOnLoadMethodAttributes (73ms)
			AfterProcessingInitializeOnLoad (7ms)
			EditorAssembliesLoaded (0ms)
		ExecutionOrderSort2 (0ms)
		AwakeInstancesAfterBackupRestoration (16ms)
Refreshing native plugins compatible for Editor in 5.93 ms, found 4 plugins.
Preloading 0 native plugins for Editor in 0.00 ms.
Unloading 5575 Unused Serialized files (Serialized files now loaded: 0)
Unloading 35 unused Assets / (0.9 MB). Loaded Objects now: 6247.
Memory consumption went from 198.6 MB to 197.7 MB.
Total: 6.286000 ms (FindLiveObjects: 0.570200 ms CreateObjectMapping: 0.370000 ms MarkObjects: 4.578200 ms  DeleteObjects: 0.765700 ms)

Prepare: number of updated asset objects reloaded= 0
AssetImportParameters requested are different than current active one (requested -> active):
  custom:container-demuxer-ogg: 62fdf1f143b41e24485cea50d1cbac27 -> 
  custom:video-decoder-ogg-theora: a1e56fd34408186e4bbccfd4996cb3dc -> 
  custom:framework-win-MediaFoundation: 216162199b28c13a410421893ffa2e32 -> 
  custom:CustomObjectIndexerAttribute: 72b91833f83ae208fae7752999fa3104 -> 
  custom:container-demuxer-webm: 4f35f7cbe854078d1ac9338744f61a02 -> 
  custom:container-muxer-webm: aa71ff27fc2769a1b78a27578f13a17b -> 
  custom:video-decoder-webm-vp8: 9c59270c3fd7afecdb556c50c9e8de78 -> 
  custom:SearchIndexIgnoredProperties: e643bd26f0fe6173181afceb89e7c659 -> 
  custom:AudioImporter_EditorPlatform: d09bf68614088b80899f8185d706f6e7 -> 
  custom:video-encoder-webm-vp8: eb34c28f22e8b96e1ab97ce403110664 -> 
  custom:audio-decoder-ogg-vorbis: bf7c407c2cedff20999df2af8eb42d56 -> 
  custom:audio-encoder-webm-vorbis: bf7c407c2cedff20999df2af8eb42d56 -> 
========================================================================
Received Prepare
Caller must complete domain reload
Begin MonoManager ReloadAssembly
- Loaded All Assemblies, in  0.501 seconds
Native extension for WindowsStandalone target not found
Native extension for iOS target not found
Native extension for Android target not found
Mono: successfully reloaded assembly
- Finished resetting the current domain, in  1.261 seconds
Domain Reload Profiling: 1758ms
	BeginReloadAssembly (155ms)
		ExecutionOrderSort (0ms)
		DisableScriptedObjects (9ms)
		BackupInstance (0ms)
		ReleaseScriptingObjects (0ms)
		CreateAndSetChildDomain (38ms)
	RebuildCommonClasses (64ms)
	RebuildNativeTypeToScriptingClass (10ms)
	initialDomainReloadingComplete (33ms)
	LoadAllAssembliesAndSetupDomain (234ms)
		LoadAssemblies (269ms)
		RebuildTransferFunctionScriptingTraits (0ms)
		AnalyzeDomain (44ms)
			TypeCache.Refresh (11ms)
				TypeCache.ScanAssembly (0ms)
			ScanForSourceGeneratedMonoScriptInfo (21ms)
			ResolveRequiredComponents (9ms)
	FinalizeReload (1261ms)
		ReleaseScriptCaches (0ms)
		RebuildScriptCaches (0ms)
		SetupLoadedEditorAssemblies (557ms)
			LogAssemblyErrors (0ms)
			InitializePlatformSupportModulesInManaged (27ms)
			SetLoadedEditorAssemblies (3ms)
			RefreshPlugins (0ms)
			BeforeProcessingInitializeOnLoad (69ms)
			ProcessInitializeOnLoadAttributes (398ms)
			ProcessInitializeOnLoadMethodAttributes (55ms)
			AfterProcessingInitializeOnLoad (5ms)
			EditorAssembliesLoaded (0ms)
		ExecutionOrderSort2 (0ms)
		AwakeInstancesAfterBackupRestoration (14ms)
Refreshing native plugins compatible for Editor in 3.44 ms, found 4 plugins.
Preloading 0 native plugins for Editor in 0.00 ms.
Unloading 5575 Unused Serialized files (Serialized files now loaded: 0)
Unloading 35 unused Assets / (0.9 MB). Loaded Objects now: 6252.
Memory consumption went from 198.6 MB to 197.8 MB.
Total: 4.336300 ms (FindLiveObjects: 0.428700 ms CreateObjectMapping: 0.219600 ms MarkObjects: 3.297200 ms  DeleteObjects: 0.389600 ms)

Prepare: number of updated asset objects reloaded= 0
AssetImportParameters requested are different than current active one (requested -> active):
  custom:container-demuxer-ogg: 62fdf1f143b41e24485cea50d1cbac27 -> 
  custom:video-decoder-ogg-theora: a1e56fd34408186e4bbccfd4996cb3dc -> 
  custom:framework-win-MediaFoundation: 216162199b28c13a410421893ffa2e32 -> 
  custom:CustomObjectIndexerAttribute: 72b91833f83ae208fae7752999fa3104 -> 
  custom:container-demuxer-webm: 4f35f7cbe854078d1ac9338744f61a02 -> 
  custom:container-muxer-webm: aa71ff27fc2769a1b78a27578f13a17b -> 
  custom:video-decoder-webm-vp8: 9c59270c3fd7afecdb556c50c9e8de78 -> 
  custom:SearchIndexIgnoredProperties: e643bd26f0fe6173181afceb89e7c659 -> 
  custom:AudioImporter_EditorPlatform: d09bf68614088b80899f8185d706f6e7 -> 
  custom:video-encoder-webm-vp8: eb34c28f22e8b96e1ab97ce403110664 -> 
  custom:audio-decoder-ogg-vorbis: bf7c407c2cedff20999df2af8eb42d56 -> 
  custom:audio-encoder-webm-vorbis: bf7c407c2cedff20999df2af8eb42d56 -> 
========================================================================
Received Prepare
Caller must complete domain reload
Begin MonoManager ReloadAssembly
- Loaded All Assemblies, in  0.545 seconds
Native extension for WindowsStandalone target not found
Native extension for iOS target not found
Native extension for Android target not found
Mono: successfully reloaded assembly
- Finished resetting the current domain, in  1.624 seconds
Domain Reload Profiling: 2165ms
	BeginReloadAssembly (188ms)
		ExecutionOrderSort (0ms)
		DisableScriptedObjects (9ms)
		BackupInstance (0ms)
		ReleaseScriptingObjects (0ms)
		CreateAndSetChildDomain (41ms)
	RebuildCommonClasses (35ms)
	RebuildNativeTypeToScriptingClass (11ms)
	initialDomainReloadingComplete (40ms)
	LoadAllAssembliesAndSetupDomain (266ms)
		LoadAssemblies (343ms)
		RebuildTransferFunctionScriptingTraits (0ms)
		AnalyzeDomain (21ms)
			TypeCache.Refresh (7ms)
				TypeCache.ScanAssembly (0ms)
			ScanForSourceGeneratedMonoScriptInfo (0ms)
			ResolveRequiredComponents (11ms)
	FinalizeReload (1624ms)
		ReleaseScriptCaches (0ms)
		RebuildScriptCaches (0ms)
		SetupLoadedEditorAssemblies (828ms)
			LogAssemblyErrors (0ms)
			InitializePlatformSupportModulesInManaged (37ms)
			SetLoadedEditorAssemblies (4ms)
			RefreshPlugins (0ms)
			BeforeProcessingInitializeOnLoad (97ms)
			ProcessInitializeOnLoadAttributes (604ms)
			ProcessInitializeOnLoadMethodAttributes (80ms)
			AfterProcessingInitializeOnLoad (6ms)
			EditorAssembliesLoaded (0ms)
		ExecutionOrderSort2 (0ms)
		AwakeInstancesAfterBackupRestoration (20ms)
Refreshing native plugins compatible for Editor in 4.88 ms, found 4 plugins.
Preloading 0 native plugins for Editor in 0.00 ms.
Unloading 5575 Unused Serialized files (Serialized files now loaded: 0)
Unloading 35 unused Assets / (0.9 MB). Loaded Objects now: 6257.
Memory consumption went from 198.6 MB to 197.8 MB.
Total: 4.896000 ms (FindLiveObjects: 0.467300 ms CreateObjectMapping: 0.442100 ms MarkObjects: 3.554700 ms  DeleteObjects: 0.430200 ms)

Prepare: number of updated asset objects reloaded= 0
AssetImportParameters requested are different than current active one (requested -> active):
  custom:container-demuxer-ogg: 62fdf1f143b41e24485cea50d1cbac27 -> 
  custom:video-decoder-ogg-theora: a1e56fd34408186e4bbccfd4996cb3dc -> 
  custom:framework-win-MediaFoundation: 216162199b28c13a410421893ffa2e32 -> 
  custom:CustomObjectIndexerAttribute: 72b91833f83ae208fae7752999fa3104 -> 
  custom:container-demuxer-webm: 4f35f7cbe854078d1ac9338744f61a02 -> 
  custom:container-muxer-webm: aa71ff27fc2769a1b78a27578f13a17b -> 
  custom:video-decoder-webm-vp8: 9c59270c3fd7afecdb556c50c9e8de78 -> 
  custom:SearchIndexIgnoredProperties: e643bd26f0fe6173181afceb89e7c659 -> 
  custom:AudioImporter_EditorPlatform: d09bf68614088b80899f8185d706f6e7 -> 
  custom:video-encoder-webm-vp8: eb34c28f22e8b96e1ab97ce403110664 -> 
  custom:audio-decoder-ogg-vorbis: bf7c407c2cedff20999df2af8eb42d56 -> 
  custom:audio-encoder-webm-vorbis: bf7c407c2cedff20999df2af8eb42d56 -> 
========================================================================
Received Prepare
Caller must complete domain reload
Begin MonoManager ReloadAssembly
- Loaded All Assemblies, in  0.456 seconds
Native extension for WindowsStandalone target not found
Native extension for iOS target not found
Native extension for Android target not found
Mono: successfully reloaded assembly
- Finished resetting the current domain, in  1.227 seconds
Domain Reload Profiling: 1680ms
	BeginReloadAssembly (143ms)
		ExecutionOrderSort (0ms)
		DisableScriptedObjects (10ms)
		BackupInstance (0ms)
		ReleaseScriptingObjects (0ms)
		CreateAndSetChildDomain (37ms)
	RebuildCommonClasses (34ms)
	RebuildNativeTypeToScriptingClass (10ms)
	initialDomainReloadingComplete (34ms)
	LoadAllAssembliesAndSetupDomain (230ms)
		LoadAssemblies (257ms)
		RebuildTransferFunctionScriptingTraits (0ms)
		AnalyzeDomain (42ms)
			TypeCache.Refresh (10ms)
				TypeCache.ScanAssembly (0ms)
			ScanForSourceGeneratedMonoScriptInfo (21ms)
			ResolveRequiredComponents (9ms)
	FinalizeReload (1228ms)
		ReleaseScriptCaches (0ms)
		RebuildScriptCaches (0ms)
		SetupLoadedEditorAssemblies (534ms)
			LogAssemblyErrors (0ms)
			InitializePlatformSupportModulesInManaged (28ms)
			SetLoadedEditorAssemblies (3ms)
			RefreshPlugins (0ms)
			BeforeProcessingInitializeOnLoad (73ms)
			ProcessInitializeOnLoadAttributes (371ms)
			ProcessInitializeOnLoadMethodAttributes (54ms)
			AfterProcessingInitializeOnLoad (4ms)
			EditorAssembliesLoaded (0ms)
		ExecutionOrderSort2 (0ms)
		AwakeInstancesAfterBackupRestoration (15ms)
Refreshing native plugins compatible for Editor in 3.30 ms, found 4 plugins.
Preloading 0 native plugins for Editor in 0.00 ms.
Unloading 5575 Unused Serialized files (Serialized files now loaded: 0)
Unloading 35 unused Assets / (0.9 MB). Loaded Objects now: 6262.
Memory consumption went from 198.6 MB to 197.8 MB.
Total: 4.269500 ms (FindLiveObjects: 0.460600 ms CreateObjectMapping: 0.223100 ms MarkObjects: 3.228000 ms  DeleteObjects: 0.356700 ms)

Prepare: number of updated asset objects reloaded= 0
AssetImportParameters requested are different than current active one (requested -> active):
  custom:container-demuxer-ogg: 62fdf1f143b41e24485cea50d1cbac27 -> 
  custom:video-decoder-ogg-theora: a1e56fd34408186e4bbccfd4996cb3dc -> 
  custom:framework-win-MediaFoundation: 216162199b28c13a410421893ffa2e32 -> 
  custom:CustomObjectIndexerAttribute: 72b91833f83ae208fae7752999fa3104 -> 
  custom:container-demuxer-webm: 4f35f7cbe854078d1ac9338744f61a02 -> 
  custom:container-muxer-webm: aa71ff27fc2769a1b78a27578f13a17b -> 
  custom:video-decoder-webm-vp8: 9c59270c3fd7afecdb556c50c9e8de78 -> 
  custom:SearchIndexIgnoredProperties: e643bd26f0fe6173181afceb89e7c659 -> 
  custom:AudioImporter_EditorPlatform: d09bf68614088b80899f8185d706f6e7 -> 
  custom:video-encoder-webm-vp8: eb34c28f22e8b96e1ab97ce403110664 -> 
  custom:audio-decoder-ogg-vorbis: bf7c407c2cedff20999df2af8eb42d56 -> 
  custom:audio-encoder-webm-vorbis: bf7c407c2cedff20999df2af8eb42d56 -> 
========================================================================
Received Prepare
Caller must complete domain reload
Begin MonoManager ReloadAssembly
- Loaded All Assemblies, in  0.487 seconds
Native extension for WindowsStandalone target not found
Native extension for iOS target not found
Native extension for Android target not found
Mono: successfully reloaded assembly
- Finished resetting the current domain, in  1.289 seconds
Domain Reload Profiling: 1771ms
	BeginReloadAssembly (142ms)
		ExecutionOrderSort (0ms)
		DisableScriptedObjects (9ms)
		BackupInstance (0ms)
		ReleaseScriptingObjects (0ms)
		CreateAndSetChildDomain (37ms)
	RebuildCommonClasses (28ms)
	RebuildNativeTypeToScriptingClass (9ms)
	initialDomainReloadingComplete (28ms)
	LoadAllAssembliesAndSetupDomain (273ms)
		LoadAssemblies (299ms)
		RebuildTransferFunctionScriptingTraits (0ms)
		AnalyzeDomain (42ms)
			TypeCache.Refresh (10ms)
				TypeCache.ScanAssembly (0ms)
			ScanForSourceGeneratedMonoScriptInfo (21ms)
			ResolveRequiredComponents (9ms)
	FinalizeReload (1290ms)
		ReleaseScriptCaches (0ms)
		RebuildScriptCaches (0ms)
		SetupLoadedEditorAssemblies (594ms)
			LogAssemblyErrors (0ms)
			InitializePlatformSupportModulesInManaged (30ms)
			SetLoadedEditorAssemblies (3ms)
			RefreshPlugins (0ms)
			BeforeProcessingInitializeOnLoad (66ms)
			ProcessInitializeOnLoadAttributes (432ms)
			ProcessInitializeOnLoadMethodAttributes (57ms)
			AfterProcessingInitializeOnLoad (6ms)
			EditorAssembliesLoaded (0ms)
		ExecutionOrderSort2 (0ms)
		AwakeInstancesAfterBackupRestoration (14ms)
Refreshing native plugins compatible for Editor in 5.30 ms, found 4 plugins.
Preloading 0 native plugins for Editor in 0.00 ms.
Unloading 5575 Unused Serialized files (Serialized files now loaded: 0)
Unloading 35 unused Assets / (0.9 MB). Loaded Objects now: 6267.
Memory consumption went from 198.7 MB to 197.8 MB.
Total: 5.095500 ms (FindLiveObjects: 0.444700 ms CreateObjectMapping: 0.233000 ms MarkObjects: 3.717200 ms  DeleteObjects: 0.698700 ms)

Prepare: number of updated asset objects reloaded= 0
AssetImportParameters requested are different than current active one (requested -> active):
  custom:container-demuxer-ogg: 62fdf1f143b41e24485cea50d1cbac27 -> 
  custom:video-decoder-ogg-theora: a1e56fd34408186e4bbccfd4996cb3dc -> 
  custom:framework-win-MediaFoundation: 216162199b28c13a410421893ffa2e32 -> 
  custom:CustomObjectIndexerAttribute: 72b91833f83ae208fae7752999fa3104 -> 
  custom:container-demuxer-webm: 4f35f7cbe854078d1ac9338744f61a02 -> 
  custom:container-muxer-webm: aa71ff27fc2769a1b78a27578f13a17b -> 
  custom:video-decoder-webm-vp8: 9c59270c3fd7afecdb556c50c9e8de78 -> 
  custom:SearchIndexIgnoredProperties: e643bd26f0fe6173181afceb89e7c659 -> 
  custom:AudioImporter_EditorPlatform: d09bf68614088b80899f8185d706f6e7 -> 
  custom:video-encoder-webm-vp8: eb34c28f22e8b96e1ab97ce403110664 -> 
  custom:audio-decoder-ogg-vorbis: bf7c407c2cedff20999df2af8eb42d56 -> 
  custom:audio-encoder-webm-vorbis: bf7c407c2cedff20999df2af8eb42d56 -> 
========================================================================
Received Prepare
Caller must complete domain reload
Begin MonoManager ReloadAssembly
- Loaded All Assemblies, in  0.435 seconds
Native extension for WindowsStandalone target not found
Native extension for iOS target not found
Native extension for Android target not found
Mono: successfully reloaded assembly
- Finished resetting the current domain, in  1.718 seconds
Domain Reload Profiling: 2151ms
	BeginReloadAssembly (145ms)
		ExecutionOrderSort (0ms)
		DisableScriptedObjects (9ms)
		BackupInstance (0ms)
		ReleaseScriptingObjects (0ms)
		CreateAndSetChildDomain (33ms)
	RebuildCommonClasses (32ms)
	RebuildNativeTypeToScriptingClass (9ms)
	initialDomainReloadingComplete (23ms)
	LoadAllAssembliesAndSetupDomain (223ms)
		LoadAssemblies (276ms)
		RebuildTransferFunctionScriptingTraits (0ms)
		AnalyzeDomain (22ms)
			TypeCache.Refresh (8ms)
				TypeCache.ScanAssembly (0ms)
			ScanForSourceGeneratedMonoScriptInfo (0ms)
			ResolveRequiredComponents (11ms)
	FinalizeReload (1718ms)
		ReleaseScriptCaches (0ms)
		RebuildScriptCaches (0ms)
		SetupLoadedEditorAssemblies (811ms)
			LogAssemblyErrors (0ms)
			InitializePlatformSupportModulesInManaged (49ms)
			SetLoadedEditorAssemblies (4ms)
			RefreshPlugins (0ms)
			BeforeProcessingInitializeOnLoad (88ms)
			ProcessInitializeOnLoadAttributes (573ms)
			ProcessInitializeOnLoadMethodAttributes (89ms)
			AfterProcessingInitializeOnLoad (7ms)
			EditorAssembliesLoaded (1ms)
		ExecutionOrderSort2 (0ms)
		AwakeInstancesAfterBackupRestoration (22ms)
Refreshing native plugins compatible for Editor in 5.86 ms, found 4 plugins.
Preloading 0 native plugins for Editor in 0.00 ms.
Unloading 5575 Unused Serialized files (Serialized files now loaded: 0)
Unloading 35 unused Assets / (0.9 MB). Loaded Objects now: 6272.
Memory consumption went from 198.6 MB to 197.7 MB.
Total: 4.986200 ms (FindLiveObjects: 0.534000 ms CreateObjectMapping: 0.288000 ms MarkObjects: 3.699500 ms  DeleteObjects: 0.463100 ms)

Prepare: number of updated asset objects reloaded= 0
AssetImportParameters requested are different than current active one (requested -> active):
  custom:container-demuxer-ogg: 62fdf1f143b41e24485cea50d1cbac27 -> 
  custom:video-decoder-ogg-theora: a1e56fd34408186e4bbccfd4996cb3dc -> 
  custom:framework-win-MediaFoundation: 216162199b28c13a410421893ffa2e32 -> 
  custom:CustomObjectIndexerAttribute: 72b91833f83ae208fae7752999fa3104 -> 
  custom:container-demuxer-webm: 4f35f7cbe854078d1ac9338744f61a02 -> 
  custom:container-muxer-webm: aa71ff27fc2769a1b78a27578f13a17b -> 
  custom:video-decoder-webm-vp8: 9c59270c3fd7afecdb556c50c9e8de78 -> 
  custom:SearchIndexIgnoredProperties: e643bd26f0fe6173181afceb89e7c659 -> 
  custom:AudioImporter_EditorPlatform: d09bf68614088b80899f8185d706f6e7 -> 
  custom:video-encoder-webm-vp8: eb34c28f22e8b96e1ab97ce403110664 -> 
  custom:audio-decoder-ogg-vorbis: bf7c407c2cedff20999df2af8eb42d56 -> 
  custom:audio-encoder-webm-vorbis: bf7c407c2cedff20999df2af8eb42d56 -> 
========================================================================
Received Prepare
Caller must complete domain reload
Begin MonoManager ReloadAssembly
- Loaded All Assemblies, in  0.516 seconds
Native extension for WindowsStandalone target not found
Native extension for iOS target not found
Native extension for Android target not found
Mono: successfully reloaded assembly
- Finished resetting the current domain, in  1.245 seconds
Domain Reload Profiling: 1759ms
	BeginReloadAssembly (165ms)
		ExecutionOrderSort (0ms)
		DisableScriptedObjects (9ms)
		BackupInstance (0ms)
		ReleaseScriptingObjects (0ms)
		CreateAndSetChildDomain (39ms)
	RebuildCommonClasses (35ms)
	RebuildNativeTypeToScriptingClass (9ms)
	initialDomainReloadingComplete (25ms)
	LoadAllAssembliesAndSetupDomain (280ms)
		LoadAssemblies (311ms)
		RebuildTransferFunctionScriptingTraits (0ms)
		AnalyzeDomain (53ms)
			TypeCache.Refresh (12ms)
				TypeCache.ScanAssembly (0ms)
			ScanForSourceGeneratedMonoScriptInfo (27ms)
			ResolveRequiredComponents (12ms)
	FinalizeReload (1245ms)
		ReleaseScriptCaches (0ms)
		RebuildScriptCaches (0ms)
		SetupLoadedEditorAssemblies (517ms)
			LogAssemblyErrors (0ms)
			InitializePlatformSupportModulesInManaged (28ms)
			SetLoadedEditorAssemblies (3ms)
			RefreshPlugins (0ms)
			BeforeProcessingInitializeOnLoad (64ms)
			ProcessInitializeOnLoadAttributes (360ms)
			ProcessInitializeOnLoadMethodAttributes (56ms)
			AfterProcessingInitializeOnLoad (6ms)
			EditorAssembliesLoaded (0ms)
		ExecutionOrderSort2 (0ms)
		AwakeInstancesAfterBackupRestoration (14ms)
Refreshing native plugins compatible for Editor in 3.17 ms, found 4 plugins.
Preloading 0 native plugins for Editor in 0.00 ms.
Unloading 5575 Unused Serialized files (Serialized files now loaded: 0)
Unloading 35 unused Assets / (0.9 MB). Loaded Objects now: 6277.
Memory consumption went from 198.7 MB to 197.8 MB.
Total: 4.172400 ms (FindLiveObjects: 0.432700 ms CreateObjectMapping: 0.210200 ms MarkObjects: 3.067900 ms  DeleteObjects: 0.460500 ms)

Prepare: number of updated asset objects reloaded= 0
AssetImportParameters requested are different than current active one (requested -> active):
  custom:container-demuxer-ogg: 62fdf1f143b41e24485cea50d1cbac27 -> 
  custom:video-decoder-ogg-theora: a1e56fd34408186e4bbccfd4996cb3dc -> 
  custom:framework-win-MediaFoundation: 216162199b28c13a410421893ffa2e32 -> 
  custom:CustomObjectIndexerAttribute: 72b91833f83ae208fae7752999fa3104 -> 
  custom:container-demuxer-webm: 4f35f7cbe854078d1ac9338744f61a02 -> 
  custom:container-muxer-webm: aa71ff27fc2769a1b78a27578f13a17b -> 
  custom:video-decoder-webm-vp8: 9c59270c3fd7afecdb556c50c9e8de78 -> 
  custom:SearchIndexIgnoredProperties: e643bd26f0fe6173181afceb89e7c659 -> 
  custom:AudioImporter_EditorPlatform: d09bf68614088b80899f8185d706f6e7 -> 
  custom:video-encoder-webm-vp8: eb34c28f22e8b96e1ab97ce403110664 -> 
  custom:audio-decoder-ogg-vorbis: bf7c407c2cedff20999df2af8eb42d56 -> 
  custom:audio-encoder-webm-vorbis: bf7c407c2cedff20999df2af8eb42d56 -> 
========================================================================
Received Prepare
Caller must complete domain reload
Begin MonoManager ReloadAssembly
- Loaded All Assemblies, in  0.436 seconds
Native extension for WindowsStandalone target not found
Native extension for iOS target not found
Native extension for Android target not found
Mono: successfully reloaded assembly
- Finished resetting the current domain, in  1.456 seconds
Domain Reload Profiling: 1889ms
	BeginReloadAssembly (136ms)
		ExecutionOrderSort (0ms)
		DisableScriptedObjects (9ms)
		BackupInstance (0ms)
		ReleaseScriptingObjects (0ms)
		CreateAndSetChildDomain (32ms)
	RebuildCommonClasses (38ms)
	RebuildNativeTypeToScriptingClass (9ms)
	initialDomainReloadingComplete (24ms)
	LoadAllAssembliesAndSetupDomain (226ms)
		LoadAssemblies (273ms)
		RebuildTransferFunctionScriptingTraits (0ms)
		AnalyzeDomain (20ms)
			TypeCache.Refresh (7ms)
				TypeCache.ScanAssembly (0ms)
			ScanForSourceGeneratedMonoScriptInfo (0ms)
			ResolveRequiredComponents (9ms)
	FinalizeReload (1456ms)
		ReleaseScriptCaches (0ms)
		RebuildScriptCaches (0ms)
		SetupLoadedEditorAssemblies (712ms)
			LogAssemblyErrors (0ms)
			InitializePlatformSupportModulesInManaged (36ms)
			SetLoadedEditorAssemblies (4ms)
			RefreshPlugins (0ms)
			BeforeProcessingInitializeOnLoad (79ms)
			ProcessInitializeOnLoadAttributes (506ms)
			ProcessInitializeOnLoadMethodAttributes (81ms)
			AfterProcessingInitializeOnLoad (6ms)
			EditorAssembliesLoaded (0ms)
		ExecutionOrderSort2 (0ms)
		AwakeInstancesAfterBackupRestoration (20ms)
Refreshing native plugins compatible for Editor in 5.95 ms, found 4 plugins.
Preloading 0 native plugins for Editor in 0.00 ms.
Unloading 5575 Unused Serialized files (Serialized files now loaded: 0)
Unloading 35 unused Assets / (0.9 MB). Loaded Objects now: 6282.
Memory consumption went from 198.7 MB to 197.8 MB.
Total: 5.578800 ms (FindLiveObjects: 0.545300 ms CreateObjectMapping: 0.548300 ms MarkObjects: 3.950700 ms  DeleteObjects: 0.533400 ms)

Prepare: number of updated asset objects reloaded= 0
AssetImportParameters requested are different than current active one (requested -> active):
  custom:container-demuxer-ogg: 62fdf1f143b41e24485cea50d1cbac27 -> 
  custom:video-decoder-ogg-theora: a1e56fd34408186e4bbccfd4996cb3dc -> 
  custom:framework-win-MediaFoundation: 216162199b28c13a410421893ffa2e32 -> 
  custom:CustomObjectIndexerAttribute: 72b91833f83ae208fae7752999fa3104 -> 
  custom:container-demuxer-webm: 4f35f7cbe854078d1ac9338744f61a02 -> 
  custom:container-muxer-webm: aa71ff27fc2769a1b78a27578f13a17b -> 
  custom:video-decoder-webm-vp8: 9c59270c3fd7afecdb556c50c9e8de78 -> 
  custom:SearchIndexIgnoredProperties: e643bd26f0fe6173181afceb89e7c659 -> 
  custom:AudioImporter_EditorPlatform: d09bf68614088b80899f8185d706f6e7 -> 
  custom:video-encoder-webm-vp8: eb34c28f22e8b96e1ab97ce403110664 -> 
  custom:audio-decoder-ogg-vorbis: bf7c407c2cedff20999df2af8eb42d56 -> 
  custom:audio-encoder-webm-vorbis: bf7c407c2cedff20999df2af8eb42d56 -> 
========================================================================
Received Prepare
Caller must complete domain reload
Begin MonoManager ReloadAssembly
- Loaded All Assemblies, in  0.431 seconds
Native extension for WindowsStandalone target not found
Native extension for iOS target not found
Native extension for Android target not found
Mono: successfully reloaded assembly
- Finished resetting the current domain, in  1.415 seconds
Domain Reload Profiling: 1844ms
	BeginReloadAssembly (154ms)
		ExecutionOrderSort (0ms)
		DisableScriptedObjects (13ms)
		BackupInstance (0ms)
		ReleaseScriptingObjects (0ms)
		CreateAndSetChildDomain (43ms)
	RebuildCommonClasses (40ms)
	RebuildNativeTypeToScriptingClass (9ms)
	initialDomainReloadingComplete (26ms)
	LoadAllAssembliesAndSetupDomain (200ms)
		LoadAssemblies (247ms)
		RebuildTransferFunctionScriptingTraits (0ms)
		AnalyzeDomain (20ms)
			TypeCache.Refresh (6ms)
				TypeCache.ScanAssembly (0ms)
			ScanForSourceGeneratedMonoScriptInfo (0ms)
			ResolveRequiredComponents (11ms)
	FinalizeReload (1416ms)
		ReleaseScriptCaches (0ms)
		RebuildScriptCaches (0ms)
		SetupLoadedEditorAssemblies (720ms)
			LogAssemblyErrors (0ms)
			InitializePlatformSupportModulesInManaged (40ms)
			SetLoadedEditorAssemblies (3ms)
			RefreshPlugins (0ms)
			BeforeProcessingInitializeOnLoad (82ms)
			ProcessInitializeOnLoadAttributes (511ms)
			ProcessInitializeOnLoadMethodAttributes (78ms)
			AfterProcessingInitializeOnLoad (6ms)
			EditorAssembliesLoaded (0ms)
		ExecutionOrderSort2 (0ms)
		AwakeInstancesAfterBackupRestoration (19ms)
Refreshing native plugins compatible for Editor in 4.99 ms, found 4 plugins.
Preloading 0 native plugins for Editor in 0.00 ms.
Unloading 5575 Unused Serialized files (Serialized files now loaded: 0)
Unloading 35 unused Assets / (0.9 MB). Loaded Objects now: 6287.
Memory consumption went from 198.7 MB to 197.8 MB.
Total: 5.691900 ms (FindLiveObjects: 0.918000 ms CreateObjectMapping: 0.599600 ms MarkObjects: 3.749600 ms  DeleteObjects: 0.422700 ms)

Prepare: number of updated asset objects reloaded= 0
AssetImportParameters requested are different than current active one (requested -> active):
  custom:container-demuxer-ogg: 62fdf1f143b41e24485cea50d1cbac27 -> 
  custom:video-decoder-ogg-theora: a1e56fd34408186e4bbccfd4996cb3dc -> 
  custom:framework-win-MediaFoundation: 216162199b28c13a410421893ffa2e32 -> 
  custom:CustomObjectIndexerAttribute: 72b91833f83ae208fae7752999fa3104 -> 
  custom:container-demuxer-webm: 4f35f7cbe854078d1ac9338744f61a02 -> 
  custom:container-muxer-webm: aa71ff27fc2769a1b78a27578f13a17b -> 
  custom:video-decoder-webm-vp8: 9c59270c3fd7afecdb556c50c9e8de78 -> 
  custom:SearchIndexIgnoredProperties: e643bd26f0fe6173181afceb89e7c659 -> 
  custom:AudioImporter_EditorPlatform: d09bf68614088b80899f8185d706f6e7 -> 
  custom:video-encoder-webm-vp8: eb34c28f22e8b96e1ab97ce403110664 -> 
  custom:audio-decoder-ogg-vorbis: bf7c407c2cedff20999df2af8eb42d56 -> 
  custom:audio-encoder-webm-vorbis: bf7c407c2cedff20999df2af8eb42d56 -> 
========================================================================
Received Prepare
Caller must complete domain reload
Begin MonoManager ReloadAssembly
- Loaded All Assemblies, in  0.440 seconds
Native extension for WindowsStandalone target not found
Native extension for iOS target not found
Native extension for Android target not found
Mono: successfully reloaded assembly
- Finished resetting the current domain, in  1.461 seconds
Domain Reload Profiling: 1899ms
	BeginReloadAssembly (159ms)
		ExecutionOrderSort (0ms)
		DisableScriptedObjects (9ms)
		BackupInstance (0ms)
		ReleaseScriptingObjects (0ms)
		CreateAndSetChildDomain (38ms)
	RebuildCommonClasses (28ms)
	RebuildNativeTypeToScriptingClass (9ms)
	initialDomainReloadingComplete (24ms)
	LoadAllAssembliesAndSetupDomain (217ms)
		LoadAssemblies (278ms)
		RebuildTransferFunctionScriptingTraits (0ms)
		AnalyzeDomain (20ms)
			TypeCache.Refresh (8ms)
				TypeCache.ScanAssembly (0ms)
			ScanForSourceGeneratedMonoScriptInfo (0ms)
			ResolveRequiredComponents (10ms)
	FinalizeReload (1462ms)
		ReleaseScriptCaches (0ms)
		RebuildScriptCaches (0ms)
		SetupLoadedEditorAssemblies (735ms)
			LogAssemblyErrors (0ms)
			InitializePlatformSupportModulesInManaged (36ms)
			SetLoadedEditorAssemblies (3ms)
			RefreshPlugins (0ms)
			BeforeProcessingInitializeOnLoad (103ms)
			ProcessInitializeOnLoadAttributes (506ms)
			ProcessInitializeOnLoadMethodAttributes (81ms)
			AfterProcessingInitializeOnLoad (5ms)
			EditorAssembliesLoaded (0ms)
		ExecutionOrderSort2 (0ms)
		AwakeInstancesAfterBackupRestoration (17ms)
Refreshing native plugins compatible for Editor in 5.03 ms, found 4 plugins.
Preloading 0 native plugins for Editor in 0.00 ms.
Unloading 5575 Unused Serialized files (Serialized files now loaded: 0)
Unloading 35 unused Assets / (0.9 MB). Loaded Objects now: 6292.
Memory consumption went from 198.7 MB to 197.8 MB.
Total: 6.435700 ms (FindLiveObjects: 0.660500 ms CreateObjectMapping: 0.370000 ms MarkObjects: 4.883600 ms  DeleteObjects: 0.520200 ms)

Prepare: number of updated asset objects reloaded= 0
AssetImportParameters requested are different than current active one (requested -> active):
  custom:container-demuxer-ogg: 62fdf1f143b41e24485cea50d1cbac27 -> 
  custom:video-decoder-ogg-theora: a1e56fd34408186e4bbccfd4996cb3dc -> 
  custom:framework-win-MediaFoundation: 216162199b28c13a410421893ffa2e32 -> 
  custom:CustomObjectIndexerAttribute: 72b91833f83ae208fae7752999fa3104 -> 
  custom:container-demuxer-webm: 4f35f7cbe854078d1ac9338744f61a02 -> 
  custom:container-muxer-webm: aa71ff27fc2769a1b78a27578f13a17b -> 
  custom:video-decoder-webm-vp8: 9c59270c3fd7afecdb556c50c9e8de78 -> 
  custom:SearchIndexIgnoredProperties: e643bd26f0fe6173181afceb89e7c659 -> 
  custom:AudioImporter_EditorPlatform: d09bf68614088b80899f8185d706f6e7 -> 
  custom:video-encoder-webm-vp8: eb34c28f22e8b96e1ab97ce403110664 -> 
  custom:audio-decoder-ogg-vorbis: bf7c407c2cedff20999df2af8eb42d56 -> 
  custom:audio-encoder-webm-vorbis: bf7c407c2cedff20999df2af8eb42d56 -> 
========================================================================
Received Prepare
Caller must complete domain reload
Begin MonoManager ReloadAssembly
- Loaded All Assemblies, in  0.444 seconds
Native extension for WindowsStandalone target not found
Native extension for iOS target not found
Native extension for Android target not found
Mono: successfully reloaded assembly
- Finished resetting the current domain, in  1.698 seconds
Domain Reload Profiling: 2139ms
	BeginReloadAssembly (139ms)
		ExecutionOrderSort (0ms)
		DisableScriptedObjects (9ms)
		BackupInstance (0ms)
		ReleaseScriptingObjects (0ms)
		CreateAndSetChildDomain (35ms)
	RebuildCommonClasses (28ms)
	RebuildNativeTypeToScriptingClass (9ms)
	initialDomainReloadingComplete (24ms)
	LoadAllAssembliesAndSetupDomain (241ms)
		LoadAssemblies (264ms)
		RebuildTransferFunctionScriptingTraits (0ms)
		AnalyzeDomain (44ms)
			TypeCache.Refresh (11ms)
				TypeCache.ScanAssembly (0ms)
			ScanForSourceGeneratedMonoScriptInfo (20ms)
			ResolveRequiredComponents (9ms)
	FinalizeReload (1698ms)
		ReleaseScriptCaches (0ms)
		RebuildScriptCaches (0ms)
		SetupLoadedEditorAssemblies (916ms)
			LogAssemblyErrors (0ms)
			InitializePlatformSupportModulesInManaged (60ms)
			SetLoadedEditorAssemblies (10ms)
			RefreshPlugins (0ms)
			BeforeProcessingInitializeOnLoad (95ms)
			ProcessInitializeOnLoadAttributes (663ms)
			ProcessInitializeOnLoadMethodAttributes (83ms)
			AfterProcessingInitializeOnLoad (5ms)
			EditorAssembliesLoaded (0ms)
		ExecutionOrderSort2 (0ms)
		AwakeInstancesAfterBackupRestoration (14ms)
Refreshing native plugins compatible for Editor in 4.85 ms, found 4 plugins.
Preloading 0 native plugins for Editor in 0.00 ms.
Unloading 5575 Unused Serialized files (Serialized files now loaded: 0)
Unloading 35 unused Assets / (0.9 MB). Loaded Objects now: 6297.
Memory consumption went from 198.6 MB to 197.7 MB.
Total: 4.265400 ms (FindLiveObjects: 0.474500 ms CreateObjectMapping: 0.247900 ms MarkObjects: 3.121000 ms  DeleteObjects: 0.419400 ms)

Prepare: number of updated asset objects reloaded= 0
AssetImportParameters requested are different than current active one (requested -> active):
  custom:container-demuxer-ogg: 62fdf1f143b41e24485cea50d1cbac27 -> 
  custom:video-decoder-ogg-theora: a1e56fd34408186e4bbccfd4996cb3dc -> 
  custom:framework-win-MediaFoundation: 216162199b28c13a410421893ffa2e32 -> 
  custom:CustomObjectIndexerAttribute: 72b91833f83ae208fae7752999fa3104 -> 
  custom:container-demuxer-webm: 4f35f7cbe854078d1ac9338744f61a02 -> 
  custom:container-muxer-webm: aa71ff27fc2769a1b78a27578f13a17b -> 
  custom:video-decoder-webm-vp8: 9c59270c3fd7afecdb556c50c9e8de78 -> 
  custom:SearchIndexIgnoredProperties: e643bd26f0fe6173181afceb89e7c659 -> 
  custom:AudioImporter_EditorPlatform: d09bf68614088b80899f8185d706f6e7 -> 
  custom:video-encoder-webm-vp8: eb34c28f22e8b96e1ab97ce403110664 -> 
  custom:audio-decoder-ogg-vorbis: bf7c407c2cedff20999df2af8eb42d56 -> 
  custom:audio-encoder-webm-vorbis: bf7c407c2cedff20999df2af8eb42d56 -> 
========================================================================
Received Prepare
Caller must complete domain reload
Begin MonoManager ReloadAssembly
- Loaded All Assemblies, in  0.435 seconds
Native extension for WindowsStandalone target not found
Native extension for iOS target not found
Native extension for Android target not found
Mono: successfully reloaded assembly
- Finished resetting the current domain, in  1.491 seconds
Domain Reload Profiling: 1924ms
	BeginReloadAssembly (140ms)
		ExecutionOrderSort (0ms)
		DisableScriptedObjects (9ms)
		BackupInstance (0ms)
		ReleaseScriptingObjects (0ms)
		CreateAndSetChildDomain (38ms)
	RebuildCommonClasses (29ms)
	RebuildNativeTypeToScriptingClass (9ms)
	initialDomainReloadingComplete (24ms)
	LoadAllAssembliesAndSetupDomain (230ms)
		LoadAssemblies (270ms)
		RebuildTransferFunctionScriptingTraits (0ms)
		AnalyzeDomain (25ms)
			TypeCache.Refresh (8ms)
				TypeCache.ScanAssembly (0ms)
			ScanForSourceGeneratedMonoScriptInfo (0ms)
			ResolveRequiredComponents (14ms)
	FinalizeReload (1491ms)
		ReleaseScriptCaches (0ms)
		RebuildScriptCaches (0ms)
		SetupLoadedEditorAssemblies (732ms)
			LogAssemblyErrors (0ms)
			InitializePlatformSupportModulesInManaged (37ms)
			SetLoadedEditorAssemblies (4ms)
			RefreshPlugins (0ms)
			BeforeProcessingInitializeOnLoad (82ms)
			ProcessInitializeOnLoadAttributes (522ms)
			ProcessInitializeOnLoadMethodAttributes (82ms)
			AfterProcessingInitializeOnLoad (6ms)
			EditorAssembliesLoaded (0ms)
		ExecutionOrderSort2 (0ms)
		AwakeInstancesAfterBackupRestoration (16ms)
Refreshing native plugins compatible for Editor in 4.74 ms, found 4 plugins.
Preloading 0 native plugins for Editor in 0.00 ms.
Unloading 5575 Unused Serialized files (Serialized files now loaded: 0)
Unloading 35 unused Assets / (0.9 MB). Loaded Objects now: 6302.
Memory consumption went from 198.7 MB to 197.8 MB.
Total: 8.268200 ms (FindLiveObjects: 0.909000 ms CreateObjectMapping: 0.816400 ms MarkObjects: 5.843100 ms  DeleteObjects: 0.697500 ms)

Prepare: number of updated asset objects reloaded= 0
AssetImportParameters requested are different than current active one (requested -> active):
  custom:container-demuxer-ogg: 62fdf1f143b41e24485cea50d1cbac27 -> 
  custom:video-decoder-ogg-theora: a1e56fd34408186e4bbccfd4996cb3dc -> 
  custom:framework-win-MediaFoundation: 216162199b28c13a410421893ffa2e32 -> 
  custom:CustomObjectIndexerAttribute: 72b91833f83ae208fae7752999fa3104 -> 
  custom:container-demuxer-webm: 4f35f7cbe854078d1ac9338744f61a02 -> 
  custom:container-muxer-webm: aa71ff27fc2769a1b78a27578f13a17b -> 
  custom:video-decoder-webm-vp8: 9c59270c3fd7afecdb556c50c9e8de78 -> 
  custom:SearchIndexIgnoredProperties: e643bd26f0fe6173181afceb89e7c659 -> 
  custom:AudioImporter_EditorPlatform: d09bf68614088b80899f8185d706f6e7 -> 
  custom:video-encoder-webm-vp8: eb34c28f22e8b96e1ab97ce403110664 -> 
  custom:audio-decoder-ogg-vorbis: bf7c407c2cedff20999df2af8eb42d56 -> 
  custom:audio-encoder-webm-vorbis: bf7c407c2cedff20999df2af8eb42d56 -> 
========================================================================
Received Prepare
Caller must complete domain reload
Begin MonoManager ReloadAssembly
- Loaded All Assemblies, in  0.528 seconds
Native extension for WindowsStandalone target not found
Native extension for iOS target not found
Native extension for Android target not found
Mono: successfully reloaded assembly
- Finished resetting the current domain, in  8.264 seconds
Domain Reload Profiling: 8791ms
	BeginReloadAssembly (167ms)
		ExecutionOrderSort (0ms)
		DisableScriptedObjects (13ms)
		BackupInstance (0ms)
		ReleaseScriptingObjects (0ms)
		CreateAndSetChildDomain (47ms)
	RebuildCommonClasses (31ms)
	RebuildNativeTypeToScriptingClass (10ms)
	initialDomainReloadingComplete (26ms)
	LoadAllAssembliesAndSetupDomain (293ms)
		LoadAssemblies (340ms)
		RebuildTransferFunctionScriptingTraits (0ms)
		AnalyzeDomain (27ms)
			TypeCache.Refresh (9ms)
				TypeCache.ScanAssembly (0ms)
			ScanForSourceGeneratedMonoScriptInfo (0ms)
			ResolveRequiredComponents (14ms)
	FinalizeReload (8265ms)
		ReleaseScriptCaches (0ms)
		RebuildScriptCaches (0ms)
		SetupLoadedEditorAssemblies (664ms)
			LogAssemblyErrors (0ms)
			InitializePlatformSupportModulesInManaged (30ms)
			SetLoadedEditorAssemblies (4ms)
			RefreshPlugins (0ms)
			BeforeProcessingInitializeOnLoad (68ms)
			ProcessInitializeOnLoadAttributes (476ms)
			ProcessInitializeOnLoadMethodAttributes (82ms)
			AfterProcessingInitializeOnLoad (4ms)
			EditorAssembliesLoaded (0ms)
		ExecutionOrderSort2 (0ms)
		AwakeInstancesAfterBackupRestoration (13ms)
Refreshing native plugins compatible for Editor in 4.15 ms, found 4 plugins.
Preloading 0 native plugins for Editor in 0.00 ms.
Unloading 5575 Unused Serialized files (Serialized files now loaded: 0)
Unloading 35 unused Assets / (0.9 MB). Loaded Objects now: 6307.
Memory consumption went from 198.7 MB to 197.8 MB.
Total: 6.292500 ms (FindLiveObjects: 0.527000 ms CreateObjectMapping: 0.264000 ms MarkObjects: 5.089500 ms  DeleteObjects: 0.410100 ms)

Prepare: number of updated asset objects reloaded= 0
AssetImportParameters requested are different than current active one (requested -> active):
  custom:container-demuxer-ogg: 62fdf1f143b41e24485cea50d1cbac27 -> 
  custom:video-decoder-ogg-theora: a1e56fd34408186e4bbccfd4996cb3dc -> 
  custom:framework-win-MediaFoundation: 216162199b28c13a410421893ffa2e32 -> 
  custom:CustomObjectIndexerAttribute: 72b91833f83ae208fae7752999fa3104 -> 
  custom:container-demuxer-webm: 4f35f7cbe854078d1ac9338744f61a02 -> 
  custom:container-muxer-webm: aa71ff27fc2769a1b78a27578f13a17b -> 
  custom:video-decoder-webm-vp8: 9c59270c3fd7afecdb556c50c9e8de78 -> 
  custom:SearchIndexIgnoredProperties: e643bd26f0fe6173181afceb89e7c659 -> 
  custom:AudioImporter_EditorPlatform: d09bf68614088b80899f8185d706f6e7 -> 
  custom:video-encoder-webm-vp8: eb34c28f22e8b96e1ab97ce403110664 -> 
  custom:audio-decoder-ogg-vorbis: bf7c407c2cedff20999df2af8eb42d56 -> 
  custom:audio-encoder-webm-vorbis: bf7c407c2cedff20999df2af8eb42d56 -> 
========================================================================
Received Prepare
Caller must complete domain reload
Begin MonoManager ReloadAssembly
- Loaded All Assemblies, in  0.440 seconds
Native extension for WindowsStandalone target not found
Native extension for iOS target not found
Native extension for Android target not found
Mono: successfully reloaded assembly
- Finished resetting the current domain, in  1.531 seconds
Domain Reload Profiling: 1969ms
	BeginReloadAssembly (148ms)
		ExecutionOrderSort (0ms)
		DisableScriptedObjects (10ms)
		BackupInstance (0ms)
		ReleaseScriptingObjects (0ms)
		CreateAndSetChildDomain (44ms)
	RebuildCommonClasses (27ms)
	RebuildNativeTypeToScriptingClass (12ms)
	initialDomainReloadingComplete (28ms)
	LoadAllAssembliesAndSetupDomain (223ms)
		LoadAssemblies (264ms)
		RebuildTransferFunctionScriptingTraits (0ms)
		AnalyzeDomain (22ms)
			TypeCache.Refresh (8ms)
				TypeCache.ScanAssembly (0ms)
			ScanForSourceGeneratedMonoScriptInfo (0ms)
			ResolveRequiredComponents (11ms)
	FinalizeReload (1531ms)
		ReleaseScriptCaches (0ms)
		RebuildScriptCaches (0ms)
		SetupLoadedEditorAssemblies (740ms)
			LogAssemblyErrors (0ms)
			InitializePlatformSupportModulesInManaged (39ms)
			SetLoadedEditorAssemblies (4ms)
			RefreshPlugins (0ms)
			BeforeProcessingInitializeOnLoad (89ms)
			ProcessInitializeOnLoadAttributes (505ms)
			ProcessInitializeOnLoadMethodAttributes (92ms)
			AfterProcessingInitializeOnLoad (10ms)
			EditorAssembliesLoaded (0ms)
		ExecutionOrderSort2 (0ms)
		AwakeInstancesAfterBackupRestoration (22ms)
Refreshing native plugins compatible for Editor in 4.18 ms, found 4 plugins.
Preloading 0 native plugins for Editor in 0.00 ms.
Unloading 5575 Unused Serialized files (Serialized files now loaded: 0)
Unloading 35 unused Assets / (0.9 MB). Loaded Objects now: 6312.
Memory consumption went from 198.7 MB to 197.8 MB.
Total: 6.378200 ms (FindLiveObjects: 0.453600 ms CreateObjectMapping: 0.351000 ms MarkObjects: 4.910900 ms  DeleteObjects: 0.660700 ms)

Prepare: number of updated asset objects reloaded= 0
AssetImportParameters requested are different than current active one (requested -> active):
  custom:container-demuxer-ogg: 62fdf1f143b41e24485cea50d1cbac27 -> 
  custom:video-decoder-ogg-theora: a1e56fd34408186e4bbccfd4996cb3dc -> 
  custom:framework-win-MediaFoundation: 216162199b28c13a410421893ffa2e32 -> 
  custom:CustomObjectIndexerAttribute: 72b91833f83ae208fae7752999fa3104 -> 
  custom:container-demuxer-webm: 4f35f7cbe854078d1ac9338744f61a02 -> 
  custom:container-muxer-webm: aa71ff27fc2769a1b78a27578f13a17b -> 
  custom:video-decoder-webm-vp8: 9c59270c3fd7afecdb556c50c9e8de78 -> 
  custom:SearchIndexIgnoredProperties: e643bd26f0fe6173181afceb89e7c659 -> 
  custom:AudioImporter_EditorPlatform: d09bf68614088b80899f8185d706f6e7 -> 
  custom:video-encoder-webm-vp8: eb34c28f22e8b96e1ab97ce403110664 -> 
  custom:audio-decoder-ogg-vorbis: bf7c407c2cedff20999df2af8eb42d56 -> 
  custom:audio-encoder-webm-vorbis: bf7c407c2cedff20999df2af8eb42d56 -> 
========================================================================
Received Prepare
Caller must complete domain reload
Begin MonoManager ReloadAssembly
- Loaded All Assemblies, in  0.456 seconds
Native extension for WindowsStandalone target not found
Native extension for iOS target not found
Native extension for Android target not found
Mono: successfully reloaded assembly
- Finished resetting the current domain, in  1.610 seconds
Domain Reload Profiling: 2067ms
	BeginReloadAssembly (152ms)
		ExecutionOrderSort (0ms)
		DisableScriptedObjects (10ms)
		BackupInstance (0ms)
		ReleaseScriptingObjects (0ms)
		CreateAndSetChildDomain (38ms)
	RebuildCommonClasses (35ms)
	RebuildNativeTypeToScriptingClass (9ms)
	initialDomainReloadingComplete (27ms)
	LoadAllAssembliesAndSetupDomain (229ms)
		LoadAssemblies (277ms)
		RebuildTransferFunctionScriptingTraits (0ms)
		AnalyzeDomain (23ms)
			TypeCache.Refresh (8ms)
				TypeCache.ScanAssembly (0ms)
			ScanForSourceGeneratedMonoScriptInfo (0ms)
			ResolveRequiredComponents (12ms)
	FinalizeReload (1614ms)
		ReleaseScriptCaches (0ms)
		RebuildScriptCaches (0ms)
		SetupLoadedEditorAssemblies (711ms)
			LogAssemblyErrors (0ms)
			InitializePlatformSupportModulesInManaged (39ms)
			SetLoadedEditorAssemblies (4ms)
			RefreshPlugins (0ms)
			BeforeProcessingInitializeOnLoad (83ms)
			ProcessInitializeOnLoadAttributes (500ms)
			ProcessInitializeOnLoadMethodAttributes (78ms)
			AfterProcessingInitializeOnLoad (6ms)
			EditorAssembliesLoaded (0ms)
		ExecutionOrderSort2 (0ms)
		AwakeInstancesAfterBackupRestoration (16ms)
Refreshing native plugins compatible for Editor in 5.07 ms, found 4 plugins.
Preloading 0 native plugins for Editor in 0.00 ms.
Unloading 5575 Unused Serialized files (Serialized files now loaded: 0)
Unloading 35 unused Assets / (0.9 MB). Loaded Objects now: 6317.
Memory consumption went from 198.7 MB to 197.8 MB.
Total: 5.918900 ms (FindLiveObjects: 0.547200 ms CreateObjectMapping: 0.285500 ms MarkObjects: 4.602400 ms  DeleteObjects: 0.482200 ms)

Prepare: number of updated asset objects reloaded= 0
AssetImportParameters requested are different than current active one (requested -> active):
  custom:container-demuxer-ogg: 62fdf1f143b41e24485cea50d1cbac27 -> 
  custom:video-decoder-ogg-theora: a1e56fd34408186e4bbccfd4996cb3dc -> 
  custom:framework-win-MediaFoundation: 216162199b28c13a410421893ffa2e32 -> 
  custom:CustomObjectIndexerAttribute: 72b91833f83ae208fae7752999fa3104 -> 
  custom:container-demuxer-webm: 4f35f7cbe854078d1ac9338744f61a02 -> 
  custom:container-muxer-webm: aa71ff27fc2769a1b78a27578f13a17b -> 
  custom:video-decoder-webm-vp8: 9c59270c3fd7afecdb556c50c9e8de78 -> 
  custom:SearchIndexIgnoredProperties: e643bd26f0fe6173181afceb89e7c659 -> 
  custom:AudioImporter_EditorPlatform: d09bf68614088b80899f8185d706f6e7 -> 
  custom:video-encoder-webm-vp8: eb34c28f22e8b96e1ab97ce403110664 -> 
  custom:audio-decoder-ogg-vorbis: bf7c407c2cedff20999df2af8eb42d56 -> 
  custom:audio-encoder-webm-vorbis: bf7c407c2cedff20999df2af8eb42d56 -> 
========================================================================
Received Prepare
Caller must complete domain reload
Begin MonoManager ReloadAssembly
- Loaded All Assemblies, in  0.573 seconds
Native extension for WindowsStandalone target not found
Native extension for iOS target not found
Native extension for Android target not found
Mono: successfully reloaded assembly
- Finished resetting the current domain, in  1.201 seconds
Domain Reload Profiling: 1772ms
	BeginReloadAssembly (200ms)
		ExecutionOrderSort (0ms)
		DisableScriptedObjects (12ms)
		BackupInstance (0ms)
		ReleaseScriptingObjects (0ms)
		CreateAndSetChildDomain (78ms)
	RebuildCommonClasses (34ms)
	RebuildNativeTypeToScriptingClass (10ms)
	initialDomainReloadingComplete (29ms)
	LoadAllAssembliesAndSetupDomain (298ms)
		LoadAssemblies (294ms)
		RebuildTransferFunctionScriptingTraits (0ms)
		AnalyzeDomain (77ms)
			TypeCache.Refresh (13ms)
				TypeCache.ScanAssembly (0ms)
			ScanForSourceGeneratedMonoScriptInfo (44ms)
			ResolveRequiredComponents (16ms)
	FinalizeReload (1201ms)
		ReleaseScriptCaches (0ms)
		RebuildScriptCaches (0ms)
		SetupLoadedEditorAssemblies (530ms)
			LogAssemblyErrors (0ms)
			InitializePlatformSupportModulesInManaged (25ms)
			SetLoadedEditorAssemblies (3ms)
			RefreshPlugins (0ms)
			BeforeProcessingInitializeOnLoad (62ms)
			ProcessInitializeOnLoadAttributes (350ms)
			ProcessInitializeOnLoadMethodAttributes (83ms)
			AfterProcessingInitializeOnLoad (6ms)
			EditorAssembliesLoaded (0ms)
		ExecutionOrderSort2 (0ms)
		AwakeInstancesAfterBackupRestoration (13ms)
Refreshing native plugins compatible for Editor in 3.21 ms, found 4 plugins.
Preloading 0 native plugins for Editor in 0.00 ms.
Unloading 5575 Unused Serialized files (Serialized files now loaded: 0)
Unloading 35 unused Assets / (0.9 MB). Loaded Objects now: 6322.
Memory consumption went from 198.7 MB to 197.8 MB.
Total: 4.814300 ms (FindLiveObjects: 0.452200 ms CreateObjectMapping: 0.252600 ms MarkObjects: 3.606100 ms  DeleteObjects: 0.502200 ms)

Prepare: number of updated asset objects reloaded= 0
AssetImportParameters requested are different than current active one (requested -> active):
  custom:container-demuxer-ogg: 62fdf1f143b41e24485cea50d1cbac27 -> 
  custom:video-decoder-ogg-theora: a1e56fd34408186e4bbccfd4996cb3dc -> 
  custom:framework-win-MediaFoundation: 216162199b28c13a410421893ffa2e32 -> 
  custom:CustomObjectIndexerAttribute: 72b91833f83ae208fae7752999fa3104 -> 
  custom:container-demuxer-webm: 4f35f7cbe854078d1ac9338744f61a02 -> 
  custom:container-muxer-webm: aa71ff27fc2769a1b78a27578f13a17b -> 
  custom:video-decoder-webm-vp8: 9c59270c3fd7afecdb556c50c9e8de78 -> 
  custom:SearchIndexIgnoredProperties: e643bd26f0fe6173181afceb89e7c659 -> 
  custom:AudioImporter_EditorPlatform: d09bf68614088b80899f8185d706f6e7 -> 
  custom:video-encoder-webm-vp8: eb34c28f22e8b96e1ab97ce403110664 -> 
  custom:audio-decoder-ogg-vorbis: bf7c407c2cedff20999df2af8eb42d56 -> 
  custom:audio-encoder-webm-vorbis: bf7c407c2cedff20999df2af8eb42d56 -> 
========================================================================
Received Prepare
Caller must complete domain reload
Begin MonoManager ReloadAssembly
- Loaded All Assemblies, in  0.526 seconds
Native extension for WindowsStandalone target not found
Native extension for iOS target not found
Native extension for Android target not found
Mono: successfully reloaded assembly
- Finished resetting the current domain, in  1.951 seconds
Domain Reload Profiling: 2475ms
	BeginReloadAssembly (202ms)
		ExecutionOrderSort (0ms)
		DisableScriptedObjects (18ms)
		BackupInstance (0ms)
		ReleaseScriptingObjects (0ms)
		CreateAndSetChildDomain (73ms)
	RebuildCommonClasses (32ms)
	RebuildNativeTypeToScriptingClass (9ms)
	initialDomainReloadingComplete (26ms)
	LoadAllAssembliesAndSetupDomain (254ms)
		LoadAssemblies (309ms)
		RebuildTransferFunctionScriptingTraits (0ms)
		AnalyzeDomain (22ms)
			TypeCache.Refresh (7ms)
				TypeCache.ScanAssembly (0ms)
			ScanForSourceGeneratedMonoScriptInfo (0ms)
			ResolveRequiredComponents (12ms)
	FinalizeReload (1952ms)
		ReleaseScriptCaches (0ms)
		RebuildScriptCaches (0ms)
		SetupLoadedEditorAssemblies (902ms)
			LogAssemblyErrors (0ms)
			InitializePlatformSupportModulesInManaged (44ms)
			SetLoadedEditorAssemblies (5ms)
			RefreshPlugins (0ms)
			BeforeProcessingInitializeOnLoad (103ms)
			ProcessInitializeOnLoadAttributes (666ms)
			ProcessInitializeOnLoadMethodAttributes (78ms)
			AfterProcessingInitializeOnLoad (6ms)
			EditorAssembliesLoaded (0ms)
		ExecutionOrderSort2 (0ms)
		AwakeInstancesAfterBackupRestoration (18ms)
Refreshing native plugins compatible for Editor in 5.37 ms, found 4 plugins.
Preloading 0 native plugins for Editor in 0.00 ms.
Unloading 5575 Unused Serialized files (Serialized files now loaded: 0)
Unloading 35 unused Assets / (0.9 MB). Loaded Objects now: 6327.
Memory consumption went from 198.7 MB to 197.9 MB.
Total: 6.223200 ms (FindLiveObjects: 0.553700 ms CreateObjectMapping: 0.378300 ms MarkObjects: 4.756600 ms  DeleteObjects: 0.532400 ms)

Prepare: number of updated asset objects reloaded= 0
AssetImportParameters requested are different than current active one (requested -> active):
  custom:container-demuxer-ogg: 62fdf1f143b41e24485cea50d1cbac27 -> 
  custom:video-decoder-ogg-theora: a1e56fd34408186e4bbccfd4996cb3dc -> 
  custom:framework-win-MediaFoundation: 216162199b28c13a410421893ffa2e32 -> 
  custom:CustomObjectIndexerAttribute: 72b91833f83ae208fae7752999fa3104 -> 
  custom:container-demuxer-webm: 4f35f7cbe854078d1ac9338744f61a02 -> 
  custom:container-muxer-webm: aa71ff27fc2769a1b78a27578f13a17b -> 
  custom:video-decoder-webm-vp8: 9c59270c3fd7afecdb556c50c9e8de78 -> 
  custom:SearchIndexIgnoredProperties: e643bd26f0fe6173181afceb89e7c659 -> 
  custom:AudioImporter_EditorPlatform: d09bf68614088b80899f8185d706f6e7 -> 
  custom:video-encoder-webm-vp8: eb34c28f22e8b96e1ab97ce403110664 -> 
  custom:audio-decoder-ogg-vorbis: bf7c407c2cedff20999df2af8eb42d56 -> 
  custom:audio-encoder-webm-vorbis: bf7c407c2cedff20999df2af8eb42d56 -> 
========================================================================
Received Prepare
Caller must complete domain reload
Begin MonoManager ReloadAssembly
- Loaded All Assemblies, in  0.472 seconds
Native extension for WindowsStandalone target not found
Native extension for iOS target not found
Native extension for Android target not found
Mono: successfully reloaded assembly
- Finished resetting the current domain, in  1.167 seconds
Domain Reload Profiling: 1638ms
	BeginReloadAssembly (155ms)
		ExecutionOrderSort (0ms)
		DisableScriptedObjects (11ms)
		BackupInstance (0ms)
		ReleaseScriptingObjects (0ms)
		CreateAndSetChildDomain (37ms)
	RebuildCommonClasses (33ms)
	RebuildNativeTypeToScriptingClass (9ms)
	initialDomainReloadingComplete (26ms)
	LoadAllAssembliesAndSetupDomain (248ms)
		LoadAssemblies (269ms)
		RebuildTransferFunctionScriptingTraits (0ms)
		AnalyzeDomain (53ms)
			TypeCache.Refresh (12ms)
				TypeCache.ScanAssembly (0ms)
			ScanForSourceGeneratedMonoScriptInfo (29ms)
			ResolveRequiredComponents (10ms)
	FinalizeReload (1168ms)
		ReleaseScriptCaches (0ms)
		RebuildScriptCaches (0ms)
		SetupLoadedEditorAssemblies (514ms)
			LogAssemblyErrors (0ms)
			InitializePlatformSupportModulesInManaged (30ms)
			SetLoadedEditorAssemblies (3ms)
			RefreshPlugins (0ms)
			BeforeProcessingInitializeOnLoad (67ms)
			ProcessInitializeOnLoadAttributes (355ms)
			ProcessInitializeOnLoadMethodAttributes (53ms)
			AfterProcessingInitializeOnLoad (5ms)
			EditorAssembliesLoaded (0ms)
		ExecutionOrderSort2 (0ms)
		AwakeInstancesAfterBackupRestoration (13ms)
Refreshing native plugins compatible for Editor in 4.27 ms, found 4 plugins.
Preloading 0 native plugins for Editor in 0.00 ms.
Unloading 5575 Unused Serialized files (Serialized files now loaded: 0)
Unloading 35 unused Assets / (0.9 MB). Loaded Objects now: 6332.
Memory consumption went from 198.7 MB to 197.9 MB.
Total: 4.824200 ms (FindLiveObjects: 0.518800 ms CreateObjectMapping: 0.304600 ms MarkObjects: 3.452700 ms  DeleteObjects: 0.546200 ms)

Prepare: number of updated asset objects reloaded= 0
AssetImportParameters requested are different than current active one (requested -> active):
  custom:container-demuxer-ogg: 62fdf1f143b41e24485cea50d1cbac27 -> 
  custom:video-decoder-ogg-theora: a1e56fd34408186e4bbccfd4996cb3dc -> 
  custom:framework-win-MediaFoundation: 216162199b28c13a410421893ffa2e32 -> 
  custom:CustomObjectIndexerAttribute: 72b91833f83ae208fae7752999fa3104 -> 
  custom:container-demuxer-webm: 4f35f7cbe854078d1ac9338744f61a02 -> 
  custom:container-muxer-webm: aa71ff27fc2769a1b78a27578f13a17b -> 
  custom:video-decoder-webm-vp8: 9c59270c3fd7afecdb556c50c9e8de78 -> 
  custom:SearchIndexIgnoredProperties: e643bd26f0fe6173181afceb89e7c659 -> 
  custom:AudioImporter_EditorPlatform: d09bf68614088b80899f8185d706f6e7 -> 
  custom:video-encoder-webm-vp8: eb34c28f22e8b96e1ab97ce403110664 -> 
  custom:audio-decoder-ogg-vorbis: bf7c407c2cedff20999df2af8eb42d56 -> 
  custom:audio-encoder-webm-vorbis: bf7c407c2cedff20999df2af8eb42d56 -> 
========================================================================
Received Prepare
Caller must complete domain reload
Begin MonoManager ReloadAssembly
- Loaded All Assemblies, in  0.498 seconds
Native extension for WindowsStandalone target not found
Native extension for iOS target not found
Native extension for Android target not found
Mono: successfully reloaded assembly
- Finished resetting the current domain, in  1.200 seconds
Domain Reload Profiling: 1696ms
	BeginReloadAssembly (156ms)
		ExecutionOrderSort (0ms)
		DisableScriptedObjects (11ms)
		BackupInstance (0ms)
		ReleaseScriptingObjects (0ms)
		CreateAndSetChildDomain (40ms)
	RebuildCommonClasses (32ms)
	RebuildNativeTypeToScriptingClass (10ms)
	initialDomainReloadingComplete (26ms)
	LoadAllAssembliesAndSetupDomain (271ms)
		LoadAssemblies (293ms)
		RebuildTransferFunctionScriptingTraits (0ms)
		AnalyzeDomain (53ms)
			TypeCache.Refresh (17ms)
				TypeCache.ScanAssembly (0ms)
			ScanForSourceGeneratedMonoScriptInfo (24ms)
			ResolveRequiredComponents (9ms)
	FinalizeReload (1200ms)
		ReleaseScriptCaches (0ms)
		RebuildScriptCaches (0ms)
		SetupLoadedEditorAssemblies (526ms)
			LogAssemblyErrors (0ms)
			InitializePlatformSupportModulesInManaged (31ms)
			SetLoadedEditorAssemblies (3ms)
			RefreshPlugins (0ms)
			BeforeProcessingInitializeOnLoad (67ms)
			ProcessInitializeOnLoadAttributes (365ms)
			ProcessInitializeOnLoadMethodAttributes (54ms)
			AfterProcessingInitializeOnLoad (5ms)
			EditorAssembliesLoaded (0ms)
		ExecutionOrderSort2 (0ms)
		AwakeInstancesAfterBackupRestoration (14ms)
Refreshing native plugins compatible for Editor in 4.96 ms, found 4 plugins.
Preloading 0 native plugins for Editor in 0.00 ms.
Unloading 5575 Unused Serialized files (Serialized files now loaded: 0)
Unloading 35 unused Assets / (0.9 MB). Loaded Objects now: 6337.
Memory consumption went from 198.7 MB to 197.9 MB.
Total: 4.394400 ms (FindLiveObjects: 0.426500 ms CreateObjectMapping: 0.482300 ms MarkObjects: 2.918200 ms  DeleteObjects: 0.565800 ms)

Prepare: number of updated asset objects reloaded= 0
AssetImportParameters requested are different than current active one (requested -> active):
  custom:container-demuxer-ogg: 62fdf1f143b41e24485cea50d1cbac27 -> 
  custom:video-decoder-ogg-theora: a1e56fd34408186e4bbccfd4996cb3dc -> 
  custom:framework-win-MediaFoundation: 216162199b28c13a410421893ffa2e32 -> 
  custom:CustomObjectIndexerAttribute: 72b91833f83ae208fae7752999fa3104 -> 
  custom:container-demuxer-webm: 4f35f7cbe854078d1ac9338744f61a02 -> 
  custom:container-muxer-webm: aa71ff27fc2769a1b78a27578f13a17b -> 
  custom:video-decoder-webm-vp8: 9c59270c3fd7afecdb556c50c9e8de78 -> 
  custom:SearchIndexIgnoredProperties: e643bd26f0fe6173181afceb89e7c659 -> 
  custom:AudioImporter_EditorPlatform: d09bf68614088b80899f8185d706f6e7 -> 
  custom:video-encoder-webm-vp8: eb34c28f22e8b96e1ab97ce403110664 -> 
  custom:audio-decoder-ogg-vorbis: bf7c407c2cedff20999df2af8eb42d56 -> 
  custom:audio-encoder-webm-vorbis: bf7c407c2cedff20999df2af8eb42d56 -> 
========================================================================
Received Prepare
Caller must complete domain reload
Begin MonoManager ReloadAssembly
- Loaded All Assemblies, in  0.471 seconds
Native extension for WindowsStandalone target not found
Native extension for iOS target not found
Native extension for Android target not found
Mono: successfully reloaded assembly
- Finished resetting the current domain, in  1.427 seconds
Domain Reload Profiling: 1896ms
	BeginReloadAssembly (140ms)
		ExecutionOrderSort (0ms)
		DisableScriptedObjects (10ms)
		BackupInstance (0ms)
		ReleaseScriptingObjects (0ms)
		CreateAndSetChildDomain (35ms)
	RebuildCommonClasses (28ms)
	RebuildNativeTypeToScriptingClass (10ms)
	initialDomainReloadingComplete (25ms)
	LoadAllAssembliesAndSetupDomain (265ms)
		LoadAssemblies (281ms)
		RebuildTransferFunctionScriptingTraits (0ms)
		AnalyzeDomain (50ms)
			TypeCache.Refresh (12ms)
				TypeCache.ScanAssembly (0ms)
			ScanForSourceGeneratedMonoScriptInfo (22ms)
			ResolveRequiredComponents (12ms)
	FinalizeReload (1427ms)
		ReleaseScriptCaches (0ms)
		RebuildScriptCaches (0ms)
		SetupLoadedEditorAssemblies (528ms)
			LogAssemblyErrors (0ms)
			InitializePlatformSupportModulesInManaged (41ms)
			SetLoadedEditorAssemblies (5ms)
			RefreshPlugins (0ms)
			BeforeProcessingInitializeOnLoad (70ms)
			ProcessInitializeOnLoadAttributes (349ms)
			ProcessInitializeOnLoadMethodAttributes (57ms)
			AfterProcessingInitializeOnLoad (5ms)
			EditorAssembliesLoaded (0ms)
		ExecutionOrderSort2 (0ms)
		AwakeInstancesAfterBackupRestoration (13ms)
Refreshing native plugins compatible for Editor in 4.66 ms, found 4 plugins.
Preloading 0 native plugins for Editor in 0.00 ms.
Unloading 5575 Unused Serialized files (Serialized files now loaded: 0)
Unloading 35 unused Assets / (0.9 MB). Loaded Objects now: 6342.
Memory consumption went from 198.7 MB to 197.9 MB.
Total: 4.470900 ms (FindLiveObjects: 0.530300 ms CreateObjectMapping: 0.239300 ms MarkObjects: 3.281600 ms  DeleteObjects: 0.417900 ms)

Prepare: number of updated asset objects reloaded= 0
AssetImportParameters requested are different than current active one (requested -> active):
  custom:container-demuxer-ogg: 62fdf1f143b41e24485cea50d1cbac27 -> 
  custom:video-decoder-ogg-theora: a1e56fd34408186e4bbccfd4996cb3dc -> 
  custom:framework-win-MediaFoundation: 216162199b28c13a410421893ffa2e32 -> 
  custom:CustomObjectIndexerAttribute: 72b91833f83ae208fae7752999fa3104 -> 
  custom:container-demuxer-webm: 4f35f7cbe854078d1ac9338744f61a02 -> 
  custom:container-muxer-webm: aa71ff27fc2769a1b78a27578f13a17b -> 
  custom:video-decoder-webm-vp8: 9c59270c3fd7afecdb556c50c9e8de78 -> 
  custom:SearchIndexIgnoredProperties: e643bd26f0fe6173181afceb89e7c659 -> 
  custom:AudioImporter_EditorPlatform: d09bf68614088b80899f8185d706f6e7 -> 
  custom:video-encoder-webm-vp8: eb34c28f22e8b96e1ab97ce403110664 -> 
  custom:audio-decoder-ogg-vorbis: bf7c407c2cedff20999df2af8eb42d56 -> 
  custom:audio-encoder-webm-vorbis: bf7c407c2cedff20999df2af8eb42d56 -> 
========================================================================
Received Prepare
Caller must complete domain reload
Begin MonoManager ReloadAssembly
- Loaded All Assemblies, in  0.437 seconds
Native extension for WindowsStandalone target not found
Native extension for iOS target not found
Native extension for Android target not found
Mono: successfully reloaded assembly
- Finished resetting the current domain, in  1.131 seconds
Domain Reload Profiling: 1566ms
	BeginReloadAssembly (140ms)
		ExecutionOrderSort (0ms)
		DisableScriptedObjects (10ms)
		BackupInstance (0ms)
		ReleaseScriptingObjects (0ms)
		CreateAndSetChildDomain (38ms)
	RebuildCommonClasses (27ms)
	RebuildNativeTypeToScriptingClass (10ms)
	initialDomainReloadingComplete (25ms)
	LoadAllAssembliesAndSetupDomain (232ms)
		LoadAssemblies (250ms)
		RebuildTransferFunctionScriptingTraits (0ms)
		AnalyzeDomain (45ms)
			TypeCache.Refresh (10ms)
				TypeCache.ScanAssembly (0ms)
			ScanForSourceGeneratedMonoScriptInfo (22ms)
			ResolveRequiredComponents (10ms)
	FinalizeReload (1131ms)
		ReleaseScriptCaches (0ms)
		RebuildScriptCaches (0ms)
		SetupLoadedEditorAssemblies (505ms)
			LogAssemblyErrors (0ms)
			InitializePlatformSupportModulesInManaged (29ms)
			SetLoadedEditorAssemblies (3ms)
			RefreshPlugins (0ms)
			BeforeProcessingInitializeOnLoad (65ms)
			ProcessInitializeOnLoadAttributes (351ms)
			ProcessInitializeOnLoadMethodAttributes (54ms)
			AfterProcessingInitializeOnLoad (4ms)
			EditorAssembliesLoaded (0ms)
		ExecutionOrderSort2 (0ms)
		AwakeInstancesAfterBackupRestoration (12ms)
Refreshing native plugins compatible for Editor in 5.89 ms, found 4 plugins.
Preloading 0 native plugins for Editor in 0.00 ms.
Unloading 5575 Unused Serialized files (Serialized files now loaded: 0)
Unloading 35 unused Assets / (0.9 MB). Loaded Objects now: 6347.
Memory consumption went from 198.7 MB to 197.8 MB.
Total: 4.469000 ms (FindLiveObjects: 0.412200 ms CreateObjectMapping: 0.217700 ms MarkObjects: 3.164600 ms  DeleteObjects: 0.672700 ms)

Prepare: number of updated asset objects reloaded= 0
AssetImportParameters requested are different than current active one (requested -> active):
  custom:container-demuxer-ogg: 62fdf1f143b41e24485cea50d1cbac27 -> 
  custom:video-decoder-ogg-theora: a1e56fd34408186e4bbccfd4996cb3dc -> 
  custom:framework-win-MediaFoundation: 216162199b28c13a410421893ffa2e32 -> 
  custom:CustomObjectIndexerAttribute: 72b91833f83ae208fae7752999fa3104 -> 
  custom:container-demuxer-webm: 4f35f7cbe854078d1ac9338744f61a02 -> 
  custom:container-muxer-webm: aa71ff27fc2769a1b78a27578f13a17b -> 
  custom:video-decoder-webm-vp8: 9c59270c3fd7afecdb556c50c9e8de78 -> 
  custom:SearchIndexIgnoredProperties: e643bd26f0fe6173181afceb89e7c659 -> 
  custom:AudioImporter_EditorPlatform: d09bf68614088b80899f8185d706f6e7 -> 
  custom:video-encoder-webm-vp8: eb34c28f22e8b96e1ab97ce403110664 -> 
  custom:audio-decoder-ogg-vorbis: bf7c407c2cedff20999df2af8eb42d56 -> 
  custom:audio-encoder-webm-vorbis: bf7c407c2cedff20999df2af8eb42d56 -> 
========================================================================
Received Prepare
Caller must complete domain reload
Begin MonoManager ReloadAssembly
- Loaded All Assemblies, in  0.418 seconds
Native extension for WindowsStandalone target not found
Native extension for iOS target not found
Native extension for Android target not found
Mono: successfully reloaded assembly
- Finished resetting the current domain, in  1.433 seconds
Domain Reload Profiling: 1849ms
	BeginReloadAssembly (143ms)
		ExecutionOrderSort (0ms)
		DisableScriptedObjects (9ms)
		BackupInstance (0ms)
		ReleaseScriptingObjects (0ms)
		CreateAndSetChildDomain (38ms)
	RebuildCommonClasses (29ms)
	RebuildNativeTypeToScriptingClass (9ms)
	initialDomainReloadingComplete (24ms)
	LoadAllAssembliesAndSetupDomain (211ms)
		LoadAssemblies (259ms)
		RebuildTransferFunctionScriptingTraits (0ms)
		AnalyzeDomain (20ms)
			TypeCache.Refresh (7ms)
				TypeCache.ScanAssembly (0ms)
			ScanForSourceGeneratedMonoScriptInfo (0ms)
			ResolveRequiredComponents (10ms)
	FinalizeReload (1433ms)
		ReleaseScriptCaches (0ms)
		RebuildScriptCaches (0ms)
		SetupLoadedEditorAssemblies (696ms)
			LogAssemblyErrors (0ms)
			InitializePlatformSupportModulesInManaged (32ms)
			SetLoadedEditorAssemblies (4ms)
			RefreshPlugins (0ms)
			BeforeProcessingInitializeOnLoad (83ms)
			ProcessInitializeOnLoadAttributes (495ms)
			ProcessInitializeOnLoadMethodAttributes (76ms)
			AfterProcessingInitializeOnLoad (5ms)
			EditorAssembliesLoaded (0ms)
		ExecutionOrderSort2 (0ms)
		AwakeInstancesAfterBackupRestoration (16ms)
Refreshing native plugins compatible for Editor in 6.25 ms, found 4 plugins.
Preloading 0 native plugins for Editor in 0.00 ms.
Unloading 5575 Unused Serialized files (Serialized files now loaded: 0)
Unloading 35 unused Assets / (0.9 MB). Loaded Objects now: 6352.
Memory consumption went from 198.8 MB to 197.9 MB.
Total: 6.360700 ms (FindLiveObjects: 0.663700 ms CreateObjectMapping: 0.568400 ms MarkObjects: 4.528500 ms  DeleteObjects: 0.598700 ms)

Prepare: number of updated asset objects reloaded= 0
AssetImportParameters requested are different than current active one (requested -> active):
  custom:container-demuxer-ogg: 62fdf1f143b41e24485cea50d1cbac27 -> 
  custom:video-decoder-ogg-theora: a1e56fd34408186e4bbccfd4996cb3dc -> 
  custom:framework-win-MediaFoundation: 216162199b28c13a410421893ffa2e32 -> 
  custom:CustomObjectIndexerAttribute: 72b91833f83ae208fae7752999fa3104 -> 
  custom:container-demuxer-webm: 4f35f7cbe854078d1ac9338744f61a02 -> 
  custom:container-muxer-webm: aa71ff27fc2769a1b78a27578f13a17b -> 
  custom:video-decoder-webm-vp8: 9c59270c3fd7afecdb556c50c9e8de78 -> 
  custom:SearchIndexIgnoredProperties: e643bd26f0fe6173181afceb89e7c659 -> 
  custom:AudioImporter_EditorPlatform: d09bf68614088b80899f8185d706f6e7 -> 
  custom:video-encoder-webm-vp8: eb34c28f22e8b96e1ab97ce403110664 -> 
  custom:audio-decoder-ogg-vorbis: bf7c407c2cedff20999df2af8eb42d56 -> 
  custom:audio-encoder-webm-vorbis: bf7c407c2cedff20999df2af8eb42d56 -> 
========================================================================
Received Prepare
Caller must complete domain reload
Begin MonoManager ReloadAssembly
- Loaded All Assemblies, in  0.446 seconds
Native extension for WindowsStandalone target not found
Native extension for iOS target not found
Native extension for Android target not found
Mono: successfully reloaded assembly
- Finished resetting the current domain, in  1.404 seconds
Domain Reload Profiling: 1848ms
	BeginReloadAssembly (157ms)
		ExecutionOrderSort (0ms)
		DisableScriptedObjects (9ms)
		BackupInstance (0ms)
		ReleaseScriptingObjects (0ms)
		CreateAndSetChildDomain (44ms)
	RebuildCommonClasses (32ms)
	RebuildNativeTypeToScriptingClass (9ms)
	initialDomainReloadingComplete (24ms)
	LoadAllAssembliesAndSetupDomain (221ms)
		LoadAssemblies (268ms)
		RebuildTransferFunctionScriptingTraits (0ms)
		AnalyzeDomain (21ms)
			TypeCache.Refresh (8ms)
				TypeCache.ScanAssembly (0ms)
			ScanForSourceGeneratedMonoScriptInfo (0ms)
			ResolveRequiredComponents (10ms)
	FinalizeReload (1405ms)
		ReleaseScriptCaches (0ms)
		RebuildScriptCaches (0ms)
		SetupLoadedEditorAssemblies (682ms)
			LogAssemblyErrors (0ms)
			InitializePlatformSupportModulesInManaged (41ms)
			SetLoadedEditorAssemblies (5ms)
			RefreshPlugins (0ms)
			BeforeProcessingInitializeOnLoad (79ms)
			ProcessInitializeOnLoadAttributes (475ms)
			ProcessInitializeOnLoadMethodAttributes (76ms)
			AfterProcessingInitializeOnLoad (5ms)
			EditorAssembliesLoaded (0ms)
		ExecutionOrderSort2 (0ms)
		AwakeInstancesAfterBackupRestoration (15ms)
Refreshing native plugins compatible for Editor in 5.35 ms, found 4 plugins.
Preloading 0 native plugins for Editor in 0.00 ms.
Unloading 5575 Unused Serialized files (Serialized files now loaded: 0)
Unloading 35 unused Assets / (0.9 MB). Loaded Objects now: 6357.
Memory consumption went from 198.8 MB to 197.9 MB.
Total: 5.431000 ms (FindLiveObjects: 0.552200 ms CreateObjectMapping: 0.425800 ms MarkObjects: 3.986500 ms  DeleteObjects: 0.464800 ms)

Prepare: number of updated asset objects reloaded= 0
AssetImportParameters requested are different than current active one (requested -> active):
  custom:container-demuxer-ogg: 62fdf1f143b41e24485cea50d1cbac27 -> 
  custom:video-decoder-ogg-theora: a1e56fd34408186e4bbccfd4996cb3dc -> 
  custom:framework-win-MediaFoundation: 216162199b28c13a410421893ffa2e32 -> 
  custom:CustomObjectIndexerAttribute: 72b91833f83ae208fae7752999fa3104 -> 
  custom:container-demuxer-webm: 4f35f7cbe854078d1ac9338744f61a02 -> 
  custom:container-muxer-webm: aa71ff27fc2769a1b78a27578f13a17b -> 
  custom:video-decoder-webm-vp8: 9c59270c3fd7afecdb556c50c9e8de78 -> 
  custom:SearchIndexIgnoredProperties: e643bd26f0fe6173181afceb89e7c659 -> 
  custom:AudioImporter_EditorPlatform: d09bf68614088b80899f8185d706f6e7 -> 
  custom:video-encoder-webm-vp8: eb34c28f22e8b96e1ab97ce403110664 -> 
  custom:audio-decoder-ogg-vorbis: bf7c407c2cedff20999df2af8eb42d56 -> 
  custom:audio-encoder-webm-vorbis: bf7c407c2cedff20999df2af8eb42d56 -> 
========================================================================
Received Prepare
Caller must complete domain reload
Begin MonoManager ReloadAssembly
- Loaded All Assemblies, in  0.473 seconds
Native extension for WindowsStandalone target not found
Native extension for iOS target not found
Native extension for Android target not found
Mono: successfully reloaded assembly
- Finished resetting the current domain, in  1.840 seconds
Domain Reload Profiling: 2311ms
	BeginReloadAssembly (146ms)
		ExecutionOrderSort (0ms)
		DisableScriptedObjects (11ms)
		BackupInstance (0ms)
		ReleaseScriptingObjects (0ms)
		CreateAndSetChildDomain (40ms)
	RebuildCommonClasses (31ms)
	RebuildNativeTypeToScriptingClass (9ms)
	initialDomainReloadingComplete (23ms)
	LoadAllAssembliesAndSetupDomain (260ms)
		LoadAssemblies (272ms)
		RebuildTransferFunctionScriptingTraits (0ms)
		AnalyzeDomain (55ms)
			TypeCache.Refresh (14ms)
				TypeCache.ScanAssembly (0ms)
			ScanForSourceGeneratedMonoScriptInfo (26ms)
			ResolveRequiredComponents (12ms)
	FinalizeReload (1840ms)
		ReleaseScriptCaches (0ms)
		RebuildScriptCaches (0ms)
		SetupLoadedEditorAssemblies (623ms)
			LogAssemblyErrors (0ms)
			InitializePlatformSupportModulesInManaged (45ms)
			SetLoadedEditorAssemblies (3ms)
			RefreshPlugins (0ms)
			BeforeProcessingInitializeOnLoad (84ms)
			ProcessInitializeOnLoadAttributes (426ms)
			ProcessInitializeOnLoadMethodAttributes (60ms)
			AfterProcessingInitializeOnLoad (5ms)
			EditorAssembliesLoaded (0ms)
		ExecutionOrderSort2 (0ms)
		AwakeInstancesAfterBackupRestoration (13ms)
Refreshing native plugins compatible for Editor in 3.58 ms, found 4 plugins.
Preloading 0 native plugins for Editor in 0.00 ms.
Unloading 5575 Unused Serialized files (Serialized files now loaded: 0)
Unloading 35 unused Assets / (0.9 MB). Loaded Objects now: 6362.
Memory consumption went from 198.8 MB to 197.9 MB.
Total: 4.344300 ms (FindLiveObjects: 0.741900 ms CreateObjectMapping: 0.364000 ms MarkObjects: 2.849500 ms  DeleteObjects: 0.387600 ms)

Prepare: number of updated asset objects reloaded= 0
AssetImportParameters requested are different than current active one (requested -> active):
  custom:container-demuxer-ogg: 62fdf1f143b41e24485cea50d1cbac27 -> 
  custom:video-decoder-ogg-theora: a1e56fd34408186e4bbccfd4996cb3dc -> 
  custom:framework-win-MediaFoundation: 216162199b28c13a410421893ffa2e32 -> 
  custom:CustomObjectIndexerAttribute: 72b91833f83ae208fae7752999fa3104 -> 
  custom:container-demuxer-webm: 4f35f7cbe854078d1ac9338744f61a02 -> 
  custom:container-muxer-webm: aa71ff27fc2769a1b78a27578f13a17b -> 
  custom:video-decoder-webm-vp8: 9c59270c3fd7afecdb556c50c9e8de78 -> 
  custom:SearchIndexIgnoredProperties: e643bd26f0fe6173181afceb89e7c659 -> 
  custom:AudioImporter_EditorPlatform: d09bf68614088b80899f8185d706f6e7 -> 
  custom:video-encoder-webm-vp8: eb34c28f22e8b96e1ab97ce403110664 -> 
  custom:audio-decoder-ogg-vorbis: bf7c407c2cedff20999df2af8eb42d56 -> 
  custom:audio-encoder-webm-vorbis: bf7c407c2cedff20999df2af8eb42d56 -> 
========================================================================
Received Prepare
Caller must complete domain reload
Begin MonoManager ReloadAssembly
- Loaded All Assemblies, in  0.432 seconds
Native extension for WindowsStandalone target not found
Native extension for iOS target not found
Native extension for Android target not found
Mono: successfully reloaded assembly
- Finished resetting the current domain, in  1.401 seconds
Domain Reload Profiling: 1830ms
	BeginReloadAssembly (146ms)
		ExecutionOrderSort (0ms)
		DisableScriptedObjects (9ms)
		BackupInstance (0ms)
		ReleaseScriptingObjects (0ms)
		CreateAndSetChildDomain (39ms)
	RebuildCommonClasses (30ms)
	RebuildNativeTypeToScriptingClass (13ms)
	initialDomainReloadingComplete (28ms)
	LoadAllAssembliesAndSetupDomain (212ms)
		LoadAssemblies (262ms)
		RebuildTransferFunctionScriptingTraits (0ms)
		AnalyzeDomain (20ms)
			TypeCache.Refresh (6ms)
				TypeCache.ScanAssembly (0ms)
			ScanForSourceGeneratedMonoScriptInfo (0ms)
			ResolveRequiredComponents (9ms)
	FinalizeReload (1401ms)
		ReleaseScriptCaches (0ms)
		RebuildScriptCaches (0ms)
		SetupLoadedEditorAssemblies (709ms)
			LogAssemblyErrors (0ms)
			InitializePlatformSupportModulesInManaged (39ms)
			SetLoadedEditorAssemblies (4ms)
			RefreshPlugins (0ms)
			BeforeProcessingInitializeOnLoad (80ms)
			ProcessInitializeOnLoadAttributes (505ms)
			ProcessInitializeOnLoadMethodAttributes (75ms)
			AfterProcessingInitializeOnLoad (6ms)
			EditorAssembliesLoaded (0ms)
		ExecutionOrderSort2 (0ms)
		AwakeInstancesAfterBackupRestoration (16ms)
Refreshing native plugins compatible for Editor in 4.73 ms, found 4 plugins.
Preloading 0 native plugins for Editor in 0.00 ms.
Unloading 5575 Unused Serialized files (Serialized files now loaded: 0)
Unloading 35 unused Assets / (0.9 MB). Loaded Objects now: 6367.
Memory consumption went from 198.8 MB to 197.9 MB.
Total: 5.123600 ms (FindLiveObjects: 0.478700 ms CreateObjectMapping: 0.486500 ms MarkObjects: 3.708100 ms  DeleteObjects: 0.449000 ms)

Prepare: number of updated asset objects reloaded= 0
AssetImportParameters requested are different than current active one (requested -> active):
  custom:container-demuxer-ogg: 62fdf1f143b41e24485cea50d1cbac27 -> 
  custom:video-decoder-ogg-theora: a1e56fd34408186e4bbccfd4996cb3dc -> 
  custom:framework-win-MediaFoundation: 216162199b28c13a410421893ffa2e32 -> 
  custom:CustomObjectIndexerAttribute: 72b91833f83ae208fae7752999fa3104 -> 
  custom:container-demuxer-webm: 4f35f7cbe854078d1ac9338744f61a02 -> 
  custom:container-muxer-webm: aa71ff27fc2769a1b78a27578f13a17b -> 
  custom:video-decoder-webm-vp8: 9c59270c3fd7afecdb556c50c9e8de78 -> 
  custom:SearchIndexIgnoredProperties: e643bd26f0fe6173181afceb89e7c659 -> 
  custom:AudioImporter_EditorPlatform: d09bf68614088b80899f8185d706f6e7 -> 
  custom:video-encoder-webm-vp8: eb34c28f22e8b96e1ab97ce403110664 -> 
  custom:audio-decoder-ogg-vorbis: bf7c407c2cedff20999df2af8eb42d56 -> 
  custom:audio-encoder-webm-vorbis: bf7c407c2cedff20999df2af8eb42d56 -> 
========================================================================
Received Prepare
Caller must complete domain reload
Begin MonoManager ReloadAssembly
- Loaded All Assemblies, in  0.498 seconds
Native extension for WindowsStandalone target not found
Native extension for iOS target not found
Native extension for Android target not found
Mono: successfully reloaded assembly
- Finished resetting the current domain, in  1.241 seconds
Domain Reload Profiling: 1737ms
	BeginReloadAssembly (168ms)
		ExecutionOrderSort (0ms)
		DisableScriptedObjects (12ms)
		BackupInstance (0ms)
		ReleaseScriptingObjects (0ms)
		CreateAndSetChildDomain (43ms)
	RebuildCommonClasses (32ms)
	RebuildNativeTypeToScriptingClass (9ms)
	initialDomainReloadingComplete (27ms)
	LoadAllAssembliesAndSetupDomain (260ms)
		LoadAssemblies (293ms)
		RebuildTransferFunctionScriptingTraits (0ms)
		AnalyzeDomain (43ms)
			TypeCache.Refresh (10ms)
				TypeCache.ScanAssembly (0ms)
			ScanForSourceGeneratedMonoScriptInfo (20ms)
			ResolveRequiredComponents (9ms)
	FinalizeReload (1241ms)
		ReleaseScriptCaches (0ms)
		RebuildScriptCaches (0ms)
		SetupLoadedEditorAssemblies (567ms)
			LogAssemblyErrors (0ms)
			InitializePlatformSupportModulesInManaged (31ms)
			SetLoadedEditorAssemblies (3ms)
			RefreshPlugins (0ms)
			BeforeProcessingInitializeOnLoad (72ms)
			ProcessInitializeOnLoadAttributes (393ms)
			ProcessInitializeOnLoadMethodAttributes (62ms)
			AfterProcessingInitializeOnLoad (6ms)
			EditorAssembliesLoaded (0ms)
		ExecutionOrderSort2 (0ms)
		AwakeInstancesAfterBackupRestoration (17ms)
Refreshing native plugins compatible for Editor in 4.46 ms, found 4 plugins.
Preloading 0 native plugins for Editor in 0.00 ms.
Unloading 5575 Unused Serialized files (Serialized files now loaded: 0)
Unloading 35 unused Assets / (0.9 MB). Loaded Objects now: 6372.
Memory consumption went from 198.7 MB to 197.8 MB.
Total: 4.101900 ms (FindLiveObjects: 0.451700 ms CreateObjectMapping: 0.286000 ms MarkObjects: 2.973700 ms  DeleteObjects: 0.388500 ms)

Prepare: number of updated asset objects reloaded= 0
AssetImportParameters requested are different than current active one (requested -> active):
  custom:container-demuxer-ogg: 62fdf1f143b41e24485cea50d1cbac27 -> 
  custom:video-decoder-ogg-theora: a1e56fd34408186e4bbccfd4996cb3dc -> 
  custom:framework-win-MediaFoundation: 216162199b28c13a410421893ffa2e32 -> 
  custom:CustomObjectIndexerAttribute: 72b91833f83ae208fae7752999fa3104 -> 
  custom:container-demuxer-webm: 4f35f7cbe854078d1ac9338744f61a02 -> 
  custom:container-muxer-webm: aa71ff27fc2769a1b78a27578f13a17b -> 
  custom:video-decoder-webm-vp8: 9c59270c3fd7afecdb556c50c9e8de78 -> 
  custom:SearchIndexIgnoredProperties: e643bd26f0fe6173181afceb89e7c659 -> 
  custom:AudioImporter_EditorPlatform: d09bf68614088b80899f8185d706f6e7 -> 
  custom:video-encoder-webm-vp8: eb34c28f22e8b96e1ab97ce403110664 -> 
  custom:audio-decoder-ogg-vorbis: bf7c407c2cedff20999df2af8eb42d56 -> 
  custom:audio-encoder-webm-vorbis: bf7c407c2cedff20999df2af8eb42d56 -> 
========================================================================
Received Prepare
Caller must complete domain reload
Begin MonoManager ReloadAssembly
- Loaded All Assemblies, in  0.443 seconds
Native extension for WindowsStandalone target not found
Native extension for iOS target not found
Native extension for Android target not found
Mono: successfully reloaded assembly
- Finished resetting the current domain, in  1.454 seconds
Domain Reload Profiling: 1896ms
	BeginReloadAssembly (147ms)
		ExecutionOrderSort (0ms)
		DisableScriptedObjects (10ms)
		BackupInstance (0ms)
		ReleaseScriptingObjects (0ms)
		CreateAndSetChildDomain (35ms)
	RebuildCommonClasses (29ms)
	RebuildNativeTypeToScriptingClass (9ms)
	initialDomainReloadingComplete (26ms)
	LoadAllAssembliesAndSetupDomain (231ms)
		LoadAssemblies (276ms)
		RebuildTransferFunctionScriptingTraits (0ms)
		AnalyzeDomain (26ms)
			TypeCache.Refresh (8ms)
				TypeCache.ScanAssembly (0ms)
			ScanForSourceGeneratedMonoScriptInfo (0ms)
			ResolveRequiredComponents (14ms)
	FinalizeReload (1455ms)
		ReleaseScriptCaches (0ms)
		RebuildScriptCaches (0ms)
		SetupLoadedEditorAssemblies (733ms)
			LogAssemblyErrors (0ms)
			InitializePlatformSupportModulesInManaged (33ms)
			SetLoadedEditorAssemblies (4ms)
			RefreshPlugins (0ms)
			BeforeProcessingInitializeOnLoad (81ms)
			ProcessInitializeOnLoadAttributes (523ms)
			ProcessInitializeOnLoadMethodAttributes (85ms)
			AfterProcessingInitializeOnLoad (6ms)
			EditorAssembliesLoaded (0ms)
		ExecutionOrderSort2 (0ms)
		AwakeInstancesAfterBackupRestoration (18ms)
Refreshing native plugins compatible for Editor in 5.82 ms, found 4 plugins.
Preloading 0 native plugins for Editor in 0.00 ms.
Unloading 5575 Unused Serialized files (Serialized files now loaded: 0)
Unloading 35 unused Assets / (0.9 MB). Loaded Objects now: 6377.
Memory consumption went from 198.8 MB to 197.9 MB.
Total: 6.636700 ms (FindLiveObjects: 0.713200 ms CreateObjectMapping: 0.317900 ms MarkObjects: 4.835000 ms  DeleteObjects: 0.768600 ms)

Prepare: number of updated asset objects reloaded= 0
AssetImportParameters requested are different than current active one (requested -> active):
  custom:container-demuxer-ogg: 62fdf1f143b41e24485cea50d1cbac27 -> 
  custom:video-decoder-ogg-theora: a1e56fd34408186e4bbccfd4996cb3dc -> 
  custom:framework-win-MediaFoundation: 216162199b28c13a410421893ffa2e32 -> 
  custom:CustomObjectIndexerAttribute: 72b91833f83ae208fae7752999fa3104 -> 
  custom:container-demuxer-webm: 4f35f7cbe854078d1ac9338744f61a02 -> 
  custom:container-muxer-webm: aa71ff27fc2769a1b78a27578f13a17b -> 
  custom:video-decoder-webm-vp8: 9c59270c3fd7afecdb556c50c9e8de78 -> 
  custom:SearchIndexIgnoredProperties: e643bd26f0fe6173181afceb89e7c659 -> 
  custom:AudioImporter_EditorPlatform: d09bf68614088b80899f8185d706f6e7 -> 
  custom:video-encoder-webm-vp8: eb34c28f22e8b96e1ab97ce403110664 -> 
  custom:audio-decoder-ogg-vorbis: bf7c407c2cedff20999df2af8eb42d56 -> 
  custom:audio-encoder-webm-vorbis: bf7c407c2cedff20999df2af8eb42d56 -> 
========================================================================
Received Prepare
Caller must complete domain reload
Begin MonoManager ReloadAssembly
- Loaded All Assemblies, in  0.490 seconds
Native extension for WindowsStandalone target not found
Native extension for iOS target not found
Native extension for Android target not found
Mono: successfully reloaded assembly
- Finished resetting the current domain, in  1.185 seconds
Domain Reload Profiling: 1673ms
	BeginReloadAssembly (139ms)
		ExecutionOrderSort (0ms)
		DisableScriptedObjects (9ms)
		BackupInstance (0ms)
		ReleaseScriptingObjects (0ms)
		CreateAndSetChildDomain (35ms)
	RebuildCommonClasses (32ms)
	RebuildNativeTypeToScriptingClass (10ms)
	initialDomainReloadingComplete (27ms)
	LoadAllAssembliesAndSetupDomain (279ms)
		LoadAssemblies (275ms)
		RebuildTransferFunctionScriptingTraits (0ms)
		AnalyzeDomain (69ms)
			TypeCache.Refresh (15ms)
				TypeCache.ScanAssembly (0ms)
			ScanForSourceGeneratedMonoScriptInfo (31ms)
			ResolveRequiredComponents (15ms)
	FinalizeReload (1186ms)
		ReleaseScriptCaches (0ms)
		RebuildScriptCaches (0ms)
		SetupLoadedEditorAssemblies (537ms)
			LogAssemblyErrors (0ms)
			InitializePlatformSupportModulesInManaged (27ms)
			SetLoadedEditorAssemblies (3ms)
			RefreshPlugins (0ms)
			BeforeProcessingInitializeOnLoad (79ms)
			ProcessInitializeOnLoadAttributes (365ms)
			ProcessInitializeOnLoadMethodAttributes (57ms)
			AfterProcessingInitializeOnLoad (5ms)
			EditorAssembliesLoaded (0ms)
		ExecutionOrderSort2 (0ms)
		AwakeInstancesAfterBackupRestoration (13ms)
Refreshing native plugins compatible for Editor in 3.21 ms, found 4 plugins.
Preloading 0 native plugins for Editor in 0.00 ms.
Unloading 5575 Unused Serialized files (Serialized files now loaded: 0)
Unloading 35 unused Assets / (0.9 MB). Loaded Objects now: 6382.
Memory consumption went from 198.8 MB to 197.9 MB.
Total: 4.300900 ms (FindLiveObjects: 0.426300 ms CreateObjectMapping: 0.221600 ms MarkObjects: 3.280200 ms  DeleteObjects: 0.371700 ms)

Prepare: number of updated asset objects reloaded= 0
AssetImportParameters requested are different than current active one (requested -> active):
  custom:container-demuxer-ogg: 62fdf1f143b41e24485cea50d1cbac27 -> 
  custom:video-decoder-ogg-theora: a1e56fd34408186e4bbccfd4996cb3dc -> 
  custom:framework-win-MediaFoundation: 216162199b28c13a410421893ffa2e32 -> 
  custom:CustomObjectIndexerAttribute: 72b91833f83ae208fae7752999fa3104 -> 
  custom:container-demuxer-webm: 4f35f7cbe854078d1ac9338744f61a02 -> 
  custom:container-muxer-webm: aa71ff27fc2769a1b78a27578f13a17b -> 
  custom:video-decoder-webm-vp8: 9c59270c3fd7afecdb556c50c9e8de78 -> 
  custom:SearchIndexIgnoredProperties: e643bd26f0fe6173181afceb89e7c659 -> 
  custom:AudioImporter_EditorPlatform: d09bf68614088b80899f8185d706f6e7 -> 
  custom:video-encoder-webm-vp8: eb34c28f22e8b96e1ab97ce403110664 -> 
  custom:audio-decoder-ogg-vorbis: bf7c407c2cedff20999df2af8eb42d56 -> 
  custom:audio-encoder-webm-vorbis: bf7c407c2cedff20999df2af8eb42d56 -> 
========================================================================
Received Prepare
Caller must complete domain reload
Begin MonoManager ReloadAssembly
- Loaded All Assemblies, in  0.463 seconds
Native extension for WindowsStandalone target not found
Native extension for iOS target not found
Native extension for Android target not found
Mono: successfully reloaded assembly
- Finished resetting the current domain, in  1.240 seconds
Domain Reload Profiling: 1701ms
	BeginReloadAssembly (149ms)
		ExecutionOrderSort (0ms)
		DisableScriptedObjects (9ms)
		BackupInstance (0ms)
		ReleaseScriptingObjects (0ms)
		CreateAndSetChildDomain (37ms)
	RebuildCommonClasses (31ms)
	RebuildNativeTypeToScriptingClass (9ms)
	initialDomainReloadingComplete (25ms)
	LoadAllAssembliesAndSetupDomain (246ms)
		LoadAssemblies (276ms)
		RebuildTransferFunctionScriptingTraits (0ms)
		AnalyzeDomain (47ms)
			TypeCache.Refresh (11ms)
				TypeCache.ScanAssembly (0ms)
			ScanForSourceGeneratedMonoScriptInfo (21ms)
			ResolveRequiredComponents (11ms)
	FinalizeReload (1240ms)
		ReleaseScriptCaches (0ms)
		RebuildScriptCaches (0ms)
		SetupLoadedEditorAssemblies (520ms)
			LogAssemblyErrors (0ms)
			InitializePlatformSupportModulesInManaged (28ms)
			SetLoadedEditorAssemblies (3ms)
			RefreshPlugins (0ms)
			BeforeProcessingInitializeOnLoad (65ms)
			ProcessInitializeOnLoadAttributes (361ms)
			ProcessInitializeOnLoadMethodAttributes (57ms)
			AfterProcessingInitializeOnLoad (5ms)
			EditorAssembliesLoaded (0ms)
		ExecutionOrderSort2 (0ms)
		AwakeInstancesAfterBackupRestoration (13ms)
Refreshing native plugins compatible for Editor in 4.62 ms, found 4 plugins.
Preloading 0 native plugins for Editor in 0.00 ms.
Unloading 5575 Unused Serialized files (Serialized files now loaded: 0)
Unloading 35 unused Assets / (0.9 MB). Loaded Objects now: 6387.
Memory consumption went from 198.8 MB to 197.9 MB.
Total: 4.013400 ms (FindLiveObjects: 0.435800 ms CreateObjectMapping: 0.222600 ms MarkObjects: 2.959800 ms  DeleteObjects: 0.393800 ms)

Prepare: number of updated asset objects reloaded= 0
AssetImportParameters requested are different than current active one (requested -> active):
  custom:container-demuxer-ogg: 62fdf1f143b41e24485cea50d1cbac27 -> 
  custom:video-decoder-ogg-theora: a1e56fd34408186e4bbccfd4996cb3dc -> 
  custom:framework-win-MediaFoundation: 216162199b28c13a410421893ffa2e32 -> 
  custom:CustomObjectIndexerAttribute: 72b91833f83ae208fae7752999fa3104 -> 
  custom:container-demuxer-webm: 4f35f7cbe854078d1ac9338744f61a02 -> 
  custom:container-muxer-webm: aa71ff27fc2769a1b78a27578f13a17b -> 
  custom:video-decoder-webm-vp8: 9c59270c3fd7afecdb556c50c9e8de78 -> 
  custom:SearchIndexIgnoredProperties: e643bd26f0fe6173181afceb89e7c659 -> 
  custom:AudioImporter_EditorPlatform: d09bf68614088b80899f8185d706f6e7 -> 
  custom:video-encoder-webm-vp8: eb34c28f22e8b96e1ab97ce403110664 -> 
  custom:audio-decoder-ogg-vorbis: bf7c407c2cedff20999df2af8eb42d56 -> 
  custom:audio-encoder-webm-vorbis: bf7c407c2cedff20999df2af8eb42d56 -> 
========================================================================
Received Prepare
Caller must complete domain reload
Begin MonoManager ReloadAssembly
- Loaded All Assemblies, in  0.409 seconds
Native extension for WindowsStandalone target not found
Native extension for iOS target not found
Native extension for Android target not found
Mono: successfully reloaded assembly
- Finished resetting the current domain, in  1.425 seconds
Domain Reload Profiling: 1832ms
	BeginReloadAssembly (142ms)
		ExecutionOrderSort (0ms)
		DisableScriptedObjects (11ms)
		BackupInstance (0ms)
		ReleaseScriptingObjects (0ms)
		CreateAndSetChildDomain (38ms)
	RebuildCommonClasses (27ms)
	RebuildNativeTypeToScriptingClass (9ms)
	initialDomainReloadingComplete (28ms)
	LoadAllAssembliesAndSetupDomain (200ms)
		LoadAssemblies (245ms)
		RebuildTransferFunctionScriptingTraits (0ms)
		AnalyzeDomain (19ms)
			TypeCache.Refresh (7ms)
				TypeCache.ScanAssembly (0ms)
			ScanForSourceGeneratedMonoScriptInfo (0ms)
			ResolveRequiredComponents (9ms)
	FinalizeReload (1425ms)
		ReleaseScriptCaches (0ms)
		RebuildScriptCaches (0ms)
		SetupLoadedEditorAssemblies (711ms)
			LogAssemblyErrors (0ms)
			InitializePlatformSupportModulesInManaged (39ms)
			SetLoadedEditorAssemblies (4ms)
			RefreshPlugins (0ms)
			BeforeProcessingInitializeOnLoad (81ms)
			ProcessInitializeOnLoadAttributes (498ms)
			ProcessInitializeOnLoadMethodAttributes (81ms)
			AfterProcessingInitializeOnLoad (8ms)
			EditorAssembliesLoaded (1ms)
		ExecutionOrderSort2 (0ms)
		AwakeInstancesAfterBackupRestoration (16ms)
Refreshing native plugins compatible for Editor in 6.86 ms, found 4 plugins.
Preloading 0 native plugins for Editor in 0.00 ms.
Unloading 5575 Unused Serialized files (Serialized files now loaded: 0)
Unloading 35 unused Assets / (0.9 MB). Loaded Objects now: 6392.
Memory consumption went from 198.8 MB to 197.9 MB.
Total: 4.567300 ms (FindLiveObjects: 0.489200 ms CreateObjectMapping: 0.246700 ms MarkObjects: 3.412200 ms  DeleteObjects: 0.418100 ms)

Prepare: number of updated asset objects reloaded= 0
AssetImportParameters requested are different than current active one (requested -> active):
  custom:container-demuxer-ogg: 62fdf1f143b41e24485cea50d1cbac27 -> 
  custom:video-decoder-ogg-theora: a1e56fd34408186e4bbccfd4996cb3dc -> 
  custom:framework-win-MediaFoundation: 216162199b28c13a410421893ffa2e32 -> 
  custom:CustomObjectIndexerAttribute: 72b91833f83ae208fae7752999fa3104 -> 
  custom:container-demuxer-webm: 4f35f7cbe854078d1ac9338744f61a02 -> 
  custom:container-muxer-webm: aa71ff27fc2769a1b78a27578f13a17b -> 
  custom:video-decoder-webm-vp8: 9c59270c3fd7afecdb556c50c9e8de78 -> 
  custom:SearchIndexIgnoredProperties: e643bd26f0fe6173181afceb89e7c659 -> 
  custom:AudioImporter_EditorPlatform: d09bf68614088b80899f8185d706f6e7 -> 
  custom:video-encoder-webm-vp8: eb34c28f22e8b96e1ab97ce403110664 -> 
  custom:audio-decoder-ogg-vorbis: bf7c407c2cedff20999df2af8eb42d56 -> 
  custom:audio-encoder-webm-vorbis: bf7c407c2cedff20999df2af8eb42d56 -> 
========================================================================
Received Prepare
Caller must complete domain reload
Begin MonoManager ReloadAssembly
- Loaded All Assemblies, in  0.531 seconds
Native extension for WindowsStandalone target not found
Native extension for iOS target not found
Native extension for Android target not found
Mono: successfully reloaded assembly
- Finished resetting the current domain, in  1.260 seconds
Domain Reload Profiling: 1789ms
	BeginReloadAssembly (152ms)
		ExecutionOrderSort (0ms)
		DisableScriptedObjects (11ms)
		BackupInstance (0ms)
		ReleaseScriptingObjects (0ms)
		CreateAndSetChildDomain (41ms)
	RebuildCommonClasses (40ms)
	RebuildNativeTypeToScriptingClass (9ms)
	initialDomainReloadingComplete (31ms)
	LoadAllAssembliesAndSetupDomain (297ms)
		LoadAssemblies (320ms)
		RebuildTransferFunctionScriptingTraits (0ms)
		AnalyzeDomain (46ms)
			TypeCache.Refresh (13ms)
				TypeCache.ScanAssembly (0ms)
			ScanForSourceGeneratedMonoScriptInfo (21ms)
			ResolveRequiredComponents (8ms)
	FinalizeReload (1260ms)
		ReleaseScriptCaches (0ms)
		RebuildScriptCaches (0ms)
		SetupLoadedEditorAssemblies (549ms)
			LogAssemblyErrors (0ms)
			InitializePlatformSupportModulesInManaged (26ms)
			SetLoadedEditorAssemblies (3ms)
			RefreshPlugins (0ms)
			BeforeProcessingInitializeOnLoad (75ms)
			ProcessInitializeOnLoadAttributes (388ms)
			ProcessInitializeOnLoadMethodAttributes (53ms)
			AfterProcessingInitializeOnLoad (4ms)
			EditorAssembliesLoaded (0ms)
		ExecutionOrderSort2 (0ms)
		AwakeInstancesAfterBackupRestoration (15ms)
Refreshing native plugins compatible for Editor in 4.56 ms, found 4 plugins.
Preloading 0 native plugins for Editor in 0.00 ms.
Unloading 5575 Unused Serialized files (Serialized files now loaded: 0)
Unloading 35 unused Assets / (0.9 MB). Loaded Objects now: 6397.
Memory consumption went from 198.7 MB to 197.9 MB.
Total: 4.062100 ms (FindLiveObjects: 0.439600 ms CreateObjectMapping: 0.211700 ms MarkObjects: 3.032200 ms  DeleteObjects: 0.377000 ms)

Prepare: number of updated asset objects reloaded= 0
AssetImportParameters requested are different than current active one (requested -> active):
  custom:container-demuxer-ogg: 62fdf1f143b41e24485cea50d1cbac27 -> 
  custom:video-decoder-ogg-theora: a1e56fd34408186e4bbccfd4996cb3dc -> 
  custom:framework-win-MediaFoundation: 216162199b28c13a410421893ffa2e32 -> 
  custom:CustomObjectIndexerAttribute: 72b91833f83ae208fae7752999fa3104 -> 
  custom:container-demuxer-webm: 4f35f7cbe854078d1ac9338744f61a02 -> 
  custom:container-muxer-webm: aa71ff27fc2769a1b78a27578f13a17b -> 
  custom:video-decoder-webm-vp8: 9c59270c3fd7afecdb556c50c9e8de78 -> 
  custom:SearchIndexIgnoredProperties: e643bd26f0fe6173181afceb89e7c659 -> 
  custom:AudioImporter_EditorPlatform: d09bf68614088b80899f8185d706f6e7 -> 
  custom:video-encoder-webm-vp8: eb34c28f22e8b96e1ab97ce403110664 -> 
  custom:audio-decoder-ogg-vorbis: bf7c407c2cedff20999df2af8eb42d56 -> 
  custom:audio-encoder-webm-vorbis: bf7c407c2cedff20999df2af8eb42d56 -> 
========================================================================
Received Prepare
Caller must complete domain reload
Begin MonoManager ReloadAssembly
- Loaded All Assemblies, in  0.962 seconds
Native extension for WindowsStandalone target not found
Native extension for iOS target not found
Native extension for Android target not found
Mono: successfully reloaded assembly
- Finished resetting the current domain, in  1.262 seconds
Domain Reload Profiling: 2212ms
	BeginReloadAssembly (165ms)
		ExecutionOrderSort (0ms)
		DisableScriptedObjects (9ms)
		BackupInstance (0ms)
		ReleaseScriptingObjects (0ms)
		CreateAndSetChildDomain (38ms)
	RebuildCommonClasses (37ms)
	RebuildNativeTypeToScriptingClass (13ms)
	initialDomainReloadingComplete (35ms)
	LoadAllAssembliesAndSetupDomain (700ms)
		LoadAssemblies (725ms)
		RebuildTransferFunctionScriptingTraits (0ms)
		AnalyzeDomain (59ms)
			TypeCache.Refresh (17ms)
				TypeCache.ScanAssembly (0ms)
			ScanForSourceGeneratedMonoScriptInfo (25ms)
			ResolveRequiredComponents (13ms)
	FinalizeReload (1262ms)
		ReleaseScriptCaches (0ms)
		RebuildScriptCaches (0ms)
		SetupLoadedEditorAssemblies (502ms)
			LogAssemblyErrors (0ms)
			InitializePlatformSupportModulesInManaged (26ms)
			SetLoadedEditorAssemblies (3ms)
			RefreshPlugins (0ms)
			BeforeProcessingInitializeOnLoad (62ms)
			ProcessInitializeOnLoadAttributes (353ms)
			ProcessInitializeOnLoadMethodAttributes (53ms)
			AfterProcessingInitializeOnLoad (4ms)
			EditorAssembliesLoaded (0ms)
		ExecutionOrderSort2 (0ms)
		AwakeInstancesAfterBackupRestoration (13ms)
Refreshing native plugins compatible for Editor in 3.70 ms, found 4 plugins.
Preloading 0 native plugins for Editor in 0.00 ms.
Unloading 5575 Unused Serialized files (Serialized files now loaded: 0)
Unloading 35 unused Assets / (0.9 MB). Loaded Objects now: 6402.
Memory consumption went from 198.8 MB to 197.9 MB.
Total: 4.402600 ms (FindLiveObjects: 0.489000 ms CreateObjectMapping: 0.266500 ms MarkObjects: 3.208200 ms  DeleteObjects: 0.437300 ms)

Prepare: number of updated asset objects reloaded= 0
AssetImportParameters requested are different than current active one (requested -> active):
  custom:container-demuxer-ogg: 62fdf1f143b41e24485cea50d1cbac27 -> 
  custom:video-decoder-ogg-theora: a1e56fd34408186e4bbccfd4996cb3dc -> 
  custom:framework-win-MediaFoundation: 216162199b28c13a410421893ffa2e32 -> 
  custom:CustomObjectIndexerAttribute: 72b91833f83ae208fae7752999fa3104 -> 
  custom:container-demuxer-webm: 4f35f7cbe854078d1ac9338744f61a02 -> 
  custom:container-muxer-webm: aa71ff27fc2769a1b78a27578f13a17b -> 
  custom:video-decoder-webm-vp8: 9c59270c3fd7afecdb556c50c9e8de78 -> 
  custom:SearchIndexIgnoredProperties: e643bd26f0fe6173181afceb89e7c659 -> 
  custom:AudioImporter_EditorPlatform: d09bf68614088b80899f8185d706f6e7 -> 
  custom:video-encoder-webm-vp8: eb34c28f22e8b96e1ab97ce403110664 -> 
  custom:audio-decoder-ogg-vorbis: bf7c407c2cedff20999df2af8eb42d56 -> 
  custom:audio-encoder-webm-vorbis: bf7c407c2cedff20999df2af8eb42d56 -> 
========================================================================
Received Prepare
Caller must complete domain reload
Begin MonoManager ReloadAssembly
- Loaded All Assemblies, in  0.406 seconds
Native extension for WindowsStandalone target not found
Native extension for iOS target not found
Native extension for Android target not found
Mono: successfully reloaded assembly
- Finished resetting the current domain, in  1.421 seconds
Domain Reload Profiling: 1823ms
	BeginReloadAssembly (135ms)
		ExecutionOrderSort (0ms)
		DisableScriptedObjects (11ms)
		BackupInstance (0ms)
		ReleaseScriptingObjects (0ms)
		CreateAndSetChildDomain (35ms)
	RebuildCommonClasses (27ms)
	RebuildNativeTypeToScriptingClass (11ms)
	initialDomainReloadingComplete (25ms)
	LoadAllAssembliesAndSetupDomain (204ms)
		LoadAssemblies (245ms)
		RebuildTransferFunctionScriptingTraits (0ms)
		AnalyzeDomain (20ms)
			TypeCache.Refresh (7ms)
				TypeCache.ScanAssembly (0ms)
			ScanForSourceGeneratedMonoScriptInfo (0ms)
			ResolveRequiredComponents (10ms)
	FinalizeReload (1422ms)
		ReleaseScriptCaches (0ms)
		RebuildScriptCaches (0ms)
		SetupLoadedEditorAssemblies (728ms)
			LogAssemblyErrors (0ms)
			InitializePlatformSupportModulesInManaged (53ms)
			SetLoadedEditorAssemblies (4ms)
			RefreshPlugins (0ms)
			BeforeProcessingInitializeOnLoad (82ms)
			ProcessInitializeOnLoadAttributes (506ms)
			ProcessInitializeOnLoadMethodAttributes (78ms)
			AfterProcessingInitializeOnLoad (5ms)
			EditorAssembliesLoaded (0ms)
		ExecutionOrderSort2 (0ms)
		AwakeInstancesAfterBackupRestoration (18ms)
Refreshing native plugins compatible for Editor in 5.52 ms, found 4 plugins.
Preloading 0 native plugins for Editor in 0.00 ms.
Unloading 5575 Unused Serialized files (Serialized files now loaded: 0)
Unloading 35 unused Assets / (0.9 MB). Loaded Objects now: 6407.
Memory consumption went from 198.8 MB to 197.9 MB.
Total: 5.409000 ms (FindLiveObjects: 0.591900 ms CreateObjectMapping: 0.320600 ms MarkObjects: 3.858700 ms  DeleteObjects: 0.636600 ms)

Prepare: number of updated asset objects reloaded= 0
AssetImportParameters requested are different than current active one (requested -> active):
  custom:container-demuxer-ogg: 62fdf1f143b41e24485cea50d1cbac27 -> 
  custom:video-decoder-ogg-theora: a1e56fd34408186e4bbccfd4996cb3dc -> 
  custom:framework-win-MediaFoundation: 216162199b28c13a410421893ffa2e32 -> 
  custom:CustomObjectIndexerAttribute: 72b91833f83ae208fae7752999fa3104 -> 
  custom:container-demuxer-webm: 4f35f7cbe854078d1ac9338744f61a02 -> 
  custom:container-muxer-webm: aa71ff27fc2769a1b78a27578f13a17b -> 
  custom:video-decoder-webm-vp8: 9c59270c3fd7afecdb556c50c9e8de78 -> 
  custom:SearchIndexIgnoredProperties: e643bd26f0fe6173181afceb89e7c659 -> 
  custom:AudioImporter_EditorPlatform: d09bf68614088b80899f8185d706f6e7 -> 
  custom:video-encoder-webm-vp8: eb34c28f22e8b96e1ab97ce403110664 -> 
  custom:audio-decoder-ogg-vorbis: bf7c407c2cedff20999df2af8eb42d56 -> 
  custom:audio-encoder-webm-vorbis: bf7c407c2cedff20999df2af8eb42d56 -> 
========================================================================
Received Prepare
Caller must complete domain reload
Begin MonoManager ReloadAssembly
- Loaded All Assemblies, in  0.406 seconds
Native extension for WindowsStandalone target not found
Native extension for iOS target not found
Native extension for Android target not found
Mono: successfully reloaded assembly
- Finished resetting the current domain, in  1.400 seconds
Domain Reload Profiling: 1805ms
	BeginReloadAssembly (145ms)
		ExecutionOrderSort (0ms)
		DisableScriptedObjects (9ms)
		BackupInstance (0ms)
		ReleaseScriptingObjects (0ms)
		CreateAndSetChildDomain (40ms)
	RebuildCommonClasses (27ms)
	RebuildNativeTypeToScriptingClass (9ms)
	initialDomainReloadingComplete (23ms)
	LoadAllAssembliesAndSetupDomain (200ms)
		LoadAssemblies (244ms)
		RebuildTransferFunctionScriptingTraits (0ms)
		AnalyzeDomain (19ms)
			TypeCache.Refresh (6ms)
				TypeCache.ScanAssembly (0ms)
			ScanForSourceGeneratedMonoScriptInfo (0ms)
			ResolveRequiredComponents (10ms)
	FinalizeReload (1401ms)
		ReleaseScriptCaches (0ms)
		RebuildScriptCaches (0ms)
		SetupLoadedEditorAssemblies (720ms)
			LogAssemblyErrors (0ms)
			InitializePlatformSupportModulesInManaged (33ms)
			SetLoadedEditorAssemblies (3ms)
			RefreshPlugins (0ms)
			BeforeProcessingInitializeOnLoad (80ms)
			ProcessInitializeOnLoadAttributes (503ms)
			ProcessInitializeOnLoadMethodAttributes (94ms)
			AfterProcessingInitializeOnLoad (6ms)
			EditorAssembliesLoaded (0ms)
		ExecutionOrderSort2 (0ms)
		AwakeInstancesAfterBackupRestoration (18ms)
Refreshing native plugins compatible for Editor in 6.39 ms, found 4 plugins.
Preloading 0 native plugins for Editor in 0.00 ms.
Unloading 5575 Unused Serialized files (Serialized files now loaded: 0)
Unloading 35 unused Assets / (0.9 MB). Loaded Objects now: 6412.
Memory consumption went from 198.8 MB to 197.9 MB.
Total: 5.038600 ms (FindLiveObjects: 0.559400 ms CreateObjectMapping: 0.231400 ms MarkObjects: 3.536600 ms  DeleteObjects: 0.709600 ms)

Prepare: number of updated asset objects reloaded= 0
AssetImportParameters requested are different than current active one (requested -> active):
  custom:container-demuxer-ogg: 62fdf1f143b41e24485cea50d1cbac27 -> 
  custom:video-decoder-ogg-theora: a1e56fd34408186e4bbccfd4996cb3dc -> 
  custom:framework-win-MediaFoundation: 216162199b28c13a410421893ffa2e32 -> 
  custom:CustomObjectIndexerAttribute: 72b91833f83ae208fae7752999fa3104 -> 
  custom:container-demuxer-webm: 4f35f7cbe854078d1ac9338744f61a02 -> 
  custom:container-muxer-webm: aa71ff27fc2769a1b78a27578f13a17b -> 
  custom:video-decoder-webm-vp8: 9c59270c3fd7afecdb556c50c9e8de78 -> 
  custom:SearchIndexIgnoredProperties: e643bd26f0fe6173181afceb89e7c659 -> 
  custom:AudioImporter_EditorPlatform: d09bf68614088b80899f8185d706f6e7 -> 
  custom:video-encoder-webm-vp8: eb34c28f22e8b96e1ab97ce403110664 -> 
  custom:audio-decoder-ogg-vorbis: bf7c407c2cedff20999df2af8eb42d56 -> 
  custom:audio-encoder-webm-vorbis: bf7c407c2cedff20999df2af8eb42d56 -> 
========================================================================
Received Import Request.
  Time since last request: 32779.084629 seconds.
  path: Assets/tiles_packed_1.asset
  artifactKey: Guid(05caa57b03296084b9750db814d29e91) Importer(815301076,1909f56bfc062723c751e8b465ee728b)
Start importing Assets/tiles_packed_1.asset using Guid(05caa57b03296084b9750db814d29e91) Importer(815301076,1909f56bfc062723c751e8b465ee728b) [PhysX] Initialized MultithreadedTaskDispatcher with 8 workers.
 -> (artifact id: '4eb558072e6f9c80ca95bb2816fc27be') in 0.176096 seconds
Number of updated asset objects reloaded before import = 0
Number of asset objects unloaded after import = 3
========================================================================
Received Import Request.
  Time since last request: 0.000052 seconds.
  path: Assets/tiles_packed_5.asset
  artifactKey: Guid(2ecdf7c35d0303646a2db95a2421cd18) Importer(815301076,1909f56bfc062723c751e8b465ee728b)
Start importing Assets/tiles_packed_5.asset using Guid(2ecdf7c35d0303646a2db95a2421cd18) Importer(815301076,1909f56bfc062723c751e8b465ee728b) [PhysX] Initialized MultithreadedTaskDispatcher with 8 workers.
 -> (artifact id: '54c54727558f6b6870a137816dcf609a') in 0.016228 seconds
Number of updated asset objects reloaded before import = 0
Number of asset objects unloaded after import = 3
========================================================================
Received Import Request.
  Time since last request: 0.000056 seconds.
  path: Assets/tiles_packed_23.asset
  artifactKey: Guid(92398d85527a16346a17c8b48b443c7b) Importer(815301076,1909f56bfc062723c751e8b465ee728b)
Start importing Assets/tiles_packed_23.asset using Guid(92398d85527a16346a17c8b48b443c7b) Importer(815301076,1909f56bfc062723c751e8b465ee728b) [PhysX] Initialized MultithreadedTaskDispatcher with 8 workers.
 -> (artifact id: '5008afcdd468022b380e8f7bcaf0b01e') in 0.015510 seconds
Number of updated asset objects reloaded before import = 0
Number of asset objects unloaded after import = 3
========================================================================
Received Import Request.
  Time since last request: 0.000066 seconds.
  path: Assets/tiles_packed_24.asset
  artifactKey: Guid(bf05782df554ec24e8d95ab7473a6365) Importer(815301076,1909f56bfc062723c751e8b465ee728b)
Start importing Assets/tiles_packed_24.asset using Guid(bf05782df554ec24e8d95ab7473a6365) Importer(815301076,1909f56bfc062723c751e8b465ee728b) [PhysX] Initialized MultithreadedTaskDispatcher with 8 workers.
 -> (artifact id: 'cbb16e8cdc1b3fd1e81c1057dcb240dc') in 0.014509 seconds
Number of updated asset objects reloaded before import = 0
Number of asset objects unloaded after import = 3
========================================================================
Received Import Request.
  Time since last request: 0.000035 seconds.
  path: Assets/tiles_packed_19.asset
  artifactKey: Guid(16ee348ec5c37cf47877bd0a6b5c788e) Importer(815301076,1909f56bfc062723c751e8b465ee728b)
Start importing Assets/tiles_packed_19.asset using Guid(16ee348ec5c37cf47877bd0a6b5c788e) Importer(815301076,1909f56bfc062723c751e8b465ee728b) [PhysX] Initialized MultithreadedTaskDispatcher with 8 workers.
 -> (artifact id: 'c27db679f85060ea2e2a3933b44ee184') in 0.015319 seconds
Number of updated asset objects reloaded before import = 0
Number of asset objects unloaded after import = 3
========================================================================
Received Import Request.
  Time since last request: 0.000025 seconds.
  path: Assets/tiles_packed_13.asset
  artifactKey: Guid(2e1e528783ae8944f9ea9fb01177ccf1) Importer(815301076,1909f56bfc062723c751e8b465ee728b)
Start importing Assets/tiles_packed_13.asset using Guid(2e1e528783ae8944f9ea9fb01177ccf1) Importer(815301076,1909f56bfc062723c751e8b465ee728b) [PhysX] Initialized MultithreadedTaskDispatcher with 8 workers.
 -> (artifact id: '28b35af5c7940d625e587ceb7f0c7ca5') in 0.017115 seconds
Number of updated asset objects reloaded before import = 0
Number of asset objects unloaded after import = 3
========================================================================
Received Import Request.
  Time since last request: 0.000025 seconds.
  path: Assets/tiles_packed_4.asset
  artifactKey: Guid(caa770f5a10121640b911f4f5106f3f9) Importer(815301076,1909f56bfc062723c751e8b465ee728b)
Start importing Assets/tiles_packed_4.asset using Guid(caa770f5a10121640b911f4f5106f3f9) Importer(815301076,1909f56bfc062723c751e8b465ee728b) [PhysX] Initialized MultithreadedTaskDispatcher with 8 workers.
 -> (artifact id: 'db1da7ed728966995ab217277b01d5fe') in 0.012353 seconds
Number of updated asset objects reloaded before import = 0
Number of asset objects unloaded after import = 3
========================================================================
Received Import Request.
  Time since last request: 0.000027 seconds.
  path: Assets/tiles_packed_17.asset
  artifactKey: Guid(85158c426b2bff24788d263f25e4f3fd) Importer(815301076,1909f56bfc062723c751e8b465ee728b)
Start importing Assets/tiles_packed_17.asset using Guid(85158c426b2bff24788d263f25e4f3fd) Importer(815301076,1909f56bfc062723c751e8b465ee728b) [PhysX] Initialized MultithreadedTaskDispatcher with 8 workers.
 -> (artifact id: 'd023e4847dafb2fccb904c6031df0eb9') in 0.013697 seconds
Number of updated asset objects reloaded before import = 0
Number of asset objects unloaded after import = 3
========================================================================
Received Import Request.
  Time since last request: 0.000026 seconds.
  path: Assets/tiles_packed_16.asset
  artifactKey: Guid(0a0a9ce92129528468eea8833524d9d5) Importer(815301076,1909f56bfc062723c751e8b465ee728b)
Start importing Assets/tiles_packed_16.asset using Guid(0a0a9ce92129528468eea8833524d9d5) Importer(815301076,1909f56bfc062723c751e8b465ee728b) [PhysX] Initialized MultithreadedTaskDispatcher with 8 workers.
 -> (artifact id: '812ff7b3d8d5b122469801f8891b3ac7') in 0.013927 seconds
Number of updated asset objects reloaded before import = 0
Number of asset objects unloaded after import = 3
========================================================================
Received Import Request.
  Time since last request: 0.000017 seconds.
  path: Assets/tiles_packed_10.asset
  artifactKey: Guid(5bffc73bfa931cb43ba0772075eeafca) Importer(815301076,1909f56bfc062723c751e8b465ee728b)
Start importing Assets/tiles_packed_10.asset using Guid(5bffc73bfa931cb43ba0772075eeafca) Importer(815301076,1909f56bfc062723c751e8b465ee728b) [PhysX] Initialized MultithreadedTaskDispatcher with 8 workers.
 -> (artifact id: 'c96fe083a289c4e2fd2757e410ac5937') in 0.014466 seconds
Number of updated asset objects reloaded before import = 0
Number of asset objects unloaded after import = 3
========================================================================
Received Import Request.
  Time since last request: 0.000018 seconds.
  path: Assets/tiles_packed_11.asset
  artifactKey: Guid(95bed420f6983bf4fbf0429b167c96a0) Importer(815301076,1909f56bfc062723c751e8b465ee728b)
Start importing Assets/tiles_packed_11.asset using Guid(95bed420f6983bf4fbf0429b167c96a0) Importer(815301076,1909f56bfc062723c751e8b465ee728b) [PhysX] Initialized MultithreadedTaskDispatcher with 8 workers.
 -> (artifact id: '5d82fc90cf001230a2c2a903947de6c5') in 0.013978 seconds
Number of updated asset objects reloaded before import = 0
Number of asset objects unloaded after import = 3
========================================================================
Received Import Request.
  Time since last request: 0.000024 seconds.
  path: Assets/tiles_packed_9.asset
  artifactKey: Guid(eee20fa74a40deb4a9fde6d46b874dd8) Importer(815301076,1909f56bfc062723c751e8b465ee728b)
Start importing Assets/tiles_packed_9.asset using Guid(eee20fa74a40deb4a9fde6d46b874dd8) Importer(815301076,1909f56bfc062723c751e8b465ee728b) [PhysX] Initialized MultithreadedTaskDispatcher with 8 workers.
 -> (artifact id: 'd5c03599d2f1165999cb88d58e4fedcb') in 0.014213 seconds
Number of updated asset objects reloaded before import = 0
Number of asset objects unloaded after import = 3
========================================================================
Received Import Request.
  Time since last request: 0.876202 seconds.
  path: Assets/tiles_packed_26.asset
  artifactKey: Guid(55c1f4f00354885428efa39af50aacbb) Importer(815301076,1909f56bfc062723c751e8b465ee728b)
Start importing Assets/tiles_packed_26.asset using Guid(55c1f4f00354885428efa39af50aacbb) Importer(815301076,1909f56bfc062723c751e8b465ee728b) [PhysX] Initialized MultithreadedTaskDispatcher with 8 workers.
 -> (artifact id: 'c8171020e24c498ea39eafa1f1d6b4ea') in 0.023888 seconds
Number of updated asset objects reloaded before import = 0
Number of asset objects unloaded after import = 3
========================================================================
Received Import Request.
  Time since last request: 0.000026 seconds.
  path: Assets/tiles_packed_33.asset
  artifactKey: Guid(486b50fedb7e1fe4c962873e39c47a15) Importer(815301076,1909f56bfc062723c751e8b465ee728b)
Start importing Assets/tiles_packed_33.asset using Guid(486b50fedb7e1fe4c962873e39c47a15) Importer(815301076,1909f56bfc062723c751e8b465ee728b) [PhysX] Initialized MultithreadedTaskDispatcher with 8 workers.
 -> (artifact id: '7e01bd4ed52d588ed2aa408329bca6d6') in 0.015446 seconds
Number of updated asset objects reloaded before import = 0
Number of asset objects unloaded after import = 3
========================================================================
Received Import Request.
  Time since last request: 0.000280 seconds.
  path: Assets/tiles_packed_32.asset
  artifactKey: Guid(fa496793f8892f542b0c7696e573d98d) Importer(815301076,1909f56bfc062723c751e8b465ee728b)
Start importing Assets/tiles_packed_32.asset using Guid(fa496793f8892f542b0c7696e573d98d) Importer(815301076,1909f56bfc062723c751e8b465ee728b) [PhysX] Initialized MultithreadedTaskDispatcher with 8 workers.
 -> (artifact id: '0f8e290615e60e2bad07204aab9516e7') in 0.014790 seconds
Number of updated asset objects reloaded before import = 0
Number of asset objects unloaded after import = 3
========================================================================
Received Import Request.
  Time since last request: 0.000030 seconds.
  path: Assets/tiles_packed_30.asset
  artifactKey: Guid(6c09a587ddeb4e74db752e8ac21a902f) Importer(815301076,1909f56bfc062723c751e8b465ee728b)
Start importing Assets/tiles_packed_30.asset using Guid(6c09a587ddeb4e74db752e8ac21a902f) Importer(815301076,1909f56bfc062723c751e8b465ee728b) [PhysX] Initialized MultithreadedTaskDispatcher with 8 workers.
 -> (artifact id: 'bd5127f89e80a9b5d9b1ce9ef5ba529d') in 0.015721 seconds
Number of updated asset objects reloaded before import = 0
Number of asset objects unloaded after import = 3
========================================================================
Received Import Request.
  Time since last request: 0.000032 seconds.
  path: Assets/tiles_packed_35.asset
  artifactKey: Guid(5d48d6f75b43bef49a7dcef72ccfbd90) Importer(815301076,1909f56bfc062723c751e8b465ee728b)
Start importing Assets/tiles_packed_35.asset using Guid(5d48d6f75b43bef49a7dcef72ccfbd90) Importer(815301076,1909f56bfc062723c751e8b465ee728b) [PhysX] Initialized MultithreadedTaskDispatcher with 8 workers.
 -> (artifact id: 'c3cf128c56f3a36e4d05007c98a69edd') in 0.019875 seconds
Number of updated asset objects reloaded before import = 0
Number of asset objects unloaded after import = 3
========================================================================
Received Import Request.
  Time since last request: 0.000020 seconds.
  path: Assets/tiles_packed_46.asset
  artifactKey: Guid(80de743b2a2d50143af2a0c2adf71181) Importer(815301076,1909f56bfc062723c751e8b465ee728b)
Start importing Assets/tiles_packed_46.asset using Guid(80de743b2a2d50143af2a0c2adf71181) Importer(815301076,1909f56bfc062723c751e8b465ee728b) [PhysX] Initialized MultithreadedTaskDispatcher with 8 workers.
 -> (artifact id: 'eba538b32776ac323e30b2ea0435ed53') in 0.006368 seconds
Number of updated asset objects reloaded before import = 0
Number of asset objects unloaded after import = 3
========================================================================
Received Import Request.
  Time since last request: 0.000020 seconds.
  path: Assets/tiles_packed_36.asset
  artifactKey: Guid(b49ce49da48d9a24cac04943a953adc5) Importer(815301076,1909f56bfc062723c751e8b465ee728b)
Start importing Assets/tiles_packed_36.asset using Guid(b49ce49da48d9a24cac04943a953adc5) Importer(815301076,1909f56bfc062723c751e8b465ee728b) [PhysX] Initialized MultithreadedTaskDispatcher with 8 workers.
 -> (artifact id: '1e7e3a26c64cc74347f5bbd354583772') in 0.014632 seconds
Number of updated asset objects reloaded before import = 0
Number of asset objects unloaded after import = 3
========================================================================
Received Import Request.
  Time since last request: 0.000037 seconds.
  path: Assets/tiles_packed_34.asset
  artifactKey: Guid(85873910374628240af48882f545ecb1) Importer(815301076,1909f56bfc062723c751e8b465ee728b)
Start importing Assets/tiles_packed_34.asset using Guid(85873910374628240af48882f545ecb1) Importer(815301076,1909f56bfc062723c751e8b465ee728b) [PhysX] Initialized MultithreadedTaskDispatcher with 8 workers.
 -> (artifact id: '8ca3cba8637138271ca07ffe6638baae') in 0.014161 seconds
Number of updated asset objects reloaded before import = 0
Number of asset objects unloaded after import = 3
========================================================================
Received Import Request.
  Time since last request: 0.000026 seconds.
  path: Assets/tiles_packed_44.asset
  artifactKey: Guid(6d6d9d49d540df3408b4f55aab2018ce) Importer(815301076,1909f56bfc062723c751e8b465ee728b)
Start importing Assets/tiles_packed_44.asset using Guid(6d6d9d49d540df3408b4f55aab2018ce) Importer(815301076,1909f56bfc062723c751e8b465ee728b) [PhysX] Initialized MultithreadedTaskDispatcher with 8 workers.
 -> (artifact id: 'bc5589c183d27a66c7db7a5981fafe5b') in 0.006596 seconds
Number of updated asset objects reloaded before import = 0
Number of asset objects unloaded after import = 3
========================================================================
Received Import Request.
  Time since last request: 0.000017 seconds.
  path: Assets/tiles_packed_38.asset
  artifactKey: Guid(edc55c9503e73a341aedb2232933a8fa) Importer(815301076,1909f56bfc062723c751e8b465ee728b)
Start importing Assets/tiles_packed_38.asset using Guid(edc55c9503e73a341aedb2232933a8fa) Importer(815301076,1909f56bfc062723c751e8b465ee728b) [PhysX] Initialized MultithreadedTaskDispatcher with 8 workers.
 -> (artifact id: '348b4f6fb5c0a94c9929e6e8cacf5729') in 0.014383 seconds
Number of updated asset objects reloaded before import = 0
Number of asset objects unloaded after import = 3
========================================================================
Received Import Request.
  Time since last request: 0.000035 seconds.
  path: Assets/tiles_packed_48.asset
  artifactKey: Guid(09887491222438c4fb78e2ec9bf15395) Importer(815301076,1909f56bfc062723c751e8b465ee728b)
Start importing Assets/tiles_packed_48.asset using Guid(09887491222438c4fb78e2ec9bf15395) Importer(815301076,1909f56bfc062723c751e8b465ee728b) [PhysX] Initialized MultithreadedTaskDispatcher with 8 workers.
 -> (artifact id: '0be237a827e633eba8e06623a3e7ff7c') in 0.014775 seconds
Number of updated asset objects reloaded before import = 0
Number of asset objects unloaded after import = 3
========================================================================
Received Import Request.
  Time since last request: 0.000019 seconds.
  path: Assets/tiles_packed_56.asset
  artifactKey: Guid(75804c23f1b8e1e4c847078cfb9f468d) Importer(815301076,1909f56bfc062723c751e8b465ee728b)
Start importing Assets/tiles_packed_56.asset using Guid(75804c23f1b8e1e4c847078cfb9f468d) Importer(815301076,1909f56bfc062723c751e8b465ee728b) [PhysX] Initialized MultithreadedTaskDispatcher with 8 workers.
 -> (artifact id: '0a2ed9e3ebc8d49df7c3e992cac84fe2') in 0.014606 seconds
Number of updated asset objects reloaded before import = 0
Number of asset objects unloaded after import = 3
========================================================================
Received Import Request.
  Time since last request: 0.000020 seconds.
  path: Assets/tiles_packed_54.asset
  artifactKey: Guid(bb657b9c8155b5245ae04c8867803cc7) Importer(815301076,1909f56bfc062723c751e8b465ee728b)
Start importing Assets/tiles_packed_54.asset using Guid(bb657b9c8155b5245ae04c8867803cc7) Importer(815301076,1909f56bfc062723c751e8b465ee728b) [PhysX] Initialized MultithreadedTaskDispatcher with 8 workers.
 -> (artifact id: '3b402784d66d3dd5986f70ed317cc8b1') in 0.017414 seconds
Number of updated asset objects reloaded before import = 0
Number of asset objects unloaded after import = 3
========================================================================
Received Import Request.
  Time since last request: 0.000021 seconds.
  path: Assets/tiles_packed_60.asset
  artifactKey: Guid(b665c60f7cb2e384d88b195224021a0b) Importer(815301076,1909f56bfc062723c751e8b465ee728b)
Start importing Assets/tiles_packed_60.asset using Guid(b665c60f7cb2e384d88b195224021a0b) Importer(815301076,1909f56bfc062723c751e8b465ee728b) [PhysX] Initialized MultithreadedTaskDispatcher with 8 workers.
 -> (artifact id: '30657115ab9cb4ab2eb4382cf9cad951') in 0.014549 seconds
Number of updated asset objects reloaded before import = 0
Number of asset objects unloaded after import = 3
========================================================================
Received Import Request.
  Time since last request: 0.000021 seconds.
  path: Assets/tiles_packed_57.asset
  artifactKey: Guid(642df858498c768449a3fe050de62d45) Importer(815301076,1909f56bfc062723c751e8b465ee728b)
Start importing Assets/tiles_packed_57.asset using Guid(642df858498c768449a3fe050de62d45) Importer(815301076,1909f56bfc062723c751e8b465ee728b) [PhysX] Initialized MultithreadedTaskDispatcher with 8 workers.
 -> (artifact id: '8d9d49f681061d78a80cf9f6c0deab75') in 0.013532 seconds
Number of updated asset objects reloaded before import = 0
Number of asset objects unloaded after import = 3
========================================================================
Received Import Request.
  Time since last request: 0.000024 seconds.
  path: Assets/tiles_packed_37.asset
  artifactKey: Guid(8ae06f1e613c6ba4b85e88f5d0793f64) Importer(815301076,1909f56bfc062723c751e8b465ee728b)
Start importing Assets/tiles_packed_37.asset using Guid(8ae06f1e613c6ba4b85e88f5d0793f64) Importer(815301076,1909f56bfc062723c751e8b465ee728b) [PhysX] Initialized MultithreadedTaskDispatcher with 8 workers.
 -> (artifact id: '6174a4c1a8e07eb83d39e334e18b0bf5') in 0.013830 seconds
Number of updated asset objects reloaded before import = 0
Number of asset objects unloaded after import = 3
========================================================================
Received Import Request.
  Time since last request: 0.000021 seconds.
  path: Assets/tiles_packed_27.asset
  artifactKey: Guid(91da90eb37280a74db0793cc389034e7) Importer(815301076,1909f56bfc062723c751e8b465ee728b)
Start importing Assets/tiles_packed_27.asset using Guid(91da90eb37280a74db0793cc389034e7) Importer(815301076,1909f56bfc062723c751e8b465ee728b) [PhysX] Initialized MultithreadedTaskDispatcher with 8 workers.
 -> (artifact id: '0a6a00eb89cbaf8a20c6cf5ff9664a33') in 0.006792 seconds
Number of updated asset objects reloaded before import = 0
Number of asset objects unloaded after import = 3
========================================================================
Received Import Request.
  Time since last request: 0.000022 seconds.
  path: Assets/tiles_packed_51.asset
  artifactKey: Guid(dcdcbb530e31df840bc2651f1b7b67e9) Importer(815301076,1909f56bfc062723c751e8b465ee728b)
Start importing Assets/tiles_packed_51.asset using Guid(dcdcbb530e31df840bc2651f1b7b67e9) Importer(815301076,1909f56bfc062723c751e8b465ee728b) [PhysX] Initialized MultithreadedTaskDispatcher with 8 workers.
 -> (artifact id: 'f57d9876fdb4b2ea153d945de4bc6c73') in 0.006690 seconds
Number of updated asset objects reloaded before import = 0
Number of asset objects unloaded after import = 3
========================================================================
Received Import Request.
  Time since last request: 0.352302 seconds.
  path: Assets/tiles_packed_62.asset
  artifactKey: Guid(fa58a6b9993fb5e4d992c7b6f8e0ed4a) Importer(815301076,1909f56bfc062723c751e8b465ee728b)
Start importing Assets/tiles_packed_62.asset using Guid(fa58a6b9993fb5e4d992c7b6f8e0ed4a) Importer(815301076,1909f56bfc062723c751e8b465ee728b) [PhysX] Initialized MultithreadedTaskDispatcher with 8 workers.
 -> (artifact id: 'd9ebf4938994ffb3952a406833265cdb') in 0.024135 seconds
Number of updated asset objects reloaded before import = 0
Number of asset objects unloaded after import = 3
========================================================================
Received Import Request.
  Time since last request: 0.000029 seconds.
  path: Assets/tiles_packed_69.asset
  artifactKey: Guid(48ae32f6bb546c04996610af42290614) Importer(815301076,1909f56bfc062723c751e8b465ee728b)
Start importing Assets/tiles_packed_69.asset using Guid(48ae32f6bb546c04996610af42290614) Importer(815301076,1909f56bfc062723c751e8b465ee728b) [PhysX] Initialized MultithreadedTaskDispatcher with 8 workers.
 -> (artifact id: '3374d4c37dae2584d46e4567f736153c') in 0.005819 seconds
Number of updated asset objects reloaded before import = 0
Number of asset objects unloaded after import = 3
========================================================================
Received Import Request.
  Time since last request: 0.000024 seconds.
  path: Assets/tiles_packed_67.asset
  artifactKey: Guid(c9b3d20ba850d9646a8a891893adb4f2) Importer(815301076,1909f56bfc062723c751e8b465ee728b)
Start importing Assets/tiles_packed_67.asset using Guid(c9b3d20ba850d9646a8a891893adb4f2) Importer(815301076,1909f56bfc062723c751e8b465ee728b) [PhysX] Initialized MultithreadedTaskDispatcher with 8 workers.
 -> (artifact id: 'a48b609d2b18e2618fe80442d74dd074') in 0.006374 seconds
Number of updated asset objects reloaded before import = 0
Number of asset objects unloaded after import = 3
========================================================================
Received Import Request.
  Time since last request: 0.000019 seconds.
  path: Assets/tiles_packed_66.asset
  artifactKey: Guid(b7f37eb3d180fa4438525945f90e54e7) Importer(815301076,1909f56bfc062723c751e8b465ee728b)
Start importing Assets/tiles_packed_66.asset using Guid(b7f37eb3d180fa4438525945f90e54e7) Importer(815301076,1909f56bfc062723c751e8b465ee728b) [PhysX] Initialized MultithreadedTaskDispatcher with 8 workers.
 -> (artifact id: '1d3d0b6a7d608c23c96e82fe9d231885') in 0.015317 seconds
Number of updated asset objects reloaded before import = 0
Number of asset objects unloaded after import = 3
========================================================================
Received Import Request.
  Time since last request: 0.000020 seconds.
  path: Assets/tiles_packed_78.asset
  artifactKey: Guid(025621d994c19a74c9bedd31941cf919) Importer(815301076,1909f56bfc062723c751e8b465ee728b)
Start importing Assets/tiles_packed_78.asset using Guid(025621d994c19a74c9bedd31941cf919) Importer(815301076,1909f56bfc062723c751e8b465ee728b) [PhysX] Initialized MultithreadedTaskDispatcher with 8 workers.
 -> (artifact id: '1fba3a78e2b91c075abd0cc47abccac1') in 0.013480 seconds
Number of updated asset objects reloaded before import = 0
Number of asset objects unloaded after import = 3
========================================================================
Received Import Request.
  Time since last request: 0.000042 seconds.
  path: Assets/tiles_packed_81.asset
  artifactKey: Guid(1ff99839422e5c54f859813ecd056800) Importer(815301076,1909f56bfc062723c751e8b465ee728b)
Start importing Assets/tiles_packed_81.asset using Guid(1ff99839422e5c54f859813ecd056800) Importer(815301076,1909f56bfc062723c751e8b465ee728b) [PhysX] Initialized MultithreadedTaskDispatcher with 8 workers.
 -> (artifact id: '46223473881d1f009af207c8faa5a407') in 0.014455 seconds
Number of updated asset objects reloaded before import = 0
Number of asset objects unloaded after import = 3
========================================================================
Received Import Request.
  Time since last request: 0.000043 seconds.
  path: Assets/tiles_packed_83.asset
  artifactKey: Guid(8fa4892bffa11f2499191f2b2e338b5f) Importer(815301076,1909f56bfc062723c751e8b465ee728b)
Start importing Assets/tiles_packed_83.asset using Guid(8fa4892bffa11f2499191f2b2e338b5f) Importer(815301076,1909f56bfc062723c751e8b465ee728b) [PhysX] Initialized MultithreadedTaskDispatcher with 8 workers.
 -> (artifact id: 'f69c84d931b6176e7906f1b179d1fdec') in 0.015056 seconds
Number of updated asset objects reloaded before import = 0
Number of asset objects unloaded after import = 3
========================================================================
Received Import Request.
  Time since last request: 0.000030 seconds.
  path: Assets/tiles_packed_82.asset
  artifactKey: Guid(32c0fc0d9d210b04baa9e59841e118a5) Importer(815301076,1909f56bfc062723c751e8b465ee728b)
Start importing Assets/tiles_packed_82.asset using Guid(32c0fc0d9d210b04baa9e59841e118a5) Importer(815301076,1909f56bfc062723c751e8b465ee728b) [PhysX] Initialized MultithreadedTaskDispatcher with 8 workers.
 -> (artifact id: 'a85e3daaeaf500e17aae0a02a73236f0') in 0.015699 seconds
Number of updated asset objects reloaded before import = 0
Number of asset objects unloaded after import = 3
========================================================================
Received Import Request.
  Time since last request: 0.000028 seconds.
  path: Assets/tiles_packed_76.asset
  artifactKey: Guid(a35bdc9f90e216342ac6a29b9d90bd4d) Importer(815301076,1909f56bfc062723c751e8b465ee728b)
Start importing Assets/tiles_packed_76.asset using Guid(a35bdc9f90e216342ac6a29b9d90bd4d) Importer(815301076,1909f56bfc062723c751e8b465ee728b) [PhysX] Initialized MultithreadedTaskDispatcher with 8 workers.
 -> (artifact id: '4dc342bbebb08271a1b0edb368a870c8') in 0.015183 seconds
Number of updated asset objects reloaded before import = 0
Number of asset objects unloaded after import = 3
========================================================================
Received Import Request.
  Time since last request: 0.000025 seconds.
  path: Assets/tiles_packed_90.asset
  artifactKey: Guid(eae1d6b55bc110945a6aaf9f21aa3320) Importer(815301076,1909f56bfc062723c751e8b465ee728b)
Start importing Assets/tiles_packed_90.asset using Guid(eae1d6b55bc110945a6aaf9f21aa3320) Importer(815301076,1909f56bfc062723c751e8b465ee728b) [PhysX] Initialized MultithreadedTaskDispatcher with 8 workers.
 -> (artifact id: '1b8e24c5d4f901267bd5654053a390d2') in 0.015228 seconds
Number of updated asset objects reloaded before import = 0
Number of asset objects unloaded after import = 3
========================================================================
Received Import Request.
  Time since last request: 0.000023 seconds.
  path: Assets/tiles_packed_96.asset
  artifactKey: Guid(27aa236e1a46f7d49b12b86b326daada) Importer(815301076,1909f56bfc062723c751e8b465ee728b)
Start importing Assets/tiles_packed_96.asset using Guid(27aa236e1a46f7d49b12b86b326daada) Importer(815301076,1909f56bfc062723c751e8b465ee728b) [PhysX] Initialized MultithreadedTaskDispatcher with 8 workers.
 -> (artifact id: 'cb24c665496dcd89ef0a3e5f1bfefb1c') in 0.014912 seconds
Number of updated asset objects reloaded before import = 0
Number of asset objects unloaded after import = 3
========================================================================
Received Import Request.
  Time since last request: 0.000017 seconds.
  path: Assets/tiles_packed_89.asset
  artifactKey: Guid(3b1b6390deb1b0e43aeda0fd57b02944) Importer(815301076,1909f56bfc062723c751e8b465ee728b)
Start importing Assets/tiles_packed_89.asset using Guid(3b1b6390deb1b0e43aeda0fd57b02944) Importer(815301076,1909f56bfc062723c751e8b465ee728b) [PhysX] Initialized MultithreadedTaskDispatcher with 8 workers.
 -> (artifact id: '770e657c0cbf9120f00054e160c42f6e') in 0.007517 seconds
Number of updated asset objects reloaded before import = 0
Number of asset objects unloaded after import = 3
========================================================================
Received Import Request.
  Time since last request: 0.000019 seconds.
  path: Assets/tiles_packed_70.asset
  artifactKey: Guid(baff901fc49493048ad689123b6c7ab3) Importer(815301076,1909f56bfc062723c751e8b465ee728b)
Start importing Assets/tiles_packed_70.asset using Guid(baff901fc49493048ad689123b6c7ab3) Importer(815301076,1909f56bfc062723c751e8b465ee728b) [PhysX] Initialized MultithreadedTaskDispatcher with 8 workers.
 -> (artifact id: '1b7b3f4ec1f4b1cfa1d7685b7fd83bf1') in 0.015027 seconds
Number of updated asset objects reloaded before import = 0
Number of asset objects unloaded after import = 3
========================================================================
Received Import Request.
  Time since last request: 0.000032 seconds.
  path: Assets/tiles_packed_79.asset
  artifactKey: Guid(641987b098ad2e6408419915b387b145) Importer(815301076,1909f56bfc062723c751e8b465ee728b)
Start importing Assets/tiles_packed_79.asset using Guid(641987b098ad2e6408419915b387b145) Importer(815301076,1909f56bfc062723c751e8b465ee728b) [PhysX] Initialized MultithreadedTaskDispatcher with 8 workers.
 -> (artifact id: 'f25fc8373f613b7f452854b20108838d') in 0.014726 seconds
Number of updated asset objects reloaded before import = 0
Number of asset objects unloaded after import = 3
========================================================================
Received Import Request.
  Time since last request: 0.000022 seconds.
  path: Assets/tiles_packed_71.asset
  artifactKey: Guid(741d42831e28ba64ab8aab2bde106de5) Importer(815301076,1909f56bfc062723c751e8b465ee728b)
Start importing Assets/tiles_packed_71.asset using Guid(741d42831e28ba64ab8aab2bde106de5) Importer(815301076,1909f56bfc062723c751e8b465ee728b) [PhysX] Initialized MultithreadedTaskDispatcher with 8 workers.
 -> (artifact id: '213d789ccffc07ea5bc60272c36acf8a') in 0.016318 seconds
Number of updated asset objects reloaded before import = 0
Number of asset objects unloaded after import = 3
========================================================================
Received Import Request.
  Time since last request: 0.000027 seconds.
  path: Assets/tiles_packed_94.asset
  artifactKey: Guid(d9466e9541cf4cd4087abb39af0ee6c5) Importer(815301076,1909f56bfc062723c751e8b465ee728b)
Start importing Assets/tiles_packed_94.asset using Guid(d9466e9541cf4cd4087abb39af0ee6c5) Importer(815301076,1909f56bfc062723c751e8b465ee728b) [PhysX] Initialized MultithreadedTaskDispatcher with 8 workers.
 -> (artifact id: '22c9f1481b7d85fa96f3f86fa0f5142d') in 0.016465 seconds
Number of updated asset objects reloaded before import = 0
Number of asset objects unloaded after import = 3
========================================================================
Received Import Request.
  Time since last request: 0.000036 seconds.
  path: Assets/tiles_packed_73.asset
  artifactKey: Guid(e54188c6fd54b2943bcb5b3d72fd47be) Importer(815301076,1909f56bfc062723c751e8b465ee728b)
Start importing Assets/tiles_packed_73.asset using Guid(e54188c6fd54b2943bcb5b3d72fd47be) Importer(815301076,1909f56bfc062723c751e8b465ee728b) [PhysX] Initialized MultithreadedTaskDispatcher with 8 workers.
 -> (artifact id: 'd78c6b579dae132be9ae13937eceff94') in 0.006237 seconds
Number of updated asset objects reloaded before import = 0
Number of asset objects unloaded after import = 3
========================================================================
Received Import Request.
  Time since last request: 0.000018 seconds.
  path: Assets/tiles_packed_75.asset
  artifactKey: Guid(eab59c189da3ab7448611f1e38a26b9a) Importer(815301076,1909f56bfc062723c751e8b465ee728b)
Start importing Assets/tiles_packed_75.asset using Guid(eab59c189da3ab7448611f1e38a26b9a) Importer(815301076,1909f56bfc062723c751e8b465ee728b) [PhysX] Initialized MultithreadedTaskDispatcher with 8 workers.
 -> (artifact id: 'e9adb9a42475236f408b5267f3f020b0') in 0.013987 seconds
Number of updated asset objects reloaded before import = 0
Number of asset objects unloaded after import = 3
========================================================================
Received Import Request.
  Time since last request: 0.220797 seconds.
  path: Assets/tiles_packed_98.asset
  artifactKey: Guid(9ccee69c75d213f468ee90f4d3ce46bb) Importer(815301076,1909f56bfc062723c751e8b465ee728b)
Start importing Assets/tiles_packed_98.asset using Guid(9ccee69c75d213f468ee90f4d3ce46bb) Importer(815301076,1909f56bfc062723c751e8b465ee728b) [PhysX] Initialized MultithreadedTaskDispatcher with 8 workers.
 -> (artifact id: 'b28adec365d3c91fda2a741822e7d7c8') in 0.025829 seconds
Number of updated asset objects reloaded before import = 0
Number of asset objects unloaded after import = 3
========================================================================
Received Import Request.
  Time since last request: 0.000024 seconds.
  path: Assets/tiles_packed_107.asset
  artifactKey: Guid(152f6aea333db7745a7f9324a6056a89) Importer(815301076,1909f56bfc062723c751e8b465ee728b)
Start importing Assets/tiles_packed_107.asset using Guid(152f6aea333db7745a7f9324a6056a89) Importer(815301076,1909f56bfc062723c751e8b465ee728b) [PhysX] Initialized MultithreadedTaskDispatcher with 8 workers.
 -> (artifact id: '475ddf985edcb71ac2f7de4a3cd6437a') in 0.014190 seconds
Number of updated asset objects reloaded before import = 0
Number of asset objects unloaded after import = 3
========================================================================
Received Import Request.
  Time since last request: 0.000029 seconds.
  path: Assets/tiles_packed_104.asset
  artifactKey: Guid(4cc4e95077a2a0e428b4c17f09f1f697) Importer(815301076,1909f56bfc062723c751e8b465ee728b)
Start importing Assets/tiles_packed_104.asset using Guid(4cc4e95077a2a0e428b4c17f09f1f697) Importer(815301076,1909f56bfc062723c751e8b465ee728b) [PhysX] Initialized MultithreadedTaskDispatcher with 8 workers.
 -> (artifact id: '337dbe19fb588f7105bda5a6705c69ae') in 0.014772 seconds
Number of updated asset objects reloaded before import = 0
Number of asset objects unloaded after import = 3
========================================================================
Received Import Request.
  Time since last request: 0.000022 seconds.
  path: Assets/tiles_packed_108.asset
  artifactKey: Guid(7e4ed02502f4b0840a8de08fd0a874f8) Importer(815301076,1909f56bfc062723c751e8b465ee728b)
Start importing Assets/tiles_packed_108.asset using Guid(7e4ed02502f4b0840a8de08fd0a874f8) Importer(815301076,1909f56bfc062723c751e8b465ee728b) [PhysX] Initialized MultithreadedTaskDispatcher with 8 workers.
 -> (artifact id: 'cf01eca272edf52d43ffacd7da4d24ac') in 0.014187 seconds
Number of updated asset objects reloaded before import = 0
Number of asset objects unloaded after import = 3
========================================================================
Received Import Request.
  Time since last request: 0.000032 seconds.
  path: Assets/tiles_packed_116.asset
  artifactKey: Guid(c888192718e68ce4b878ac77e3513947) Importer(815301076,1909f56bfc062723c751e8b465ee728b)
Start importing Assets/tiles_packed_116.asset using Guid(c888192718e68ce4b878ac77e3513947) Importer(815301076,1909f56bfc062723c751e8b465ee728b) [PhysX] Initialized MultithreadedTaskDispatcher with 8 workers.
 -> (artifact id: 'b5b62c06ffab555defb7bf1c657def44') in 0.015059 seconds
Number of updated asset objects reloaded before import = 0
Number of asset objects unloaded after import = 3
========================================================================
Received Import Request.
  Time since last request: 0.000021 seconds.
  path: Assets/tiles_packed_119.asset
  artifactKey: Guid(5aff2533d2d13044fb2a744bd1795f8a) Importer(815301076,1909f56bfc062723c751e8b465ee728b)
Start importing Assets/tiles_packed_119.asset using Guid(5aff2533d2d13044fb2a744bd1795f8a) Importer(815301076,1909f56bfc062723c751e8b465ee728b) [PhysX] Initialized MultithreadedTaskDispatcher with 8 workers.
 -> (artifact id: '62f15b3a4e443c874a3bb9b1be7d2042') in 0.014542 seconds
Number of updated asset objects reloaded before import = 0
Number of asset objects unloaded after import = 3
========================================================================
Received Import Request.
  Time since last request: 0.000030 seconds.
  path: Assets/tiles_packed_125.asset
  artifactKey: Guid(83137903b6fd87e46b044fdfdeb6000c) Importer(815301076,1909f56bfc062723c751e8b465ee728b)
Start importing Assets/tiles_packed_125.asset using Guid(83137903b6fd87e46b044fdfdeb6000c) Importer(815301076,1909f56bfc062723c751e8b465ee728b) [PhysX] Initialized MultithreadedTaskDispatcher with 8 workers.
 -> (artifact id: '81cdbbc702fd6134f21a629b0050786f') in 0.015527 seconds
Number of updated asset objects reloaded before import = 0
Number of asset objects unloaded after import = 3
========================================================================
Received Import Request.
  Time since last request: 0.000033 seconds.
  path: Assets/tiles_packed_128.asset
  artifactKey: Guid(bedb8cae7e0ca9e4591dbd3f0661d138) Importer(815301076,1909f56bfc062723c751e8b465ee728b)
Start importing Assets/tiles_packed_128.asset using Guid(bedb8cae7e0ca9e4591dbd3f0661d138) Importer(815301076,1909f56bfc062723c751e8b465ee728b) [PhysX] Initialized MultithreadedTaskDispatcher with 8 workers.
 -> (artifact id: '20e0f0a4961f51c955819145752a48ee') in 0.019642 seconds
Number of updated asset objects reloaded before import = 0
Number of asset objects unloaded after import = 3
========================================================================
Received Import Request.
  Time since last request: 0.000035 seconds.
  path: Assets/tiles_packed_111.asset
  artifactKey: Guid(1f17891f0283b624b97da1a0adc4f3a2) Importer(815301076,1909f56bfc062723c751e8b465ee728b)
Start importing Assets/tiles_packed_111.asset using Guid(1f17891f0283b624b97da1a0adc4f3a2) Importer(815301076,1909f56bfc062723c751e8b465ee728b) [PhysX] Initialized MultithreadedTaskDispatcher with 8 workers.
 -> (artifact id: '4f18c5f6ec5797a7222df74e135ba4de') in 0.009156 seconds
Number of updated asset objects reloaded before import = 0
Number of asset objects unloaded after import = 3
========================================================================
Received Import Request.
  Time since last request: 0.000028 seconds.
  path: Assets/tiles_packed_106.asset
  artifactKey: Guid(0c48ec3bbc7418b4b90df049a19500bc) Importer(815301076,1909f56bfc062723c751e8b465ee728b)
Start importing Assets/tiles_packed_106.asset using Guid(0c48ec3bbc7418b4b90df049a19500bc) Importer(815301076,1909f56bfc062723c751e8b465ee728b) [PhysX] Initialized MultithreadedTaskDispatcher with 8 workers.
 -> (artifact id: '9176ca53b1e5600db435dbd5eeaef492') in 0.018737 seconds
Number of updated asset objects reloaded before import = 0
Number of asset objects unloaded after import = 3
========================================================================
Received Import Request.
  Time since last request: 0.000021 seconds.
  path: Assets/tiles_packed_120.asset
  artifactKey: Guid(924f17ce767096d4e8c7396477011983) Importer(815301076,1909f56bfc062723c751e8b465ee728b)
Start importing Assets/tiles_packed_120.asset using Guid(924f17ce767096d4e8c7396477011983) Importer(815301076,1909f56bfc062723c751e8b465ee728b) [PhysX] Initialized MultithreadedTaskDispatcher with 8 workers.
 -> (artifact id: '0dc9fc7080dad676c02cc5bf1f450524') in 0.016361 seconds
Number of updated asset objects reloaded before import = 0
Number of asset objects unloaded after import = 3
========================================================================
Received Import Request.
  Time since last request: 0.000019 seconds.
  path: Assets/tiles_packed_117.asset
  artifactKey: Guid(0ed0313f28e184140bd714ec1b56a544) Importer(815301076,1909f56bfc062723c751e8b465ee728b)
Start importing Assets/tiles_packed_117.asset using Guid(0ed0313f28e184140bd714ec1b56a544) Importer(815301076,1909f56bfc062723c751e8b465ee728b) [PhysX] Initialized MultithreadedTaskDispatcher with 8 workers.
 -> (artifact id: '7872d301ded1ab09c03262e55bf6432d') in 0.013577 seconds
Number of updated asset objects reloaded before import = 0
Number of asset objects unloaded after import = 3
========================================================================
Received Import Request.
  Time since last request: 0.000021 seconds.
  path: Assets/tiles_packed_105.asset
  artifactKey: Guid(e3ad8f4f3a0f9484aa96c80e74d051c8) Importer(815301076,1909f56bfc062723c751e8b465ee728b)
Start importing Assets/tiles_packed_105.asset using Guid(e3ad8f4f3a0f9484aa96c80e74d051c8) Importer(815301076,1909f56bfc062723c751e8b465ee728b) [PhysX] Initialized MultithreadedTaskDispatcher with 8 workers.
 -> (artifact id: 'd566ca0b1f9493c7aa60189580a1a7cc') in 0.013852 seconds
Number of updated asset objects reloaded before import = 0
Number of asset objects unloaded after import = 3
========================================================================
Received Import Request.
  Time since last request: 0.000020 seconds.
  path: Assets/tiles_packed_103.asset
  artifactKey: Guid(9b549fa7b8dce6541bd5224a796959c2) Importer(815301076,1909f56bfc062723c751e8b465ee728b)
Start importing Assets/tiles_packed_103.asset using Guid(9b549fa7b8dce6541bd5224a796959c2) Importer(815301076,1909f56bfc062723c751e8b465ee728b) [PhysX] Initialized MultithreadedTaskDispatcher with 8 workers.
 -> (artifact id: '12e3b9942435825deb3b451c65b31613') in 0.014441 seconds
Number of updated asset objects reloaded before import = 0
Number of asset objects unloaded after import = 3
========================================================================
Received Import Request.
  Time since last request: 0.000019 seconds.
  path: Assets/tiles_packed_115.asset
  artifactKey: Guid(3ddfb9edce4d08f4198c60fa462599fc) Importer(815301076,1909f56bfc062723c751e8b465ee728b)
Start importing Assets/tiles_packed_115.asset using Guid(3ddfb9edce4d08f4198c60fa462599fc) Importer(815301076,1909f56bfc062723c751e8b465ee728b) [PhysX] Initialized MultithreadedTaskDispatcher with 8 workers.
 -> (artifact id: '29f3f37908fc8428f5ad81f115a8aea9') in 0.014573 seconds
Number of updated asset objects reloaded before import = 0
Number of asset objects unloaded after import = 3
========================================================================
Received Import Request.
  Time since last request: 0.000028 seconds.
  path: Assets/tiles_packed_113.asset
  artifactKey: Guid(1343a3d499be912419fec500906aed38) Importer(815301076,1909f56bfc062723c751e8b465ee728b)
Start importing Assets/tiles_packed_113.asset using Guid(1343a3d499be912419fec500906aed38) Importer(815301076,1909f56bfc062723c751e8b465ee728b) [PhysX] Initialized MultithreadedTaskDispatcher with 8 workers.
 -> (artifact id: '9e4ff2e4d19d95fe77e449bc35e52587') in 0.005984 seconds
Number of updated asset objects reloaded before import = 0
Number of asset objects unloaded after import = 3
========================================================================
Received Import Request.
  Time since last request: 0.000029 seconds.
  path: Assets/tiles_packed_127.asset
  artifactKey: Guid(a781e2141d7d7914f8aa286c8a79a259) Importer(815301076,1909f56bfc062723c751e8b465ee728b)
Start importing Assets/tiles_packed_127.asset using Guid(a781e2141d7d7914f8aa286c8a79a259) Importer(815301076,1909f56bfc062723c751e8b465ee728b) [PhysX] Initialized MultithreadedTaskDispatcher with 8 workers.
 -> (artifact id: 'c748ddf6f7480931a14c9f4291eafa64') in 0.014449 seconds
Number of updated asset objects reloaded before import = 0
Number of asset objects unloaded after import = 3
========================================================================
Received Import Request.
  Time since last request: 0.000034 seconds.
  path: Assets/tiles_packed_102.asset
  artifactKey: Guid(f7d47dc9f58e682418d30cf9096180c4) Importer(815301076,1909f56bfc062723c751e8b465ee728b)
Start importing Assets/tiles_packed_102.asset using Guid(f7d47dc9f58e682418d30cf9096180c4) Importer(815301076,1909f56bfc062723c751e8b465ee728b) [PhysX] Initialized MultithreadedTaskDispatcher with 8 workers.
 -> (artifact id: 'dcb07651aac64a13f9cf95e1bd91f8e0') in 0.013246 seconds
Number of updated asset objects reloaded before import = 0
Number of asset objects unloaded after import = 3
========================================================================
Received Import Request.
  Time since last request: 0.128163 seconds.
  path: Assets/tiles_packed_134.asset
  artifactKey: Guid(09a389e8f212c95459b152692d9fbf0e) Importer(815301076,1909f56bfc062723c751e8b465ee728b)
Start importing Assets/tiles_packed_134.asset using Guid(09a389e8f212c95459b152692d9fbf0e) Importer(815301076,1909f56bfc062723c751e8b465ee728b) [PhysX] Initialized MultithreadedTaskDispatcher with 8 workers.
 -> (artifact id: 'f9cd61983acfaf34dad90ed232976951') in 0.006983 seconds
Number of updated asset objects reloaded before import = 0
Number of asset objects unloaded after import = 3
========================================================================
Received Import Request.
  Time since last request: 0.000017 seconds.
  path: Assets/tiles_packed_137.asset
  artifactKey: Guid(7f634ea297b8ffa40af2c0f8671db08f) Importer(815301076,1909f56bfc062723c751e8b465ee728b)
Start importing Assets/tiles_packed_137.asset using Guid(7f634ea297b8ffa40af2c0f8671db08f) Importer(815301076,1909f56bfc062723c751e8b465ee728b) [PhysX] Initialized MultithreadedTaskDispatcher with 8 workers.
 -> (artifact id: '90131582ebbf2df8072749ab5a10ecd8') in 0.006334 seconds
Number of updated asset objects reloaded before import = 0
Number of asset objects unloaded after import = 3
========================================================================
Received Import Request.
  Time since last request: 0.000022 seconds.
  path: Assets/tiles_packed_141.asset
  artifactKey: Guid(3122a5580971bf641b48b6f7f5efdf4a) Importer(815301076,1909f56bfc062723c751e8b465ee728b)
Start importing Assets/tiles_packed_141.asset using Guid(3122a5580971bf641b48b6f7f5efdf4a) Importer(815301076,1909f56bfc062723c751e8b465ee728b) [PhysX] Initialized MultithreadedTaskDispatcher with 8 workers.
 -> (artifact id: 'cd665fa958009ea9652861ce9af688bd') in 0.016206 seconds
Number of updated asset objects reloaded before import = 0
Number of asset objects unloaded after import = 3
========================================================================
Received Import Request.
  Time since last request: 0.000019 seconds.
  path: Assets/tiles_packed_139.asset
  artifactKey: Guid(64380c4d78b38ab4784feeed63a0dad5) Importer(815301076,1909f56bfc062723c751e8b465ee728b)
Start importing Assets/tiles_packed_139.asset using Guid(64380c4d78b38ab4784feeed63a0dad5) Importer(815301076,1909f56bfc062723c751e8b465ee728b) [PhysX] Initialized MultithreadedTaskDispatcher with 8 workers.
 -> (artifact id: '3efba012f34503d946682309a045b9fb') in 0.015762 seconds
Number of updated asset objects reloaded before import = 0
Number of asset objects unloaded after import = 3
========================================================================
Received Import Request.
  Time since last request: 0.000026 seconds.
  path: Assets/tiles_packed_144.asset
  artifactKey: Guid(9a3c3617096e27549960d55b006720cf) Importer(815301076,1909f56bfc062723c751e8b465ee728b)
Start importing Assets/tiles_packed_144.asset using Guid(9a3c3617096e27549960d55b006720cf) Importer(815301076,1909f56bfc062723c751e8b465ee728b) [PhysX] Initialized MultithreadedTaskDispatcher with 8 workers.
 -> (artifact id: 'affb75180a9b17d0636408b3c46d8ffe') in 0.014327 seconds
Number of updated asset objects reloaded before import = 0
Number of asset objects unloaded after import = 3
========================================================================
Received Import Request.
  Time since last request: 0.000024 seconds.
  path: Assets/tiles_packed_150.asset
  artifactKey: Guid(953ecb7234b18114aace592edc0d9925) Importer(815301076,1909f56bfc062723c751e8b465ee728b)
Start importing Assets/tiles_packed_150.asset using Guid(953ecb7234b18114aace592edc0d9925) Importer(815301076,1909f56bfc062723c751e8b465ee728b) [PhysX] Initialized MultithreadedTaskDispatcher with 8 workers.
 -> (artifact id: '0a5b195ccbf53d7900997c50269af1a8') in 0.014626 seconds
Number of updated asset objects reloaded before import = 0
Number of asset objects unloaded after import = 3
========================================================================
Received Import Request.
  Time since last request: 0.000031 seconds.
  path: Assets/tiles_packed_158.asset
  artifactKey: Guid(e329f38e7b528fb4bb22f66affdca9fd) Importer(815301076,1909f56bfc062723c751e8b465ee728b)
Start importing Assets/tiles_packed_158.asset using Guid(e329f38e7b528fb4bb22f66affdca9fd) Importer(815301076,1909f56bfc062723c751e8b465ee728b) [PhysX] Initialized MultithreadedTaskDispatcher with 8 workers.
 -> (artifact id: 'b19e27087f5e8da7da9637e94ec460af') in 0.014876 seconds
Number of updated asset objects reloaded before import = 0
Number of asset objects unloaded after import = 3
========================================================================
Received Import Request.
  Time since last request: 0.000021 seconds.
  path: Assets/tiles_packed_157.asset
  artifactKey: Guid(be606a14d26be284287b5dbeed5b31b0) Importer(815301076,1909f56bfc062723c751e8b465ee728b)
Start importing Assets/tiles_packed_157.asset using Guid(be606a14d26be284287b5dbeed5b31b0) Importer(815301076,1909f56bfc062723c751e8b465ee728b) [PhysX] Initialized MultithreadedTaskDispatcher with 8 workers.
 -> (artifact id: '7b3bc893a6f86311af244b24c43042e5') in 0.006619 seconds
Number of updated asset objects reloaded before import = 0
Number of asset objects unloaded after import = 3
========================================================================
Received Import Request.
  Time since last request: 0.000026 seconds.
  path: Assets/tiles_packed_167.asset
  artifactKey: Guid(453afd86617077c448473c667f576198) Importer(815301076,1909f56bfc062723c751e8b465ee728b)
Start importing Assets/tiles_packed_167.asset using Guid(453afd86617077c448473c667f576198) Importer(815301076,1909f56bfc062723c751e8b465ee728b) [PhysX] Initialized MultithreadedTaskDispatcher with 8 workers.
 -> (artifact id: '9949e468b8f6dbef92c7f0a67e20af93') in 0.015348 seconds
Number of updated asset objects reloaded before import = 0
Number of asset objects unloaded after import = 3
========================================================================
Received Import Request.
  Time since last request: 0.000026 seconds.
  path: Assets/tiles_packed_170.asset
  artifactKey: Guid(4221d7505084eaa418ea6fc586dda2e2) Importer(815301076,1909f56bfc062723c751e8b465ee728b)
Start importing Assets/tiles_packed_170.asset using Guid(4221d7505084eaa418ea6fc586dda2e2) Importer(815301076,1909f56bfc062723c751e8b465ee728b) [PhysX] Initialized MultithreadedTaskDispatcher with 8 workers.
 -> (artifact id: '10732f50c7a69eeacbb3a41903d1d6c8') in 0.015842 seconds
Number of updated asset objects reloaded before import = 0
Number of asset objects unloaded after import = 3
========================================================================
Received Import Request.
  Time since last request: 0.000029 seconds.
  path: Assets/tiles_packed_172.asset
  artifactKey: Guid(0fe1c6b384609a5439b9cd1ed707fd07) Importer(815301076,1909f56bfc062723c751e8b465ee728b)
Start importing Assets/tiles_packed_172.asset using Guid(0fe1c6b384609a5439b9cd1ed707fd07) Importer(815301076,1909f56bfc062723c751e8b465ee728b) [PhysX] Initialized MultithreadedTaskDispatcher with 8 workers.
 -> (artifact id: 'ed84b92b77b221bea211d2c138c8f8fe') in 0.015972 seconds
Number of updated asset objects reloaded before import = 0
Number of asset objects unloaded after import = 3
========================================================================
Received Import Request.
  Time since last request: 0.000021 seconds.
  path: Assets/tiles_packed_160.asset
  artifactKey: Guid(45c5c65917acab049a144ae0baba282a) Importer(815301076,1909f56bfc062723c751e8b465ee728b)
Start importing Assets/tiles_packed_160.asset using Guid(45c5c65917acab049a144ae0baba282a) Importer(815301076,1909f56bfc062723c751e8b465ee728b) [PhysX] Initialized MultithreadedTaskDispatcher with 8 workers.
 -> (artifact id: '29aca52292c40990b28bff32eab2b5f5') in 0.014146 seconds
Number of updated asset objects reloaded before import = 0
Number of asset objects unloaded after import = 3
========================================================================
Received Import Request.
  Time since last request: 0.000022 seconds.
  path: Assets/tiles_packed_169.asset
  artifactKey: Guid(01cca36ebb2f5ec409853259df41990a) Importer(815301076,1909f56bfc062723c751e8b465ee728b)
Start importing Assets/tiles_packed_169.asset using Guid(01cca36ebb2f5ec409853259df41990a) Importer(815301076,1909f56bfc062723c751e8b465ee728b) [PhysX] Initialized MultithreadedTaskDispatcher with 8 workers.
 -> (artifact id: '6cb253c439eed1e88cd5a6e5c49b1a48') in 0.016022 seconds
Number of updated asset objects reloaded before import = 0
Number of asset objects unloaded after import = 3
========================================================================
Received Import Request.
  Time since last request: 0.000026 seconds.
  path: Assets/tiles_packed_163.asset
  artifactKey: Guid(d497e684103027a4da0d23fbf8b350d0) Importer(815301076,1909f56bfc062723c751e8b465ee728b)
Start importing Assets/tiles_packed_163.asset using Guid(d497e684103027a4da0d23fbf8b350d0) Importer(815301076,1909f56bfc062723c751e8b465ee728b) [PhysX] Initialized MultithreadedTaskDispatcher with 8 workers.
 -> (artifact id: '0cbd03219b04e346dda9518924341a3b') in 0.014088 seconds
Number of updated asset objects reloaded before import = 0
Number of asset objects unloaded after import = 3
========================================================================
Received Import Request.
  Time since last request: 0.000018 seconds.
  path: Assets/tiles_packed_165.asset
  artifactKey: Guid(0f72d9d993586774e9dac908758eb756) Importer(815301076,1909f56bfc062723c751e8b465ee728b)
Start importing Assets/tiles_packed_165.asset using Guid(0f72d9d993586774e9dac908758eb756) Importer(815301076,1909f56bfc062723c751e8b465ee728b) [PhysX] Initialized MultithreadedTaskDispatcher with 8 workers.
 -> (artifact id: 'cc97d01d153075b083cf95031729812c') in 0.013749 seconds
Number of updated asset objects reloaded before import = 0
Number of asset objects unloaded after import = 3
========================================================================
Received Import Request.
  Time since last request: 0.000022 seconds.
  path: Assets/tiles_packed_143.asset
  artifactKey: Guid(f9d1ad060111ab044b6e192479521518) Importer(815301076,1909f56bfc062723c751e8b465ee728b)
Start importing Assets/tiles_packed_143.asset using Guid(f9d1ad060111ab044b6e192479521518) Importer(815301076,1909f56bfc062723c751e8b465ee728b) [PhysX] Initialized MultithreadedTaskDispatcher with 8 workers.
 -> (artifact id: 'a65729cbb62d8fd07163d640cd08ffe8') in 0.013778 seconds
Number of updated asset objects reloaded before import = 0
Number of asset objects unloaded after import = 3
========================================================================
Received Import Request.
  Time since last request: 0.000025 seconds.
  path: Assets/tiles_packed_148.asset
  artifactKey: Guid(a9240cba03078b44bbb3071da7a2128c) Importer(815301076,1909f56bfc062723c751e8b465ee728b)
Start importing Assets/tiles_packed_148.asset using Guid(a9240cba03078b44bbb3071da7a2128c) Importer(815301076,1909f56bfc062723c751e8b465ee728b) [PhysX] Initialized MultithreadedTaskDispatcher with 8 workers.
 -> (artifact id: '9b72c4e110732de6701699de9502e4bf') in 0.015570 seconds
Number of updated asset objects reloaded before import = 0
Number of asset objects unloaded after import = 3
========================================================================
Received Import Request.
  Time since last request: 0.000033 seconds.
  path: Assets/tiles_packed_164.asset
  artifactKey: Guid(b5766c114e0763a42883ed4f911d1ce9) Importer(815301076,1909f56bfc062723c751e8b465ee728b)
Start importing Assets/tiles_packed_164.asset using Guid(b5766c114e0763a42883ed4f911d1ce9) Importer(815301076,1909f56bfc062723c751e8b465ee728b) [PhysX] Initialized MultithreadedTaskDispatcher with 8 workers.
 -> (artifact id: 'd31c28ed5b80015bf9afcc037ac39974') in 0.014394 seconds
Number of updated asset objects reloaded before import = 0
Number of asset objects unloaded after import = 3
========================================================================
Received Import Request.
  Time since last request: 0.000030 seconds.
  path: Assets/tiles_packed_162.asset
  artifactKey: Guid(25c9bbb5acdc8b047aa81266c068b45a) Importer(815301076,1909f56bfc062723c751e8b465ee728b)
Start importing Assets/tiles_packed_162.asset using Guid(25c9bbb5acdc8b047aa81266c068b45a) Importer(815301076,1909f56bfc062723c751e8b465ee728b) [PhysX] Initialized MultithreadedTaskDispatcher with 8 workers.
 -> (artifact id: 'b97864284d01d8a1088345e11ada257f') in 0.015029 seconds
Number of updated asset objects reloaded before import = 0
Number of asset objects unloaded after import = 3
========================================================================
Received Import Request.
  Time since last request: 0.000019 seconds.
  path: Assets/tiles_packed_140.asset
  artifactKey: Guid(9884c80bfc6a64f4e8a9af12ca862e99) Importer(815301076,1909f56bfc062723c751e8b465ee728b)
Start importing Assets/tiles_packed_140.asset using Guid(9884c80bfc6a64f4e8a9af12ca862e99) Importer(815301076,1909f56bfc062723c751e8b465ee728b) [PhysX] Initialized MultithreadedTaskDispatcher with 8 workers.
 -> (artifact id: '4f6306d601ab3e278fbe3ac77319615e') in 0.016050 seconds
Number of updated asset objects reloaded before import = 0
Number of asset objects unloaded after import = 3
========================================================================
Received Import Request.
  Time since last request: 0.000029 seconds.
  path: Assets/tiles_packed_166.asset
  artifactKey: Guid(98acf35d15c09d642829a6ab42d84d1a) Importer(815301076,1909f56bfc062723c751e8b465ee728b)
Start importing Assets/tiles_packed_166.asset using Guid(98acf35d15c09d642829a6ab42d84d1a) Importer(815301076,1909f56bfc062723c751e8b465ee728b) [PhysX] Initialized MultithreadedTaskDispatcher with 8 workers.
 -> (artifact id: '232eed2abcd0584f0885bb79ecb246c0') in 0.014974 seconds
Number of updated asset objects reloaded before import = 0
Number of asset objects unloaded after import = 3
========================================================================
Received Import Request.
  Time since last request: 0.000022 seconds.
  path: Assets/tiles_packed_155.asset
  artifactKey: Guid(ae6dc49947517cf46bd5c7888159857c) Importer(815301076,1909f56bfc062723c751e8b465ee728b)
Start importing Assets/tiles_packed_155.asset using Guid(ae6dc49947517cf46bd5c7888159857c) Importer(815301076,1909f56bfc062723c751e8b465ee728b) [PhysX] Initialized MultithreadedTaskDispatcher with 8 workers.
 -> (artifact id: '55dd972dacddc7ff90d88d47fc397110') in 0.014790 seconds
Number of updated asset objects reloaded before import = 0
Number of asset objects unloaded after import = 3
========================================================================
Received Import Request.
  Time since last request: 519.334231 seconds.
  path: Assets/tiles/tiles_packed_1.asset
  artifactKey: Guid(05caa57b03296084b9750db814d29e91) Importer(815301076,1909f56bfc062723c751e8b465ee728b)
Start importing Assets/tiles/tiles_packed_1.asset using Guid(05caa57b03296084b9750db814d29e91) Importer(815301076,1909f56bfc062723c751e8b465ee728b) [PhysX] Initialized MultithreadedTaskDispatcher with 8 workers.
 -> (artifact id: '425f2ccc6e61efb354249225dd9aa513') in 0.012252 seconds
Number of updated asset objects reloaded before import = 0
Number of asset objects unloaded after import = 3
========================================================================
Received Import Request.
  Time since last request: 0.000024 seconds.
  path: Assets/tiles/tiles_packed_7.asset
  artifactKey: Guid(ce3dce43352b28642891d7ad02ec22d7) Importer(815301076,1909f56bfc062723c751e8b465ee728b)
Start importing Assets/tiles/tiles_packed_7.asset using Guid(ce3dce43352b28642891d7ad02ec22d7) Importer(815301076,1909f56bfc062723c751e8b465ee728b) [PhysX] Initialized MultithreadedTaskDispatcher with 8 workers.
 -> (artifact id: '7f16e91b827d5b41bfb025e99f2c34db') in 0.015439 seconds
Number of updated asset objects reloaded before import = 0
Number of asset objects unloaded after import = 3
========================================================================
Received Import Request.
  Time since last request: 0.000021 seconds.
  path: Assets/tiles/tiles_packed_29.asset
  artifactKey: Guid(0f79344a7224d2e4a953b0b5165d71e6) Importer(815301076,1909f56bfc062723c751e8b465ee728b)
Start importing Assets/tiles/tiles_packed_29.asset using Guid(0f79344a7224d2e4a953b0b5165d71e6) Importer(815301076,1909f56bfc062723c751e8b465ee728b) [PhysX] Initialized MultithreadedTaskDispatcher with 8 workers.
 -> (artifact id: 'cee7532ee5ea595ea2d81f87b37045c1') in 0.009184 seconds
Number of updated asset objects reloaded before import = 0
Number of asset objects unloaded after import = 3
========================================================================
Received Import Request.
  Time since last request: 0.000055 seconds.
  path: Assets/tiles/tiles_packed_23.asset
  artifactKey: Guid(92398d85527a16346a17c8b48b443c7b) Importer(815301076,1909f56bfc062723c751e8b465ee728b)
Start importing Assets/tiles/tiles_packed_23.asset using Guid(92398d85527a16346a17c8b48b443c7b) Importer(815301076,1909f56bfc062723c751e8b465ee728b) [PhysX] Initialized MultithreadedTaskDispatcher with 8 workers.
 -> (artifact id: '74f1deb3c97982b636346e933984cfdd') in 0.005878 seconds
Number of updated asset objects reloaded before import = 0
Number of asset objects unloaded after import = 3
========================================================================
Received Import Request.
  Time since last request: 0.000022 seconds.
  path: Assets/tiles/tiles_packed_35.asset
  artifactKey: Guid(5d48d6f75b43bef49a7dcef72ccfbd90) Importer(815301076,1909f56bfc062723c751e8b465ee728b)
Start importing Assets/tiles/tiles_packed_35.asset using Guid(5d48d6f75b43bef49a7dcef72ccfbd90) Importer(815301076,1909f56bfc062723c751e8b465ee728b) [PhysX] Initialized MultithreadedTaskDispatcher with 8 workers.
 -> (artifact id: '7b2fe1c1fbdc928f05483af75de9ef74') in 0.007474 seconds
Number of updated asset objects reloaded before import = 0
Number of asset objects unloaded after import = 3
========================================================================
Received Import Request.
  Time since last request: 0.000038 seconds.
  path: Assets/tiles/tiles_packed_33.asset
  artifactKey: Guid(486b50fedb7e1fe4c962873e39c47a15) Importer(815301076,1909f56bfc062723c751e8b465ee728b)
Start importing Assets/tiles/tiles_packed_33.asset using Guid(486b50fedb7e1fe4c962873e39c47a15) Importer(815301076,1909f56bfc062723c751e8b465ee728b) [PhysX] Initialized MultithreadedTaskDispatcher with 8 workers.
 -> (artifact id: '0a42c65976e14139714a42c2b766397a') in 0.008198 seconds
Number of updated asset objects reloaded before import = 0
Number of asset objects unloaded after import = 3
========================================================================
Received Import Request.
  Time since last request: 0.000029 seconds.
  path: Assets/tiles/tiles_packed_36.asset
  artifactKey: Guid(b49ce49da48d9a24cac04943a953adc5) Importer(815301076,1909f56bfc062723c751e8b465ee728b)
Start importing Assets/tiles/tiles_packed_36.asset using Guid(b49ce49da48d9a24cac04943a953adc5) Importer(815301076,1909f56bfc062723c751e8b465ee728b) [PhysX] Initialized MultithreadedTaskDispatcher with 8 workers.
 -> (artifact id: 'ba3bef9e371ea195a5d7a0fe9ce7a647') in 0.007256 seconds
Number of updated asset objects reloaded before import = 0
Number of asset objects unloaded after import = 3
========================================================================
Received Import Request.
  Time since last request: 0.000039 seconds.
  path: Assets/tiles/tiles_packed_21.asset
  artifactKey: Guid(c81f6e3bcec1ec04d839f9127afd0e56) Importer(815301076,1909f56bfc062723c751e8b465ee728b)
Start importing Assets/tiles/tiles_packed_21.asset using Guid(c81f6e3bcec1ec04d839f9127afd0e56) Importer(815301076,1909f56bfc062723c751e8b465ee728b) [PhysX] Initialized MultithreadedTaskDispatcher with 8 workers.
 -> (artifact id: 'a2e97910893bf42f41874a58b0ae7060') in 0.009029 seconds
Number of updated asset objects reloaded before import = 0
Number of asset objects unloaded after import = 3
========================================================================
Received Import Request.
  Time since last request: 0.000025 seconds.
  path: Assets/tiles/tiles_packed_15.asset
  artifactKey: Guid(be5ee4209fcdcb548812802d5bfade26) Importer(815301076,1909f56bfc062723c751e8b465ee728b)
Start importing Assets/tiles/tiles_packed_15.asset using Guid(be5ee4209fcdcb548812802d5bfade26) Importer(815301076,1909f56bfc062723c751e8b465ee728b) [PhysX] Initialized MultithreadedTaskDispatcher with 8 workers.
 -> (artifact id: 'a9488e84c1b0701882e7236e2e70a372') in 0.008396 seconds
Number of updated asset objects reloaded before import = 0
Number of asset objects unloaded after import = 3
========================================================================
Received Import Request.
  Time since last request: 0.000029 seconds.
  path: Assets/tiles/tiles_packed_17.asset
  artifactKey: Guid(85158c426b2bff24788d263f25e4f3fd) Importer(815301076,1909f56bfc062723c751e8b465ee728b)
Start importing Assets/tiles/tiles_packed_17.asset using Guid(85158c426b2bff24788d263f25e4f3fd) Importer(815301076,1909f56bfc062723c751e8b465ee728b) [PhysX] Initialized MultithreadedTaskDispatcher with 8 workers.
 -> (artifact id: 'a3b431ca1086863b795b7779088c8e74') in 0.009427 seconds
Number of updated asset objects reloaded before import = 0
Number of asset objects unloaded after import = 3
========================================================================
Received Import Request.
  Time since last request: 0.000040 seconds.
  path: Assets/tiles/tiles_packed_25.asset
  artifactKey: Guid(b1f71510aa8fa4f4c81e6bb4c2e87b11) Importer(815301076,1909f56bfc062723c751e8b465ee728b)
Start importing Assets/tiles/tiles_packed_25.asset using Guid(b1f71510aa8fa4f4c81e6bb4c2e87b11) Importer(815301076,1909f56bfc062723c751e8b465ee728b) [PhysX] Initialized MultithreadedTaskDispatcher with 8 workers.
 -> (artifact id: 'befcdda6d1ffaf23ff5916026ffa3b9e') in 0.009209 seconds
Number of updated asset objects reloaded before import = 0
Number of asset objects unloaded after import = 3
========================================================================
Received Import Request.
  Time since last request: 0.000031 seconds.
  path: Assets/tiles/tiles_packed_2.asset
  artifactKey: Guid(b5ee4836f85aa8a44a18f7cdb23ee566) Importer(815301076,1909f56bfc062723c751e8b465ee728b)
Start importing Assets/tiles/tiles_packed_2.asset using Guid(b5ee4836f85aa8a44a18f7cdb23ee566) Importer(815301076,1909f56bfc062723c751e8b465ee728b) [PhysX] Initialized MultithreadedTaskDispatcher with 8 workers.
 -> (artifact id: '233cd891faeb76b51a406612e2440dd3') in 0.010260 seconds
Number of updated asset objects reloaded before import = 0
Number of asset objects unloaded after import = 3
========================================================================
Received Import Request.
  Time since last request: 0.000024 seconds.
  path: Assets/tiles/tiles_packed_31.asset
  artifactKey: Guid(246ab409ae5148344b31959777c97440) Importer(815301076,1909f56bfc062723c751e8b465ee728b)
Start importing Assets/tiles/tiles_packed_31.asset using Guid(246ab409ae5148344b31959777c97440) Importer(815301076,1909f56bfc062723c751e8b465ee728b) [PhysX] Initialized MultithreadedTaskDispatcher with 8 workers.
 -> (artifact id: '498f38ba661b9da3bb4a496bf2f7f9c6') in 0.019405 seconds
Number of updated asset objects reloaded before import = 0
Number of asset objects unloaded after import = 3
========================================================================
Received Import Request.
  Time since last request: 0.000020 seconds.
  path: Assets/tiles/tiles_packed_32.asset
  artifactKey: Guid(fa496793f8892f542b0c7696e573d98d) Importer(815301076,1909f56bfc062723c751e8b465ee728b)
Start importing Assets/tiles/tiles_packed_32.asset using Guid(fa496793f8892f542b0c7696e573d98d) Importer(815301076,1909f56bfc062723c751e8b465ee728b) [PhysX] Initialized MultithreadedTaskDispatcher with 8 workers.
 -> (artifact id: '1ab1f7b29a0c663b75473456ab251ebc') in 0.015108 seconds
Number of updated asset objects reloaded before import = 0
Number of asset objects unloaded after import = 3
========================================================================
Received Import Request.
  Time since last request: 0.000025 seconds.
  path: Assets/tiles/tiles_packed_20.asset
  artifactKey: Guid(ce24b94e9f6161640979ce7097bd9437) Importer(815301076,1909f56bfc062723c751e8b465ee728b)
Start importing Assets/tiles/tiles_packed_20.asset using Guid(ce24b94e9f6161640979ce7097bd9437) Importer(815301076,1909f56bfc062723c751e8b465ee728b) [PhysX] Initialized MultithreadedTaskDispatcher with 8 workers.
 -> (artifact id: 'd9de2485437cfa71c5192c478f89c540') in 0.010144 seconds
Number of updated asset objects reloaded before import = 0
Number of asset objects unloaded after import = 3
========================================================================
Received Import Request.
  Time since last request: 0.000020 seconds.
  path: Assets/tiles/tiles_packed_27.asset
  artifactKey: Guid(91da90eb37280a74db0793cc389034e7) Importer(815301076,1909f56bfc062723c751e8b465ee728b)
Start importing Assets/tiles/tiles_packed_27.asset using Guid(91da90eb37280a74db0793cc389034e7) Importer(815301076,1909f56bfc062723c751e8b465ee728b) [PhysX] Initialized MultithreadedTaskDispatcher with 8 workers.
 -> (artifact id: 'f8d6a00e01ab2093c09401e2d45566a3') in 0.011149 seconds
Number of updated asset objects reloaded before import = 0
Number of asset objects unloaded after import = 3
========================================================================
Received Import Request.
  Time since last request: 0.000025 seconds.
  path: Assets/tiles/tiles_packed_11.asset
  artifactKey: Guid(95bed420f6983bf4fbf0429b167c96a0) Importer(815301076,1909f56bfc062723c751e8b465ee728b)
Start importing Assets/tiles/tiles_packed_11.asset using Guid(95bed420f6983bf4fbf0429b167c96a0) Importer(815301076,1909f56bfc062723c751e8b465ee728b) [PhysX] Initialized MultithreadedTaskDispatcher with 8 workers.
 -> (artifact id: 'c6f78d7854c7c9ff47c28149a837faed') in 0.006176 seconds
Number of updated asset objects reloaded before import = 0
Number of asset objects unloaded after import = 3
========================================================================
Received Import Request.
  Time since last request: 0.000022 seconds.
  path: Assets/tiles/tiles_packed_9.asset
  artifactKey: Guid(eee20fa74a40deb4a9fde6d46b874dd8) Importer(815301076,1909f56bfc062723c751e8b465ee728b)
Start importing Assets/tiles/tiles_packed_9.asset using Guid(eee20fa74a40deb4a9fde6d46b874dd8) Importer(815301076,1909f56bfc062723c751e8b465ee728b) [PhysX] Initialized MultithreadedTaskDispatcher with 8 workers.
 -> (artifact id: 'fcc8d16b07de336eef91a15711699801') in 0.007155 seconds
Number of updated asset objects reloaded before import = 0
Number of asset objects unloaded after import = 3
========================================================================
Received Import Request.
  Time since last request: 0.898216 seconds.
  path: Assets/tiles/tiles_packed_38.asset
  artifactKey: Guid(edc55c9503e73a341aedb2232933a8fa) Importer(815301076,1909f56bfc062723c751e8b465ee728b)
Start importing Assets/tiles/tiles_packed_38.asset using Guid(edc55c9503e73a341aedb2232933a8fa) Importer(815301076,1909f56bfc062723c751e8b465ee728b) [PhysX] Initialized MultithreadedTaskDispatcher with 8 workers.
 -> (artifact id: 'c5dfad6f1c595fe13084d6b0717c788f') in 0.006575 seconds
Number of updated asset objects reloaded before import = 0
Number of asset objects unloaded after import = 3
========================================================================
Received Import Request.
  Time since last request: 0.000023 seconds.
  path: Assets/tiles/tiles_packed_39.asset
  artifactKey: Guid(f1f170cd7dffa1040b6e5f0977747d5e) Importer(815301076,1909f56bfc062723c751e8b465ee728b)
Start importing Assets/tiles/tiles_packed_39.asset using Guid(f1f170cd7dffa1040b6e5f0977747d5e) Importer(815301076,1909f56bfc062723c751e8b465ee728b) [PhysX] Initialized MultithreadedTaskDispatcher with 8 workers.
 -> (artifact id: '8819fa57b6fa03918a7514091d9907e2') in 0.011980 seconds
Number of updated asset objects reloaded before import = 0
Number of asset objects unloaded after import = 3
========================================================================
Received Import Request.
  Time since last request: 0.000214 seconds.
  path: Assets/tiles/tiles_packed_41.asset
  artifactKey: Guid(08a5a9df8d6cc594f81977888a34a688) Importer(815301076,1909f56bfc062723c751e8b465ee728b)
Start importing Assets/tiles/tiles_packed_41.asset using Guid(08a5a9df8d6cc594f81977888a34a688) Importer(815301076,1909f56bfc062723c751e8b465ee728b) [PhysX] Initialized MultithreadedTaskDispatcher with 8 workers.
 -> (artifact id: 'b4735dc64b04be5b8e3ab98f909378e5') in 0.009701 seconds
Number of updated asset objects reloaded before import = 0
Number of asset objects unloaded after import = 3
========================================================================
Received Import Request.
  Time since last request: 0.000023 seconds.
  path: Assets/tiles/tiles_packed_42.asset
  artifactKey: Guid(6faf1aac867720e4681e013e7dcfb941) Importer(815301076,1909f56bfc062723c751e8b465ee728b)
Start importing Assets/tiles/tiles_packed_42.asset using Guid(6faf1aac867720e4681e013e7dcfb941) Importer(815301076,1909f56bfc062723c751e8b465ee728b) [PhysX] Initialized MultithreadedTaskDispatcher with 8 workers.
 -> (artifact id: '9d17c2ee96d7ea69db05c365f07a56b6') in 0.008249 seconds
Number of updated asset objects reloaded before import = 0
Number of asset objects unloaded after import = 3
========================================================================
Received Import Request.
  Time since last request: 0.862375 seconds.
  path: Assets/tiles/tiles_packed_47.asset
  artifactKey: Guid(3e6a75275cd3863418efb1d0bd27d547) Importer(815301076,1909f56bfc062723c751e8b465ee728b)
Start importing Assets/tiles/tiles_packed_47.asset using Guid(3e6a75275cd3863418efb1d0bd27d547) Importer(815301076,1909f56bfc062723c751e8b465ee728b) [PhysX] Initialized MultithreadedTaskDispatcher with 8 workers.
 -> (artifact id: 'f87d120148436c32bc92656b7245794d') in 0.019173 seconds
Number of updated asset objects reloaded before import = 0
Number of asset objects unloaded after import = 3
========================================================================
Received Import Request.
  Time since last request: 0.000024 seconds.
  path: Assets/tiles/tiles_packed_53.asset
  artifactKey: Guid(5107728ee7e177146a9c3056dc269225) Importer(815301076,1909f56bfc062723c751e8b465ee728b)
Start importing Assets/tiles/tiles_packed_53.asset using Guid(5107728ee7e177146a9c3056dc269225) Importer(815301076,1909f56bfc062723c751e8b465ee728b) [PhysX] Initialized MultithreadedTaskDispatcher with 8 workers.
 -> (artifact id: 'e408216828065a39076aa522e29d5813') in 0.006873 seconds
Number of updated asset objects reloaded before import = 0
Number of asset objects unloaded after import = 3
========================================================================
Received Import Request.
  Time since last request: 0.000026 seconds.
  path: Assets/tiles/tiles_packed_50.asset
  artifactKey: Guid(77a0e04678478f248bd0285b2d1cbc94) Importer(815301076,1909f56bfc062723c751e8b465ee728b)
Start importing Assets/tiles/tiles_packed_50.asset using Guid(77a0e04678478f248bd0285b2d1cbc94) Importer(815301076,1909f56bfc062723c751e8b465ee728b) [PhysX] Initialized MultithreadedTaskDispatcher with 8 workers.
 -> (artifact id: 'ac1ab13766b13bd85f0f99678c56d2ff') in 0.007698 seconds
Number of updated asset objects reloaded before import = 0
Number of asset objects unloaded after import = 3
========================================================================
Received Import Request.
  Time since last request: 0.000028 seconds.
  path: Assets/tiles/tiles_packed_49.asset
  artifactKey: Guid(83ef01aceca63764fae3719a5685bba7) Importer(815301076,1909f56bfc062723c751e8b465ee728b)
Start importing Assets/tiles/tiles_packed_49.asset using Guid(83ef01aceca63764fae3719a5685bba7) Importer(815301076,1909f56bfc062723c751e8b465ee728b) [PhysX] Initialized MultithreadedTaskDispatcher with 8 workers.
 -> (artifact id: 'c29f8046d0b387082fabbeaf8e7af628') in 0.006612 seconds
Number of updated asset objects reloaded before import = 0
Number of asset objects unloaded after import = 3
========================================================================
Received Import Request.
  Time since last request: 0.342532 seconds.
  path: Assets/tiles/tiles_packed_56.asset
  artifactKey: Guid(75804c23f1b8e1e4c847078cfb9f468d) Importer(815301076,1909f56bfc062723c751e8b465ee728b)
Start importing Assets/tiles/tiles_packed_56.asset using Guid(75804c23f1b8e1e4c847078cfb9f468d) Importer(815301076,1909f56bfc062723c751e8b465ee728b) [PhysX] Initialized MultithreadedTaskDispatcher with 8 workers.
 -> (artifact id: 'a0d38f3ad351e4a3eeaa62aa83817be7') in 0.006941 seconds
Number of updated asset objects reloaded before import = 0
Number of asset objects unloaded after import = 3
========================================================================
Received Import Request.
  Time since last request: 0.000020 seconds.
  path: Assets/tiles/tiles_packed_60.asset
  artifactKey: Guid(b665c60f7cb2e384d88b195224021a0b) Importer(815301076,1909f56bfc062723c751e8b465ee728b)
Start importing Assets/tiles/tiles_packed_60.asset using Guid(b665c60f7cb2e384d88b195224021a0b) Importer(815301076,1909f56bfc062723c751e8b465ee728b) [PhysX] Initialized MultithreadedTaskDispatcher with 8 workers.
 -> (artifact id: 'b6c5a1cef3c8c2f9ed8f3d9528dd6da1') in 0.016865 seconds
Number of updated asset objects reloaded before import = 0
Number of asset objects unloaded after import = 3
========================================================================
Received Import Request.
  Time since last request: 0.000020 seconds.
  path: Assets/tiles/tiles_packed_59.asset
  artifactKey: Guid(53060bc939ab76444a598f21649591be) Importer(815301076,1909f56bfc062723c751e8b465ee728b)
Start importing Assets/tiles/tiles_packed_59.asset using Guid(53060bc939ab76444a598f21649591be) Importer(815301076,1909f56bfc062723c751e8b465ee728b) [PhysX] Initialized MultithreadedTaskDispatcher with 8 workers.
 -> (artifact id: 'ead01edca2414970b0a57c9c79d15cd5') in 0.006679 seconds
Number of updated asset objects reloaded before import = 0
Number of asset objects unloaded after import = 3
========================================================================
Received Import Request.
  Time since last request: 0.000035 seconds.
  path: Assets/tiles/tiles_packed_62.asset
  artifactKey: Guid(fa58a6b9993fb5e4d992c7b6f8e0ed4a) Importer(815301076,1909f56bfc062723c751e8b465ee728b)
Start importing Assets/tiles/tiles_packed_62.asset using Guid(fa58a6b9993fb5e4d992c7b6f8e0ed4a) Importer(815301076,1909f56bfc062723c751e8b465ee728b) [PhysX] Initialized MultithreadedTaskDispatcher with 8 workers.
 -> (artifact id: 'bcf4d0265eaa990e39544ec815500986') in 0.006758 seconds
Number of updated asset objects reloaded before import = 0
Number of asset objects unloaded after import = 3
========================================================================
Received Import Request.
  Time since last request: 0.000024 seconds.
  path: Assets/tiles/tiles_packed_61.asset
  artifactKey: Guid(7f51c4250d2224b43afc038ad710b5a4) Importer(815301076,1909f56bfc062723c751e8b465ee728b)
Start importing Assets/tiles/tiles_packed_61.asset using Guid(7f51c4250d2224b43afc038ad710b5a4) Importer(815301076,1909f56bfc062723c751e8b465ee728b) [PhysX] Initialized MultithreadedTaskDispatcher with 8 workers.
 -> (artifact id: '533e148f7524518f177ecf3fe34ef88f') in 0.006686 seconds
Number of updated asset objects reloaded before import = 0
Number of asset objects unloaded after import = 3
========================================================================
Received Import Request.
  Time since last request: 0.042428 seconds.
  path: Assets/tiles/tiles_packed_65.asset
  artifactKey: Guid(adfffab73b66444448c4cab87e88b42d) Importer(815301076,1909f56bfc062723c751e8b465ee728b)
Start importing Assets/tiles/tiles_packed_65.asset using Guid(adfffab73b66444448c4cab87e88b42d) Importer(815301076,1909f56bfc062723c751e8b465ee728b) [PhysX] Initialized MultithreadedTaskDispatcher with 8 workers.
 -> (artifact id: '5cd651b2110ef9ad962e8a55c08d29b6') in 0.006240 seconds
Number of updated asset objects reloaded before import = 0
Number of asset objects unloaded after import = 3
========================================================================
Received Import Request.
  Time since last request: 0.000018 seconds.
  path: Assets/tiles/tiles_packed_72.asset
  artifactKey: Guid(9567a2ba486ee4943ac34eb54d196d44) Importer(815301076,1909f56bfc062723c751e8b465ee728b)
Start importing Assets/tiles/tiles_packed_72.asset using Guid(9567a2ba486ee4943ac34eb54d196d44) Importer(815301076,1909f56bfc062723c751e8b465ee728b) [PhysX] Initialized MultithreadedTaskDispatcher with 8 workers.
 -> (artifact id: '42e8ebd42569d0aad0f149d8de2a0bc5') in 0.005986 seconds
Number of updated asset objects reloaded before import = 0
Number of asset objects unloaded after import = 3
========================================================================
Received Import Request.
  Time since last request: 0.000028 seconds.
  path: Assets/tiles/tiles_packed_70.asset
  artifactKey: Guid(baff901fc49493048ad689123b6c7ab3) Importer(815301076,1909f56bfc062723c751e8b465ee728b)
Start importing Assets/tiles/tiles_packed_70.asset using Guid(baff901fc49493048ad689123b6c7ab3) Importer(815301076,1909f56bfc062723c751e8b465ee728b) [PhysX] Initialized MultithreadedTaskDispatcher with 8 workers.
 -> (artifact id: '895bfc717b70f995e0e2019c904f4806') in 0.006748 seconds
Number of updated asset objects reloaded before import = 0
Number of asset objects unloaded after import = 3
========================================================================
Received Import Request.
  Time since last request: 0.000022 seconds.
  path: Assets/tiles/tiles_packed_66.asset
  artifactKey: Guid(b7f37eb3d180fa4438525945f90e54e7) Importer(815301076,1909f56bfc062723c751e8b465ee728b)
Start importing Assets/tiles/tiles_packed_66.asset using Guid(b7f37eb3d180fa4438525945f90e54e7) Importer(815301076,1909f56bfc062723c751e8b465ee728b) [PhysX] Initialized MultithreadedTaskDispatcher with 8 workers.
 -> (artifact id: 'b2f4134efdd0d055f49daa21c8206227') in 0.006485 seconds
Number of updated asset objects reloaded before import = 0
Number of asset objects unloaded after import = 3
========================================================================
Received Import Request.
  Time since last request: 0.000028 seconds.
  path: Assets/tiles/tiles_packed_68.asset
  artifactKey: Guid(824cb4411d0b0db4d9652289b1dc081f) Importer(815301076,1909f56bfc062723c751e8b465ee728b)
Start importing Assets/tiles/tiles_packed_68.asset using Guid(824cb4411d0b0db4d9652289b1dc081f) Importer(815301076,1909f56bfc062723c751e8b465ee728b) [PhysX] Initialized MultithreadedTaskDispatcher with 8 workers.
 -> (artifact id: '3a4e85b18c0d226c99a4dce38353da80') in 0.005901 seconds
Number of updated asset objects reloaded before import = 0
Number of asset objects unloaded after import = 3
========================================================================
Received Import Request.
  Time since last request: 0.371568 seconds.
  path: Assets/tiles/tiles_packed_74.asset
  artifactKey: Guid(d4bef02f8f52ff94982f9b84f7fc4a48) Importer(815301076,1909f56bfc062723c751e8b465ee728b)
Start importing Assets/tiles/tiles_packed_74.asset using Guid(d4bef02f8f52ff94982f9b84f7fc4a48) Importer(815301076,1909f56bfc062723c751e8b465ee728b) [PhysX] Initialized MultithreadedTaskDispatcher with 8 workers.
 -> (artifact id: '8e26216966c26bd2245a5245b10fc30d') in 0.019099 seconds
Number of updated asset objects reloaded before import = 0
Number of asset objects unloaded after import = 3
========================================================================
Received Import Request.
  Time since last request: 0.000023 seconds.
  path: Assets/tiles/tiles_packed_80.asset
  artifactKey: Guid(b2ef362d0105a5d4bb5f597d70db7658) Importer(815301076,1909f56bfc062723c751e8b465ee728b)
Start importing Assets/tiles/tiles_packed_80.asset using Guid(b2ef362d0105a5d4bb5f597d70db7658) Importer(815301076,1909f56bfc062723c751e8b465ee728b) [PhysX] Initialized MultithreadedTaskDispatcher with 8 workers.
 -> (artifact id: '0650d6a4a4d2f8b235e505e71e3a60c8') in 0.006751 seconds
Number of updated asset objects reloaded before import = 0
Number of asset objects unloaded after import = 3
========================================================================
Received Import Request.
  Time since last request: 0.000026 seconds.
  path: Assets/tiles/tiles_packed_76.asset
  artifactKey: Guid(a35bdc9f90e216342ac6a29b9d90bd4d) Importer(815301076,1909f56bfc062723c751e8b465ee728b)
Start importing Assets/tiles/tiles_packed_76.asset using Guid(a35bdc9f90e216342ac6a29b9d90bd4d) Importer(815301076,1909f56bfc062723c751e8b465ee728b) [PhysX] Initialized MultithreadedTaskDispatcher with 8 workers.
 -> (artifact id: 'd77a0207cde95c290b08759dfbf1d9c8') in 0.008130 seconds
Number of updated asset objects reloaded before import = 0
Number of asset objects unloaded after import = 3
========================================================================
Received Import Request.
  Time since last request: 0.000030 seconds.
  path: Assets/tiles/tiles_packed_75.asset
  artifactKey: Guid(eab59c189da3ab7448611f1e38a26b9a) Importer(815301076,1909f56bfc062723c751e8b465ee728b)
Start importing Assets/tiles/tiles_packed_75.asset using Guid(eab59c189da3ab7448611f1e38a26b9a) Importer(815301076,1909f56bfc062723c751e8b465ee728b) [PhysX] Initialized MultithreadedTaskDispatcher with 8 workers.
 -> (artifact id: '1058f00ce34e43a37cc88e0f14526d6d') in 0.006555 seconds
Number of updated asset objects reloaded before import = 0
Number of asset objects unloaded after import = 3
========================================================================
Received Import Request.
  Time since last request: 0.032780 seconds.
  path: Assets/tiles/tiles_packed_83.asset
  artifactKey: Guid(8fa4892bffa11f2499191f2b2e338b5f) Importer(815301076,1909f56bfc062723c751e8b465ee728b)
Start importing Assets/tiles/tiles_packed_83.asset using Guid(8fa4892bffa11f2499191f2b2e338b5f) Importer(815301076,1909f56bfc062723c751e8b465ee728b) [PhysX] Initialized MultithreadedTaskDispatcher with 8 workers.
 -> (artifact id: 'f397638c36c704e1cbeba022ef6b7145') in 0.006073 seconds
Number of updated asset objects reloaded before import = 0
Number of asset objects unloaded after import = 3
========================================================================
Received Import Request.
  Time since last request: 0.000029 seconds.
  path: Assets/tiles/tiles_packed_90.asset
  artifactKey: Guid(eae1d6b55bc110945a6aaf9f21aa3320) Importer(815301076,1909f56bfc062723c751e8b465ee728b)
Start importing Assets/tiles/tiles_packed_90.asset using Guid(eae1d6b55bc110945a6aaf9f21aa3320) Importer(815301076,1909f56bfc062723c751e8b465ee728b) [PhysX] Initialized MultithreadedTaskDispatcher with 8 workers.
 -> (artifact id: '6b8fcdfaa6b8482e913398fb65475f4e') in 0.006865 seconds
Number of updated asset objects reloaded before import = 0
Number of asset objects unloaded after import = 3
========================================================================
Received Import Request.
  Time since last request: 0.000024 seconds.
  path: Assets/tiles/tiles_packed_86.asset
  artifactKey: Guid(ab027115a90a70c478372bea6a1886e3) Importer(815301076,1909f56bfc062723c751e8b465ee728b)
Start importing Assets/tiles/tiles_packed_86.asset using Guid(ab027115a90a70c478372bea6a1886e3) Importer(815301076,1909f56bfc062723c751e8b465ee728b) [PhysX] Initialized MultithreadedTaskDispatcher with 8 workers.
 -> (artifact id: 'e898f14d1c598d69e2cff403083bdbea') in 0.006473 seconds
Number of updated asset objects reloaded before import = 0
Number of asset objects unloaded after import = 3
========================================================================
Received Import Request.
  Time since last request: 0.000018 seconds.
  path: Assets/tiles/tiles_packed_89.asset
  artifactKey: Guid(3b1b6390deb1b0e43aeda0fd57b02944) Importer(815301076,1909f56bfc062723c751e8b465ee728b)
Start importing Assets/tiles/tiles_packed_89.asset using Guid(3b1b6390deb1b0e43aeda0fd57b02944) Importer(815301076,1909f56bfc062723c751e8b465ee728b) [PhysX] Initialized MultithreadedTaskDispatcher with 8 workers.
 -> (artifact id: '7ad76551ce937314b39bd29d05f30ebd') in 0.006458 seconds
Number of updated asset objects reloaded before import = 0
Number of asset objects unloaded after import = 3
========================================================================
Received Import Request.
  Time since last request: 0.000020 seconds.
  path: Assets/tiles/tiles_packed_84.asset
  artifactKey: Guid(ba42feb4dcbfc9d439fcf87606dd8283) Importer(815301076,1909f56bfc062723c751e8b465ee728b)
Start importing Assets/tiles/tiles_packed_84.asset using Guid(ba42feb4dcbfc9d439fcf87606dd8283) Importer(815301076,1909f56bfc062723c751e8b465ee728b) [PhysX] Initialized MultithreadedTaskDispatcher with 8 workers.
 -> (artifact id: 'c87fa2cb818bb93dc8f2cbe493cf305a') in 0.006024 seconds
Number of updated asset objects reloaded before import = 0
Number of asset objects unloaded after import = 3
========================================================================
Received Import Request.
  Time since last request: 5.748666 seconds.
  path: Assets/tiles/tiles_packed_92.asset
  artifactKey: Guid(b6f3b7811ca594441b6cba08c38dab65) Importer(815301076,1909f56bfc062723c751e8b465ee728b)
Start importing Assets/tiles/tiles_packed_92.asset using Guid(b6f3b7811ca594441b6cba08c38dab65) Importer(815301076,1909f56bfc062723c751e8b465ee728b) [PhysX] Initialized MultithreadedTaskDispatcher with 8 workers.
 -> (artifact id: '5ea8d427ab0058b4239332df0cbbb73f') in 0.006791 seconds
Number of updated asset objects reloaded before import = 0
Number of asset objects unloaded after import = 3
========================================================================
Received Import Request.
  Time since last request: 0.000030 seconds.
  path: Assets/tiles/tiles_packed_96.asset
  artifactKey: Guid(27aa236e1a46f7d49b12b86b326daada) Importer(815301076,1909f56bfc062723c751e8b465ee728b)
Start importing Assets/tiles/tiles_packed_96.asset using Guid(27aa236e1a46f7d49b12b86b326daada) Importer(815301076,1909f56bfc062723c751e8b465ee728b) [PhysX] Initialized MultithreadedTaskDispatcher with 8 workers.
 -> (artifact id: '5f7e43449eeddf41571cb46933d4ccc1') in 0.017636 seconds
Number of updated asset objects reloaded before import = 0
Number of asset objects unloaded after import = 3
========================================================================
Received Import Request.
  Time since last request: 0.000022 seconds.
  path: Assets/tiles/tiles_packed_93.asset
  artifactKey: Guid(5e9e1cd4940dd3f498c0c4bf17fcc9b4) Importer(815301076,1909f56bfc062723c751e8b465ee728b)
Start importing Assets/tiles/tiles_packed_93.asset using Guid(5e9e1cd4940dd3f498c0c4bf17fcc9b4) Importer(815301076,1909f56bfc062723c751e8b465ee728b) [PhysX] Initialized MultithreadedTaskDispatcher with 8 workers.
 -> (artifact id: '075636bd9b5c2c6b648fab7dc5f220ef') in 0.009363 seconds
Number of updated asset objects reloaded before import = 0
Number of asset objects unloaded after import = 3
========================================================================
Received Import Request.
  Time since last request: 0.000026 seconds.
  path: Assets/tiles/tiles_packed_107.asset
  artifactKey: Guid(152f6aea333db7745a7f9324a6056a89) Importer(815301076,1909f56bfc062723c751e8b465ee728b)
Start importing Assets/tiles/tiles_packed_107.asset using Guid(152f6aea333db7745a7f9324a6056a89) Importer(815301076,1909f56bfc062723c751e8b465ee728b) [PhysX] Initialized MultithreadedTaskDispatcher with 8 workers.
 -> (artifact id: '0c3cc319c18875bbb6b2639654c887e2') in 0.009019 seconds
Number of updated asset objects reloaded before import = 0
Number of asset objects unloaded after import = 3
========================================================================
Received Import Request.
  Time since last request: 0.000109 seconds.
  path: Assets/tiles/tiles_packed_108.asset
  artifactKey: Guid(7e4ed02502f4b0840a8de08fd0a874f8) Importer(815301076,1909f56bfc062723c751e8b465ee728b)
Start importing Assets/tiles/tiles_packed_108.asset using Guid(7e4ed02502f4b0840a8de08fd0a874f8) Importer(815301076,1909f56bfc062723c751e8b465ee728b) [PhysX] Initialized MultithreadedTaskDispatcher with 8 workers.
 -> (artifact id: '78d3d3324193215e5f589a2b38481dc6') in 0.006233 seconds
Number of updated asset objects reloaded before import = 0
Number of asset objects unloaded after import = 3
========================================================================
Received Import Request.
  Time since last request: 0.000021 seconds.
  path: Assets/tiles/tiles_packed_109.asset
  artifactKey: Guid(29b3308534e8f494591702f0d76522b3) Importer(815301076,1909f56bfc062723c751e8b465ee728b)
Start importing Assets/tiles/tiles_packed_109.asset using Guid(29b3308534e8f494591702f0d76522b3) Importer(815301076,1909f56bfc062723c751e8b465ee728b) [PhysX] Initialized MultithreadedTaskDispatcher with 8 workers.
 -> (artifact id: '45620ff5f27abd210f84dc1a94f1c065') in 0.009539 seconds
Number of updated asset objects reloaded before import = 0
Number of asset objects unloaded after import = 3
========================================================================
Received Import Request.
  Time since last request: 0.000020 seconds.
  path: Assets/tiles/tiles_packed_114.asset
  artifactKey: Guid(d18deedbaad6b5a4287986b4364e312c) Importer(815301076,1909f56bfc062723c751e8b465ee728b)
Start importing Assets/tiles/tiles_packed_114.asset using Guid(d18deedbaad6b5a4287986b4364e312c) Importer(815301076,1909f56bfc062723c751e8b465ee728b) [PhysX] Initialized MultithreadedTaskDispatcher with 8 workers.
 -> (artifact id: '869fd17d0ebc948c15bf2f83dae33295') in 0.008277 seconds
Number of updated asset objects reloaded before import = 0
Number of asset objects unloaded after import = 3
========================================================================
Received Import Request.
  Time since last request: 0.000030 seconds.
  path: Assets/tiles/tiles_packed_121.asset
  artifactKey: Guid(06689427da9bbcc4a9a10a3403dc7d1a) Importer(815301076,1909f56bfc062723c751e8b465ee728b)
Start importing Assets/tiles/tiles_packed_121.asset using Guid(06689427da9bbcc4a9a10a3403dc7d1a) Importer(815301076,1909f56bfc062723c751e8b465ee728b) [PhysX] Initialized MultithreadedTaskDispatcher with 8 workers.
 -> (artifact id: 'a969687040a8d5e8ee5c61201dcf29fb') in 0.011722 seconds
Number of updated asset objects reloaded before import = 0
Number of asset objects unloaded after import = 3
========================================================================
Received Import Request.
  Time since last request: 0.000022 seconds.
  path: Assets/tiles/tiles_packed_111.asset
  artifactKey: Guid(1f17891f0283b624b97da1a0adc4f3a2) Importer(815301076,1909f56bfc062723c751e8b465ee728b)
Start importing Assets/tiles/tiles_packed_111.asset using Guid(1f17891f0283b624b97da1a0adc4f3a2) Importer(815301076,1909f56bfc062723c751e8b465ee728b) [PhysX] Initialized MultithreadedTaskDispatcher with 8 workers.
 -> (artifact id: 'b989f72e16d57d20cf86339c7cf05495') in 0.008442 seconds
Number of updated asset objects reloaded before import = 0
Number of asset objects unloaded after import = 3
========================================================================
Received Import Request.
  Time since last request: 0.000022 seconds.
  path: Assets/tiles/tiles_packed_112.asset
  artifactKey: Guid(554ec5a63a4cbe949bd87741b5f5339f) Importer(815301076,1909f56bfc062723c751e8b465ee728b)
Start importing Assets/tiles/tiles_packed_112.asset using Guid(554ec5a63a4cbe949bd87741b5f5339f) Importer(815301076,1909f56bfc062723c751e8b465ee728b) [PhysX] Initialized MultithreadedTaskDispatcher with 8 workers.
 -> (artifact id: '637d7e493a626985e96bf6f0d6facc2e') in 0.007823 seconds
Number of updated asset objects reloaded before import = 0
Number of asset objects unloaded after import = 3
========================================================================
Received Import Request.
  Time since last request: 0.000026 seconds.
  path: Assets/tiles/tiles_packed_110.asset
  artifactKey: Guid(3fc36ce0d1e780942aa71e56d9367668) Importer(815301076,1909f56bfc062723c751e8b465ee728b)
Start importing Assets/tiles/tiles_packed_110.asset using Guid(3fc36ce0d1e780942aa71e56d9367668) Importer(815301076,1909f56bfc062723c751e8b465ee728b) [PhysX] Initialized MultithreadedTaskDispatcher with 8 workers.
 -> (artifact id: 'be431082547fad150a0265ed8b22c72b') in 0.008585 seconds
Number of updated asset objects reloaded before import = 0
Number of asset objects unloaded after import = 3
========================================================================
Received Import Request.
  Time since last request: 0.000020 seconds.
  path: Assets/tiles/tiles_packed_117.asset
  artifactKey: Guid(0ed0313f28e184140bd714ec1b56a544) Importer(815301076,1909f56bfc062723c751e8b465ee728b)
Start importing Assets/tiles/tiles_packed_117.asset using Guid(0ed0313f28e184140bd714ec1b56a544) Importer(815301076,1909f56bfc062723c751e8b465ee728b) [PhysX] Initialized MultithreadedTaskDispatcher with 8 workers.
 -> (artifact id: 'e111fa7898c2b45fbbf6042a82ad9ac8') in 0.008146 seconds
Number of updated asset objects reloaded before import = 0
Number of asset objects unloaded after import = 3
========================================================================
Received Import Request.
  Time since last request: 0.000021 seconds.
  path: Assets/tiles/tiles_packed_105.asset
  artifactKey: Guid(e3ad8f4f3a0f9484aa96c80e74d051c8) Importer(815301076,1909f56bfc062723c751e8b465ee728b)
Start importing Assets/tiles/tiles_packed_105.asset using Guid(e3ad8f4f3a0f9484aa96c80e74d051c8) Importer(815301076,1909f56bfc062723c751e8b465ee728b) [PhysX] Initialized MultithreadedTaskDispatcher with 8 workers.
 -> (artifact id: '3fc9e1243d5756d7edf4294430d8175a') in 0.010524 seconds
Number of updated asset objects reloaded before import = 0
Number of asset objects unloaded after import = 3
========================================================================
Received Import Request.
  Time since last request: 0.000034 seconds.
  path: Assets/tiles/tiles_packed_97.asset
  artifactKey: Guid(5633053fa8c924f4d8393ec911a6825c) Importer(815301076,1909f56bfc062723c751e8b465ee728b)
Start importing Assets/tiles/tiles_packed_97.asset using Guid(5633053fa8c924f4d8393ec911a6825c) Importer(815301076,1909f56bfc062723c751e8b465ee728b) [PhysX] Initialized MultithreadedTaskDispatcher with 8 workers.
 -> (artifact id: 'e3fa68500426e3f8f0066423dd88d0c4') in 0.008898 seconds
Number of updated asset objects reloaded before import = 0
Number of asset objects unloaded after import = 3
========================================================================
Received Import Request.
  Time since last request: 0.000019 seconds.
  path: Assets/tiles/tiles_packed_118.asset
  artifactKey: Guid(3e9dcccfc09dbfa4baa4c8e0eb431f26) Importer(815301076,1909f56bfc062723c751e8b465ee728b)
Start importing Assets/tiles/tiles_packed_118.asset using Guid(3e9dcccfc09dbfa4baa4c8e0eb431f26) Importer(815301076,1909f56bfc062723c751e8b465ee728b) [PhysX] Initialized MultithreadedTaskDispatcher with 8 workers.
 -> (artifact id: 'e6a923e5202b1f72fb20c5e98b2cb97c') in 0.012743 seconds
Number of updated asset objects reloaded before import = 0
Number of asset objects unloaded after import = 3
========================================================================
Received Import Request.
  Time since last request: 0.000018 seconds.
  path: Assets/tiles/tiles_packed_122.asset
  artifactKey: Guid(92548527646643d4ca9307716d43bc13) Importer(815301076,1909f56bfc062723c751e8b465ee728b)
Start importing Assets/tiles/tiles_packed_122.asset using Guid(92548527646643d4ca9307716d43bc13) Importer(815301076,1909f56bfc062723c751e8b465ee728b) [PhysX] Initialized MultithreadedTaskDispatcher with 8 workers.
 -> (artifact id: '92d915d44421a68ad6883db93ccb93b7') in 0.010365 seconds
Number of updated asset objects reloaded before import = 0
Number of asset objects unloaded after import = 3
========================================================================
Received Import Request.
  Time since last request: 0.000031 seconds.
  path: Assets/tiles/tiles_packed_98.asset
  artifactKey: Guid(9ccee69c75d213f468ee90f4d3ce46bb) Importer(815301076,1909f56bfc062723c751e8b465ee728b)
Start importing Assets/tiles/tiles_packed_98.asset using Guid(9ccee69c75d213f468ee90f4d3ce46bb) Importer(815301076,1909f56bfc062723c751e8b465ee728b) [PhysX] Initialized MultithreadedTaskDispatcher with 8 workers.
 -> (artifact id: '063cdcab3a2aa326640ba38f73b4ab72') in 0.009363 seconds
Number of updated asset objects reloaded before import = 0
Number of asset objects unloaded after import = 3
========================================================================
Received Import Request.
  Time since last request: 0.000035 seconds.
  path: Assets/tiles/tiles_packed_102.asset
  artifactKey: Guid(f7d47dc9f58e682418d30cf9096180c4) Importer(815301076,1909f56bfc062723c751e8b465ee728b)
Start importing Assets/tiles/tiles_packed_102.asset using Guid(f7d47dc9f58e682418d30cf9096180c4) Importer(815301076,1909f56bfc062723c751e8b465ee728b) [PhysX] Initialized MultithreadedTaskDispatcher with 8 workers.
 -> (artifact id: '9e5dec506b11c0dce73764a484e5146a') in 0.006530 seconds
Number of updated asset objects reloaded before import = 0
Number of asset objects unloaded after import = 3
========================================================================
Received Import Request.
  Time since last request: 0.107467 seconds.
  path: Assets/tiles/tiles_packed_128.asset
  artifactKey: Guid(bedb8cae7e0ca9e4591dbd3f0661d138) Importer(815301076,1909f56bfc062723c751e8b465ee728b)
Start importing Assets/tiles/tiles_packed_128.asset using Guid(bedb8cae7e0ca9e4591dbd3f0661d138) Importer(815301076,1909f56bfc062723c751e8b465ee728b) [PhysX] Initialized MultithreadedTaskDispatcher with 8 workers.
 -> (artifact id: 'dfcb67d06e715c4e32ca68d4b67ffcb9') in 0.005870 seconds
Number of updated asset objects reloaded before import = 0
Number of asset objects unloaded after import = 3
========================================================================
Received Import Request.
  Time since last request: 0.000025 seconds.
  path: Assets/tiles/tiles_packed_133.asset
  artifactKey: Guid(3aa6b73a4b25b7d42938370c24a1df0f) Importer(815301076,1909f56bfc062723c751e8b465ee728b)
Start importing Assets/tiles/tiles_packed_133.asset using Guid(3aa6b73a4b25b7d42938370c24a1df0f) Importer(815301076,1909f56bfc062723c751e8b465ee728b) [PhysX] Initialized MultithreadedTaskDispatcher with 8 workers.
 -> (artifact id: '4ae477dd2cc458117813e8d2044edd4e') in 0.006734 seconds
Number of updated asset objects reloaded before import = 0
Number of asset objects unloaded after import = 3
========================================================================
Received Import Request.
  Time since last request: 0.000016 seconds.
  path: Assets/tiles/tiles_packed_132.asset
  artifactKey: Guid(6f18fe5b593b41548862f93a325e747b) Importer(815301076,1909f56bfc062723c751e8b465ee728b)
Start importing Assets/tiles/tiles_packed_132.asset using Guid(6f18fe5b593b41548862f93a325e747b) Importer(815301076,1909f56bfc062723c751e8b465ee728b) [PhysX] Initialized MultithreadedTaskDispatcher with 8 workers.
 -> (artifact id: '15eccd10d134bf793764fd5d8d0a2914') in 0.006347 seconds
Number of updated asset objects reloaded before import = 0
Number of asset objects unloaded after import = 3
========================================================================
Received Import Request.
  Time since last request: 0.000017 seconds.
  path: Assets/tiles/tiles_packed_129.asset
  artifactKey: Guid(678f3a1f086ecf54f98bc7b6a31a853f) Importer(815301076,1909f56bfc062723c751e8b465ee728b)
Start importing Assets/tiles/tiles_packed_129.asset using Guid(678f3a1f086ecf54f98bc7b6a31a853f) Importer(815301076,1909f56bfc062723c751e8b465ee728b) [PhysX] Initialized MultithreadedTaskDispatcher with 8 workers.
 -> (artifact id: '01d27e79180a31b04028ac99accc46da') in 0.006268 seconds
Number of updated asset objects reloaded before import = 0
Number of asset objects unloaded after import = 3
========================================================================
Received Import Request.
  Time since last request: 0.088999 seconds.
  path: Assets/tiles/tiles_packed_137.asset
  artifactKey: Guid(7f634ea297b8ffa40af2c0f8671db08f) Importer(815301076,1909f56bfc062723c751e8b465ee728b)
Start importing Assets/tiles/tiles_packed_137.asset using Guid(7f634ea297b8ffa40af2c0f8671db08f) Importer(815301076,1909f56bfc062723c751e8b465ee728b) [PhysX] Initialized MultithreadedTaskDispatcher with 8 workers.
 -> (artifact id: 'e9ccdbefc49897bdc8d23f12396c7482') in 0.006435 seconds
Number of updated asset objects reloaded before import = 0
Number of asset objects unloaded after import = 3
========================================================================
Received Import Request.
  Time since last request: 0.000016 seconds.
  path: Assets/tiles/tiles_packed_142.asset
  artifactKey: Guid(63a74413e35f3da47a3842d51d44abac) Importer(815301076,1909f56bfc062723c751e8b465ee728b)
Start importing Assets/tiles/tiles_packed_142.asset using Guid(63a74413e35f3da47a3842d51d44abac) Importer(815301076,1909f56bfc062723c751e8b465ee728b) [PhysX] Initialized MultithreadedTaskDispatcher with 8 workers.
 -> (artifact id: 'e01c404aaf502ee6ec6d842d9bf067db') in 0.006990 seconds
Number of updated asset objects reloaded before import = 0
Number of asset objects unloaded after import = 3
========================================================================
Received Import Request.
  Time since last request: 0.000016 seconds.
  path: Assets/tiles/tiles_packed_141.asset
  artifactKey: Guid(3122a5580971bf641b48b6f7f5efdf4a) Importer(815301076,1909f56bfc062723c751e8b465ee728b)
Start importing Assets/tiles/tiles_packed_141.asset using Guid(3122a5580971bf641b48b6f7f5efdf4a) Importer(815301076,1909f56bfc062723c751e8b465ee728b) [PhysX] Initialized MultithreadedTaskDispatcher with 8 workers.
 -> (artifact id: '43c76d6123bce88ff4fbc7984590cee3') in 0.007258 seconds
Number of updated asset objects reloaded before import = 0
Number of asset objects unloaded after import = 3
========================================================================
Received Import Request.
  Time since last request: 0.000020 seconds.
  path: Assets/tiles/tiles_packed_139.asset
  artifactKey: Guid(64380c4d78b38ab4784feeed63a0dad5) Importer(815301076,1909f56bfc062723c751e8b465ee728b)
Start importing Assets/tiles/tiles_packed_139.asset using Guid(64380c4d78b38ab4784feeed63a0dad5) Importer(815301076,1909f56bfc062723c751e8b465ee728b) [PhysX] Initialized MultithreadedTaskDispatcher with 8 workers.
 -> (artifact id: 'f58a15fc4604127e16c63a0c36b4f626') in 0.006419 seconds
Number of updated asset objects reloaded before import = 0
Number of asset objects unloaded after import = 3
========================================================================
Received Import Request.
  Time since last request: 0.000025 seconds.
  path: Assets/tiles/tiles_packed_140.asset
  artifactKey: Guid(9884c80bfc6a64f4e8a9af12ca862e99) Importer(815301076,1909f56bfc062723c751e8b465ee728b)
Start importing Assets/tiles/tiles_packed_140.asset using Guid(9884c80bfc6a64f4e8a9af12ca862e99) Importer(815301076,1909f56bfc062723c751e8b465ee728b) [PhysX] Initialized MultithreadedTaskDispatcher with 8 workers.
 -> (artifact id: '74cb13030a6933c4cbf81429d170a411') in 0.006069 seconds
Number of updated asset objects reloaded before import = 0
Number of asset objects unloaded after import = 3
========================================================================
Received Import Request.
  Time since last request: 0.009959 seconds.
  path: Assets/tiles/tiles_packed_146.asset
  artifactKey: Guid(997af1e38a75b104c917c5cfa3b86855) Importer(815301076,1909f56bfc062723c751e8b465ee728b)
Start importing Assets/tiles/tiles_packed_146.asset using Guid(997af1e38a75b104c917c5cfa3b86855) Importer(815301076,1909f56bfc062723c751e8b465ee728b) [PhysX] Initialized MultithreadedTaskDispatcher with 8 workers.
 -> (artifact id: '081138bf3ea4e3b939bd4def9a062573') in 0.006379 seconds
Number of updated asset objects reloaded before import = 0
Number of asset objects unloaded after import = 3
========================================================================
Received Import Request.
  Time since last request: 0.000029 seconds.
  path: Assets/tiles/tiles_packed_150.asset
  artifactKey: Guid(953ecb7234b18114aace592edc0d9925) Importer(815301076,1909f56bfc062723c751e8b465ee728b)
Start importing Assets/tiles/tiles_packed_150.asset using Guid(953ecb7234b18114aace592edc0d9925) Importer(815301076,1909f56bfc062723c751e8b465ee728b) [PhysX] Initialized MultithreadedTaskDispatcher with 8 workers.
 -> (artifact id: '45bd000610d154c023863542dc463da2') in 0.006189 seconds
Number of updated asset objects reloaded before import = 0
Number of asset objects unloaded after import = 3
========================================================================
Received Import Request.
  Time since last request: 0.000025 seconds.
  path: Assets/tiles/tiles_packed_147.asset
  artifactKey: Guid(baaccec0f90371944aa45a1621553c44) Importer(815301076,1909f56bfc062723c751e8b465ee728b)
Start importing Assets/tiles/tiles_packed_147.asset using Guid(baaccec0f90371944aa45a1621553c44) Importer(815301076,1909f56bfc062723c751e8b465ee728b) [PhysX] Initialized MultithreadedTaskDispatcher with 8 workers.
 -> (artifact id: 'ce117817ec1d05d77948a4be31c90117') in 0.007085 seconds
Number of updated asset objects reloaded before import = 0
Number of asset objects unloaded after import = 3
========================================================================
Received Import Request.
  Time since last request: 0.000032 seconds.
  path: Assets/tiles/tiles_packed_151.asset
  artifactKey: Guid(8e21149fbfa017f43b1261bd2e56eca4) Importer(815301076,1909f56bfc062723c751e8b465ee728b)
Start importing Assets/tiles/tiles_packed_151.asset using Guid(8e21149fbfa017f43b1261bd2e56eca4) Importer(815301076,1909f56bfc062723c751e8b465ee728b) [PhysX] Initialized MultithreadedTaskDispatcher with 8 workers.
 -> (artifact id: 'a97d0a6b6311323c218192be0a74ca2e') in 0.007147 seconds
Number of updated asset objects reloaded before import = 0
Number of asset objects unloaded after import = 3
========================================================================
Received Import Request.
  Time since last request: 0.000022 seconds.
  path: Assets/tiles/tiles_packed_154.asset
  artifactKey: Guid(503b2811b9e5e534ba20a017863585e3) Importer(815301076,1909f56bfc062723c751e8b465ee728b)
Start importing Assets/tiles/tiles_packed_154.asset using Guid(503b2811b9e5e534ba20a017863585e3) Importer(815301076,1909f56bfc062723c751e8b465ee728b) [PhysX] Initialized MultithreadedTaskDispatcher with 8 workers.
 -> (artifact id: '01f4d04bcd41d780a55af63490742910') in 0.006875 seconds
Number of updated asset objects reloaded before import = 0
Number of asset objects unloaded after import = 3
========================================================================
Received Import Request.
  Time since last request: 0.000018 seconds.
  path: Assets/tiles/tiles_packed_157.asset
  artifactKey: Guid(be606a14d26be284287b5dbeed5b31b0) Importer(815301076,1909f56bfc062723c751e8b465ee728b)
Start importing Assets/tiles/tiles_packed_157.asset using Guid(be606a14d26be284287b5dbeed5b31b0) Importer(815301076,1909f56bfc062723c751e8b465ee728b) [PhysX] Initialized MultithreadedTaskDispatcher with 8 workers.
 -> (artifact id: '87158771d5d3c0c1e85068d028696cde') in 0.005353 seconds
Number of updated asset objects reloaded before import = 0
Number of asset objects unloaded after import = 3
========================================================================
Received Import Request.
  Time since last request: 0.000040 seconds.
  path: Assets/tiles/tiles_packed_162.asset
  artifactKey: Guid(25c9bbb5acdc8b047aa81266c068b45a) Importer(815301076,1909f56bfc062723c751e8b465ee728b)
Start importing Assets/tiles/tiles_packed_162.asset using Guid(25c9bbb5acdc8b047aa81266c068b45a) Importer(815301076,1909f56bfc062723c751e8b465ee728b) [PhysX] Initialized MultithreadedTaskDispatcher with 8 workers.
 -> (artifact id: '165f44f66a4c74bbd618df77e60b619d') in 0.018302 seconds
Number of updated asset objects reloaded before import = 0
Number of asset objects unloaded after import = 3
========================================================================
Received Import Request.
  Time since last request: 0.000038 seconds.
  path: Assets/tiles/tiles_packed_156.asset
  artifactKey: Guid(8c81bc71e9a34c946bfcb90a3f24facb) Importer(815301076,1909f56bfc062723c751e8b465ee728b)
Start importing Assets/tiles/tiles_packed_156.asset using Guid(8c81bc71e9a34c946bfcb90a3f24facb) Importer(815301076,1909f56bfc062723c751e8b465ee728b) [PhysX] Initialized MultithreadedTaskDispatcher with 8 workers.
 -> (artifact id: 'bd36ffb7484373ae810e83814690ee8f') in 0.008756 seconds
Number of updated asset objects reloaded before import = 0
Number of asset objects unloaded after import = 3
========================================================================
Received Import Request.
  Time since last request: 0.000024 seconds.
  path: Assets/tiles/tiles_packed_159.asset
  artifactKey: Guid(8dc434692e7e4bc4abcb8be9465bbb24) Importer(815301076,1909f56bfc062723c751e8b465ee728b)
Start importing Assets/tiles/tiles_packed_159.asset using Guid(8dc434692e7e4bc4abcb8be9465bbb24) Importer(815301076,1909f56bfc062723c751e8b465ee728b) [PhysX] Initialized MultithreadedTaskDispatcher with 8 workers.
 -> (artifact id: '41aeb56b6c9fe1afe68432e79a5adb45') in 0.007947 seconds
Number of updated asset objects reloaded before import = 0
Number of asset objects unloaded after import = 3
========================================================================
Received Import Request.
  Time since last request: 0.180352 seconds.
  path: Assets/tiles/tiles_packed_164.asset
  artifactKey: Guid(b5766c114e0763a42883ed4f911d1ce9) Importer(815301076,1909f56bfc062723c751e8b465ee728b)
Start importing Assets/tiles/tiles_packed_164.asset using Guid(b5766c114e0763a42883ed4f911d1ce9) Importer(815301076,1909f56bfc062723c751e8b465ee728b) [PhysX] Initialized MultithreadedTaskDispatcher with 8 workers.
 -> (artifact id: 'd14972e97608edd2008a55ac2c4720e8') in 0.006059 seconds
Number of updated asset objects reloaded before import = 0
Number of asset objects unloaded after import = 3
========================================================================
Received Import Request.
  Time since last request: 0.000020 seconds.
  path: Assets/tiles/tiles_packed_170.asset
  artifactKey: Guid(4221d7505084eaa418ea6fc586dda2e2) Importer(815301076,1909f56bfc062723c751e8b465ee728b)
Start importing Assets/tiles/tiles_packed_170.asset using Guid(4221d7505084eaa418ea6fc586dda2e2) Importer(815301076,1909f56bfc062723c751e8b465ee728b) [PhysX] Initialized MultithreadedTaskDispatcher with 8 workers.
 -> (artifact id: '90449883eed723c21f8c51846fb92960') in 0.006911 seconds
Number of updated asset objects reloaded before import = 0
Number of asset objects unloaded after import = 3
========================================================================
Received Import Request.
  Time since last request: 0.000016 seconds.
  path: Assets/tiles/tiles_packed_169.asset
  artifactKey: Guid(01cca36ebb2f5ec409853259df41990a) Importer(815301076,1909f56bfc062723c751e8b465ee728b)
Start importing Assets/tiles/tiles_packed_169.asset using Guid(01cca36ebb2f5ec409853259df41990a) Importer(815301076,1909f56bfc062723c751e8b465ee728b) [PhysX] Initialized MultithreadedTaskDispatcher with 8 workers.
 -> (artifact id: 'dcd06178c363be307e28ac6407b5ecd8') in 0.007162 seconds
Number of updated asset objects reloaded before import = 0
Number of asset objects unloaded after import = 3
========================================================================
Received Import Request.
  Time since last request: 0.000029 seconds.
  path: Assets/tiles/tiles_packed_171.asset
  artifactKey: Guid(752ed68fb5bde7840b3e2435b336d0a0) Importer(815301076,1909f56bfc062723c751e8b465ee728b)
Start importing Assets/tiles/tiles_packed_171.asset using Guid(752ed68fb5bde7840b3e2435b336d0a0) Importer(815301076,1909f56bfc062723c751e8b465ee728b) [PhysX] Initialized MultithreadedTaskDispatcher with 8 workers.
 -> (artifact id: '3afdcf4a00f87dd11dcba7887cb12440') in 0.007660 seconds
Number of updated asset objects reloaded before import = 0
Number of asset objects unloaded after import = 3
========================================================================
Received Import Request.
  Time since last request: 0.000042 seconds.
  path: Assets/tiles/tiles_packed_166.asset
  artifactKey: Guid(98acf35d15c09d642829a6ab42d84d1a) Importer(815301076,1909f56bfc062723c751e8b465ee728b)
Start importing Assets/tiles/tiles_packed_166.asset using Guid(98acf35d15c09d642829a6ab42d84d1a) Importer(815301076,1909f56bfc062723c751e8b465ee728b) [PhysX] Initialized MultithreadedTaskDispatcher with 8 workers.
 -> (artifact id: 'c6bea49c0737554bea2fa07f9b14f971') in 0.006903 seconds
Number of updated asset objects reloaded before import = 0
Number of asset objects unloaded after import = 3
========================================================================
Received Import Request.
  Time since last request: 0.000023 seconds.
  path: Assets/tiles/tiles_packed_173.asset
  artifactKey: Guid(c091d128d17a45c4ea1f54be3e9b0b52) Importer(815301076,1909f56bfc062723c751e8b465ee728b)
Start importing Assets/tiles/tiles_packed_173.asset using Guid(c091d128d17a45c4ea1f54be3e9b0b52) Importer(815301076,1909f56bfc062723c751e8b465ee728b) [PhysX] Initialized MultithreadedTaskDispatcher with 8 workers.
 -> (artifact id: 'b0b149e115997bf9db5da0364aaab73e') in 0.006366 seconds
Number of updated asset objects reloaded before import = 0
Number of asset objects unloaded after import = 3
========================================================================
Received Import Request.
  Time since last request: 109.292791 seconds.
  path: Assets/Tile Pallets/world1.prefab
  artifactKey: Guid(cbd1ef8e3c030124b8a4408b85ba125f) Importer(815301076,1909f56bfc062723c751e8b465ee728b)
Start importing Assets/Tile Pallets/world1.prefab using Guid(cbd1ef8e3c030124b8a4408b85ba125f) Importer(815301076,1909f56bfc062723c751e8b465ee728b) [PhysX] Initialized MultithreadedTaskDispatcher with 8 workers.
[PhysX] Initialized MultithreadedTaskDispatcher with 8 workers.
 -> (artifact id: 'ad9cd422d57bf0e35c78709b61b126fc') in 0.286845 seconds
Number of updated asset objects reloaded before import = 0
Number of asset objects unloaded after import = 378
========================================================================
Received Import Request.
  Time since last request: 1071.477304 seconds.
  path: Assets/tiles/tiles_packed_1.asset
  artifactKey: Guid(05caa57b03296084b9750db814d29e91) Importer(815301076,1909f56bfc062723c751e8b465ee728b)
Start importing Assets/tiles/tiles_packed_1.asset using Guid(05caa57b03296084b9750db814d29e91) Importer(815301076,1909f56bfc062723c751e8b465ee728b) [PhysX] Initialized MultithreadedTaskDispatcher with 8 workers.
 -> (artifact id: '1f944c90056717ccc2ba93555f8cf0d3') in 0.011201 seconds
Number of updated asset objects reloaded before import = 0
Number of asset objects unloaded after import = 3
========================================================================
Received Import Request.
  Time since last request: 0.000038 seconds.
  path: Assets/tiles/tiles_packed_7.asset
  artifactKey: Guid(ce3dce43352b28642891d7ad02ec22d7) Importer(815301076,1909f56bfc062723c751e8b465ee728b)
Start importing Assets/tiles/tiles_packed_7.asset using Guid(ce3dce43352b28642891d7ad02ec22d7) Importer(815301076,1909f56bfc062723c751e8b465ee728b) [PhysX] Initialized MultithreadedTaskDispatcher with 8 workers.
 -> (artifact id: '5f95f56519df154af7608c3a1ee2c4be') in 0.015777 seconds
Number of updated asset objects reloaded before import = 0
Number of asset objects unloaded after import = 3
========================================================================
Received Import Request.
  Time since last request: 0.000025 seconds.
  path: Assets/tiles/tiles_packed_29.asset
  artifactKey: Guid(0f79344a7224d2e4a953b0b5165d71e6) Importer(815301076,1909f56bfc062723c751e8b465ee728b)
Start importing Assets/tiles/tiles_packed_29.asset using Guid(0f79344a7224d2e4a953b0b5165d71e6) Importer(815301076,1909f56bfc062723c751e8b465ee728b) [PhysX] Initialized MultithreadedTaskDispatcher with 8 workers.
 -> (artifact id: 'aeb5c7092d14814d5a5bde57aa927196') in 0.008308 seconds
Number of updated asset objects reloaded before import = 0
Number of asset objects unloaded after import = 3
========================================================================
Received Import Request.
  Time since last request: 0.000024 seconds.
  path: Assets/tiles/tiles_packed_23.asset
  artifactKey: Guid(92398d85527a16346a17c8b48b443c7b) Importer(815301076,1909f56bfc062723c751e8b465ee728b)
Start importing Assets/tiles/tiles_packed_23.asset using Guid(92398d85527a16346a17c8b48b443c7b) Importer(815301076,1909f56bfc062723c751e8b465ee728b) [PhysX] Initialized MultithreadedTaskDispatcher with 8 workers.
 -> (artifact id: '1f8c0bf856a0637a7ec148e4d5f82ec3') in 0.010318 seconds
Number of updated asset objects reloaded before import = 0
Number of asset objects unloaded after import = 3
========================================================================
Received Import Request.
  Time since last request: 0.000050 seconds.
  path: Assets/tiles/tiles_packed_35.asset
  artifactKey: Guid(5d48d6f75b43bef49a7dcef72ccfbd90) Importer(815301076,1909f56bfc062723c751e8b465ee728b)
Start importing Assets/tiles/tiles_packed_35.asset using Guid(5d48d6f75b43bef49a7dcef72ccfbd90) Importer(815301076,1909f56bfc062723c751e8b465ee728b) [PhysX] Initialized MultithreadedTaskDispatcher with 8 workers.
 -> (artifact id: '27112e8f61ba69027e66ab5e18220b5f') in 0.013381 seconds
Number of updated asset objects reloaded before import = 0
Number of asset objects unloaded after import = 3
========================================================================
Received Import Request.
  Time since last request: 0.000025 seconds.
  path: Assets/tiles/tiles_packed_33.asset
  artifactKey: Guid(486b50fedb7e1fe4c962873e39c47a15) Importer(815301076,1909f56bfc062723c751e8b465ee728b)
Start importing Assets/tiles/tiles_packed_33.asset using Guid(486b50fedb7e1fe4c962873e39c47a15) Importer(815301076,1909f56bfc062723c751e8b465ee728b) [PhysX] Initialized MultithreadedTaskDispatcher with 8 workers.
 -> (artifact id: '801133e4161ebba86e090d00e7ad7c99') in 0.007375 seconds
Number of updated asset objects reloaded before import = 0
Number of asset objects unloaded after import = 3
========================================================================
Received Import Request.
  Time since last request: 0.000929 seconds.
  path: Assets/tiles/tiles_packed_36.asset
  artifactKey: Guid(b49ce49da48d9a24cac04943a953adc5) Importer(815301076,1909f56bfc062723c751e8b465ee728b)
Start importing Assets/tiles/tiles_packed_36.asset using Guid(b49ce49da48d9a24cac04943a953adc5) Importer(815301076,1909f56bfc062723c751e8b465ee728b) [PhysX] Initialized MultithreadedTaskDispatcher with 8 workers.
 -> (artifact id: '0e05e4894857e2227e06c2a9cf8e94dd') in 0.019067 seconds
Number of updated asset objects reloaded before import = 0
Number of asset objects unloaded after import = 3
========================================================================
Received Import Request.
  Time since last request: 0.000031 seconds.
  path: Assets/tiles/tiles_packed_13.asset
  artifactKey: Guid(2e1e528783ae8944f9ea9fb01177ccf1) Importer(815301076,1909f56bfc062723c751e8b465ee728b)
Start importing Assets/tiles/tiles_packed_13.asset using Guid(2e1e528783ae8944f9ea9fb01177ccf1) Importer(815301076,1909f56bfc062723c751e8b465ee728b) [PhysX] Initialized MultithreadedTaskDispatcher with 8 workers.
 -> (artifact id: '87d467fdedfe3ad0d7dff491bbc7a92e') in 0.017231 seconds
Number of updated asset objects reloaded before import = 0
Number of asset objects unloaded after import = 3
========================================================================
Received Import Request.
  Time since last request: 0.000028 seconds.
  path: Assets/tiles/tiles_packed_4.asset
  artifactKey: Guid(caa770f5a10121640b911f4f5106f3f9) Importer(815301076,1909f56bfc062723c751e8b465ee728b)
Start importing Assets/tiles/tiles_packed_4.asset using Guid(caa770f5a10121640b911f4f5106f3f9) Importer(815301076,1909f56bfc062723c751e8b465ee728b) [PhysX] Initialized MultithreadedTaskDispatcher with 8 workers.
 -> (artifact id: 'fd025fa32790734d458209e8b0674bc8') in 0.008489 seconds
Number of updated asset objects reloaded before import = 0
Number of asset objects unloaded after import = 3
========================================================================
Received Import Request.
  Time since last request: 0.000028 seconds.
  path: Assets/tiles/tiles_packed_26.asset
  artifactKey: Guid(55c1f4f00354885428efa39af50aacbb) Importer(815301076,1909f56bfc062723c751e8b465ee728b)
Start importing Assets/tiles/tiles_packed_26.asset using Guid(55c1f4f00354885428efa39af50aacbb) Importer(815301076,1909f56bfc062723c751e8b465ee728b) [PhysX] Initialized MultithreadedTaskDispatcher with 8 workers.
 -> (artifact id: '7d1234ce0e58df21c6114018be16a025') in 0.009616 seconds
Number of updated asset objects reloaded before import = 0
Number of asset objects unloaded after import = 3
========================================================================
Received Import Request.
  Time since last request: 0.000030 seconds.
  path: Assets/tiles/tiles_packed_25.asset
  artifactKey: Guid(b1f71510aa8fa4f4c81e6bb4c2e87b11) Importer(815301076,1909f56bfc062723c751e8b465ee728b)
Start importing Assets/tiles/tiles_packed_25.asset using Guid(b1f71510aa8fa4f4c81e6bb4c2e87b11) Importer(815301076,1909f56bfc062723c751e8b465ee728b) [PhysX] Initialized MultithreadedTaskDispatcher with 8 workers.
 -> (artifact id: '5da4feaf9fa1c3bfd770a980ad8010c2') in 0.021502 seconds
Number of updated asset objects reloaded before import = 0
Number of asset objects unloaded after import = 3
========================================================================
Received Import Request.
  Time since last request: 0.000034 seconds.
  path: Assets/tiles/tiles_packed_16.asset
  artifactKey: Guid(0a0a9ce92129528468eea8833524d9d5) Importer(815301076,1909f56bfc062723c751e8b465ee728b)
Start importing Assets/tiles/tiles_packed_16.asset using Guid(0a0a9ce92129528468eea8833524d9d5) Importer(815301076,1909f56bfc062723c751e8b465ee728b) [PhysX] Initialized MultithreadedTaskDispatcher with 8 workers.
 -> (artifact id: '8966bf23d1bfc3948b889a9b4644f8f2') in 0.009077 seconds
Number of updated asset objects reloaded before import = 0
Number of asset objects unloaded after import = 3
========================================================================
Received Import Request.
  Time since last request: 0.000022 seconds.
  path: Assets/tiles/tiles_packed_31.asset
  artifactKey: Guid(246ab409ae5148344b31959777c97440) Importer(815301076,1909f56bfc062723c751e8b465ee728b)
Start importing Assets/tiles/tiles_packed_31.asset using Guid(246ab409ae5148344b31959777c97440) Importer(815301076,1909f56bfc062723c751e8b465ee728b) [PhysX] Initialized MultithreadedTaskDispatcher with 8 workers.
 -> (artifact id: '1c67a4b8545e112cba09971be8b636cc') in 0.019408 seconds
Number of updated asset objects reloaded before import = 0
Number of asset objects unloaded after import = 3
========================================================================
Received Import Request.
  Time since last request: 0.000023 seconds.
  path: Assets/tiles/tiles_packed_32.asset
  artifactKey: Guid(fa496793f8892f542b0c7696e573d98d) Importer(815301076,1909f56bfc062723c751e8b465ee728b)
Start importing Assets/tiles/tiles_packed_32.asset using Guid(fa496793f8892f542b0c7696e573d98d) Importer(815301076,1909f56bfc062723c751e8b465ee728b) [PhysX] Initialized MultithreadedTaskDispatcher with 8 workers.
 -> (artifact id: 'bb050cdd53c859a0576c2667dd32e65c') in 0.008824 seconds
Number of updated asset objects reloaded before import = 0
Number of asset objects unloaded after import = 3
========================================================================
Received Import Request.
  Time since last request: 0.000031 seconds.
  path: Assets/tiles/tiles_packed_20.asset
  artifactKey: Guid(ce24b94e9f6161640979ce7097bd9437) Importer(815301076,1909f56bfc062723c751e8b465ee728b)
Start importing Assets/tiles/tiles_packed_20.asset using Guid(ce24b94e9f6161640979ce7097bd9437) Importer(815301076,1909f56bfc062723c751e8b465ee728b) [PhysX] Initialized MultithreadedTaskDispatcher with 8 workers.
 -> (artifact id: '89f9508967e4f6ce9ba678c9ad54512d') in 0.013666 seconds
Number of updated asset objects reloaded before import = 0
Number of asset objects unloaded after import = 3
========================================================================
Received Import Request.
  Time since last request: 0.000027 seconds.
  path: Assets/tiles/tiles_packed_27.asset
  artifactKey: Guid(91da90eb37280a74db0793cc389034e7) Importer(815301076,1909f56bfc062723c751e8b465ee728b)
Start importing Assets/tiles/tiles_packed_27.asset using Guid(91da90eb37280a74db0793cc389034e7) Importer(815301076,1909f56bfc062723c751e8b465ee728b) [PhysX] Initialized MultithreadedTaskDispatcher with 8 workers.
 -> (artifact id: '139669b7580aaf900ce3f26120dd6eff') in 0.008376 seconds
Number of updated asset objects reloaded before import = 0
Number of asset objects unloaded after import = 3
========================================================================
Received Import Request.
  Time since last request: 0.000021 seconds.
  path: Assets/tiles/tiles_packed_11.asset
  artifactKey: Guid(95bed420f6983bf4fbf0429b167c96a0) Importer(815301076,1909f56bfc062723c751e8b465ee728b)
Start importing Assets/tiles/tiles_packed_11.asset using Guid(95bed420f6983bf4fbf0429b167c96a0) Importer(815301076,1909f56bfc062723c751e8b465ee728b) [PhysX] Initialized MultithreadedTaskDispatcher with 8 workers.
 -> (artifact id: '5abbeeaae7759204a0043e9506ff5d26') in 0.006142 seconds
Number of updated asset objects reloaded before import = 0
Number of asset objects unloaded after import = 3
========================================================================
Received Import Request.
  Time since last request: 0.000042 seconds.
  path: Assets/tiles/tiles_packed_9.asset
  artifactKey: Guid(eee20fa74a40deb4a9fde6d46b874dd8) Importer(815301076,1909f56bfc062723c751e8b465ee728b)
Start importing Assets/tiles/tiles_packed_9.asset using Guid(eee20fa74a40deb4a9fde6d46b874dd8) Importer(815301076,1909f56bfc062723c751e8b465ee728b) [PhysX] Initialized MultithreadedTaskDispatcher with 8 workers.
 -> (artifact id: 'ec97a2aa380cb3e365a6e1f4fbc4c85e') in 0.013673 seconds
Number of updated asset objects reloaded before import = 0
Number of asset objects unloaded after import = 3
========================================================================
Received Import Request.
  Time since last request: 1.229765 seconds.
  path: Assets/tiles/tiles_packed_38.asset
  artifactKey: Guid(edc55c9503e73a341aedb2232933a8fa) Importer(815301076,1909f56bfc062723c751e8b465ee728b)
Start importing Assets/tiles/tiles_packed_38.asset using Guid(edc55c9503e73a341aedb2232933a8fa) Importer(815301076,1909f56bfc062723c751e8b465ee728b) [PhysX] Initialized MultithreadedTaskDispatcher with 8 workers.
 -> (artifact id: 'b7667c21f0be5e61e4c8aff05465cca6') in 0.006276 seconds
Number of updated asset objects reloaded before import = 0
Number of asset objects unloaded after import = 3
========================================================================
Received Import Request.
  Time since last request: 0.000025 seconds.
  path: Assets/tiles/tiles_packed_39.asset
  artifactKey: Guid(f1f170cd7dffa1040b6e5f0977747d5e) Importer(815301076,1909f56bfc062723c751e8b465ee728b)
Start importing Assets/tiles/tiles_packed_39.asset using Guid(f1f170cd7dffa1040b6e5f0977747d5e) Importer(815301076,1909f56bfc062723c751e8b465ee728b) [PhysX] Initialized MultithreadedTaskDispatcher with 8 workers.
 -> (artifact id: 'fc4b23c1fa6c7af6e25a2ac97f984ec5') in 0.005627 seconds
Number of updated asset objects reloaded before import = 0
Number of asset objects unloaded after import = 3
========================================================================
Received Import Request.
  Time since last request: 0.000023 seconds.
  path: Assets/tiles/tiles_packed_45.asset
  artifactKey: Guid(e28480fac014c7148966f3ef69e587b6) Importer(815301076,1909f56bfc062723c751e8b465ee728b)
Start importing Assets/tiles/tiles_packed_45.asset using Guid(e28480fac014c7148966f3ef69e587b6) Importer(815301076,1909f56bfc062723c751e8b465ee728b) [PhysX] Initialized MultithreadedTaskDispatcher with 8 workers.
 -> (artifact id: '9f9725900792c38be4c647b4003cd7a1') in 0.013785 seconds
Number of updated asset objects reloaded before import = 0
Number of asset objects unloaded after import = 3
========================================================================
Received Import Request.
  Time since last request: 0.000027 seconds.
  path: Assets/tiles/tiles_packed_46.asset
  artifactKey: Guid(80de743b2a2d50143af2a0c2adf71181) Importer(815301076,1909f56bfc062723c751e8b465ee728b)
Start importing Assets/tiles/tiles_packed_46.asset using Guid(80de743b2a2d50143af2a0c2adf71181) Importer(815301076,1909f56bfc062723c751e8b465ee728b) [PhysX] Initialized MultithreadedTaskDispatcher with 8 workers.
 -> (artifact id: '3585322f06ae64b4ccf337e4def1b036') in 0.007310 seconds
Number of updated asset objects reloaded before import = 0
Number of asset objects unloaded after import = 3
========================================================================
Received Import Request.
  Time since last request: 0.000031 seconds.
  path: Assets/tiles/tiles_packed_56.asset
  artifactKey: Guid(75804c23f1b8e1e4c847078cfb9f468d) Importer(815301076,1909f56bfc062723c751e8b465ee728b)
Start importing Assets/tiles/tiles_packed_56.asset using Guid(75804c23f1b8e1e4c847078cfb9f468d) Importer(815301076,1909f56bfc062723c751e8b465ee728b) [PhysX] Initialized MultithreadedTaskDispatcher with 8 workers.
 -> (artifact id: '5f94b81dd0bdbe9d3ef0c266684bfeb7') in 0.006774 seconds
Number of updated asset objects reloaded before import = 0
Number of asset objects unloaded after import = 3
========================================================================
Received Import Request.
  Time since last request: 0.000027 seconds.
  path: Assets/tiles/tiles_packed_53.asset
  artifactKey: Guid(5107728ee7e177146a9c3056dc269225) Importer(815301076,1909f56bfc062723c751e8b465ee728b)
Start importing Assets/tiles/tiles_packed_53.asset using Guid(5107728ee7e177146a9c3056dc269225) Importer(815301076,1909f56bfc062723c751e8b465ee728b) [PhysX] Initialized MultithreadedTaskDispatcher with 8 workers.
 -> (artifact id: '4f0e08cc51facc179c8b0e462c344304') in 0.015009 seconds
Number of updated asset objects reloaded before import = 0
Number of asset objects unloaded after import = 3
========================================================================
Received Import Request.
  Time since last request: 0.000034 seconds.
  path: Assets/tiles/tiles_packed_65.asset
  artifactKey: Guid(adfffab73b66444448c4cab87e88b42d) Importer(815301076,1909f56bfc062723c751e8b465ee728b)
Start importing Assets/tiles/tiles_packed_65.asset using Guid(adfffab73b66444448c4cab87e88b42d) Importer(815301076,1909f56bfc062723c751e8b465ee728b) [PhysX] Initialized MultithreadedTaskDispatcher with 8 workers.
 -> (artifact id: 'edd15f3f615ebd9d979c06bc4a60ec36') in 0.017432 seconds
Number of updated asset objects reloaded before import = 0
Number of asset objects unloaded after import = 3
========================================================================
Received Import Request.
  Time since last request: 0.000022 seconds.
  path: Assets/tiles/tiles_packed_64.asset
  artifactKey: Guid(9232ea0ede337ed4fa4d8f4457d65447) Importer(815301076,1909f56bfc062723c751e8b465ee728b)
Start importing Assets/tiles/tiles_packed_64.asset using Guid(9232ea0ede337ed4fa4d8f4457d65447) Importer(815301076,1909f56bfc062723c751e8b465ee728b) [PhysX] Initialized MultithreadedTaskDispatcher with 8 workers.
 -> (artifact id: '609a61d430b13cb1723f1a9a700ccdb4') in 0.006819 seconds
Number of updated asset objects reloaded before import = 0
Number of asset objects unloaded after import = 3
========================================================================
Received Import Request.
  Time since last request: 0.000028 seconds.
  path: Assets/tiles/tiles_packed_81.asset
  artifactKey: Guid(1ff99839422e5c54f859813ecd056800) Importer(815301076,1909f56bfc062723c751e8b465ee728b)
Start importing Assets/tiles/tiles_packed_81.asset using Guid(1ff99839422e5c54f859813ecd056800) Importer(815301076,1909f56bfc062723c751e8b465ee728b) [PhysX] Initialized MultithreadedTaskDispatcher with 8 workers.
 -> (artifact id: 'e3a4fecae30a4cdb12d4ee07a43a6ddb') in 0.015097 seconds
Number of updated asset objects reloaded before import = 0
Number of asset objects unloaded after import = 3
========================================================================
Received Import Request.
  Time since last request: 0.000066 seconds.
  path: Assets/tiles/tiles_packed_80.asset
  artifactKey: Guid(b2ef362d0105a5d4bb5f597d70db7658) Importer(815301076,1909f56bfc062723c751e8b465ee728b)
Start importing Assets/tiles/tiles_packed_80.asset using Guid(b2ef362d0105a5d4bb5f597d70db7658) Importer(815301076,1909f56bfc062723c751e8b465ee728b) [PhysX] Initialized MultithreadedTaskDispatcher with 8 workers.
 -> (artifact id: '88f17a12ee0338b595211851f1e1da3c') in 0.014930 seconds
Number of updated asset objects reloaded before import = 0
Number of asset objects unloaded after import = 3
========================================================================
Received Import Request.
  Time since last request: 0.000030 seconds.
  path: Assets/tiles/tiles_packed_60.asset
  artifactKey: Guid(b665c60f7cb2e384d88b195224021a0b) Importer(815301076,1909f56bfc062723c751e8b465ee728b)
Start importing Assets/tiles/tiles_packed_60.asset using Guid(b665c60f7cb2e384d88b195224021a0b) Importer(815301076,1909f56bfc062723c751e8b465ee728b) [PhysX] Initialized MultithreadedTaskDispatcher with 8 workers.
 -> (artifact id: '46a2289c962993ea89438806fd72b857') in 0.014137 seconds
Number of updated asset objects reloaded before import = 0
Number of asset objects unloaded after import = 3
========================================================================
Received Import Request.
  Time since last request: 0.000027 seconds.
  path: Assets/tiles/tiles_packed_77.asset
  artifactKey: Guid(f62496a93db05214f923216b37e65330) Importer(815301076,1909f56bfc062723c751e8b465ee728b)
Start importing Assets/tiles/tiles_packed_77.asset using Guid(f62496a93db05214f923216b37e65330) Importer(815301076,1909f56bfc062723c751e8b465ee728b) [PhysX] Initialized MultithreadedTaskDispatcher with 8 workers.
 -> (artifact id: 'fea458ab15574f7d66caac060f09d558') in 0.014164 seconds
Number of updated asset objects reloaded before import = 0
Number of asset objects unloaded after import = 3
========================================================================
Received Import Request.
  Time since last request: 0.000028 seconds.
  path: Assets/tiles/tiles_packed_76.asset
  artifactKey: Guid(a35bdc9f90e216342ac6a29b9d90bd4d) Importer(815301076,1909f56bfc062723c751e8b465ee728b)
Start importing Assets/tiles/tiles_packed_76.asset using Guid(a35bdc9f90e216342ac6a29b9d90bd4d) Importer(815301076,1909f56bfc062723c751e8b465ee728b) [PhysX] Initialized MultithreadedTaskDispatcher with 8 workers.
 -> (artifact id: '6b6a09825a9de66ba0bafa4b32b9fe55') in 0.013903 seconds
Number of updated asset objects reloaded before import = 0
Number of asset objects unloaded after import = 3
========================================================================
Received Import Request.
  Time since last request: 0.000027 seconds.
  path: Assets/tiles/tiles_packed_57.asset
  artifactKey: Guid(642df858498c768449a3fe050de62d45) Importer(815301076,1909f56bfc062723c751e8b465ee728b)
Start importing Assets/tiles/tiles_packed_57.asset using Guid(642df858498c768449a3fe050de62d45) Importer(815301076,1909f56bfc062723c751e8b465ee728b) [PhysX] Initialized MultithreadedTaskDispatcher with 8 workers.
 -> (artifact id: 'ad9b015ce8d6d044733d4db558997634') in 0.015728 seconds
Number of updated asset objects reloaded before import = 0
Number of asset objects unloaded after import = 3
========================================================================
Received Import Request.
  Time since last request: 0.000026 seconds.
  path: Assets/tiles/tiles_packed_59.asset
  artifactKey: Guid(53060bc939ab76444a598f21649591be) Importer(815301076,1909f56bfc062723c751e8b465ee728b)
Start importing Assets/tiles/tiles_packed_59.asset using Guid(53060bc939ab76444a598f21649591be) Importer(815301076,1909f56bfc062723c751e8b465ee728b) [PhysX] Initialized MultithreadedTaskDispatcher with 8 workers.
 -> (artifact id: '34161b435fb488deab07a89a02fdf51d') in 0.006886 seconds
Number of updated asset objects reloaded before import = 0
Number of asset objects unloaded after import = 3
========================================================================
Received Import Request.
  Time since last request: 0.000022 seconds.
  path: Assets/tiles/tiles_packed_79.asset
  artifactKey: Guid(641987b098ad2e6408419915b387b145) Importer(815301076,1909f56bfc062723c751e8b465ee728b)
Start importing Assets/tiles/tiles_packed_79.asset using Guid(641987b098ad2e6408419915b387b145) Importer(815301076,1909f56bfc062723c751e8b465ee728b) [PhysX] Initialized MultithreadedTaskDispatcher with 8 workers.
 -> (artifact id: '59e501b5a6a0018e2779b00b2e21fe6c') in 0.007898 seconds
Number of updated asset objects reloaded before import = 0
Number of asset objects unloaded after import = 3
========================================================================
Received Import Request.
  Time since last request: 0.000024 seconds.
  path: Assets/tiles/tiles_packed_62.asset
  artifactKey: Guid(fa58a6b9993fb5e4d992c7b6f8e0ed4a) Importer(815301076,1909f56bfc062723c751e8b465ee728b)
Start importing Assets/tiles/tiles_packed_62.asset using Guid(fa58a6b9993fb5e4d992c7b6f8e0ed4a) Importer(815301076,1909f56bfc062723c751e8b465ee728b) [PhysX] Initialized MultithreadedTaskDispatcher with 8 workers.
 -> (artifact id: '4ab884e54cd8b4c4296b1215daec25a2') in 0.007142 seconds
Number of updated asset objects reloaded before import = 0
Number of asset objects unloaded after import = 3
========================================================================
Received Import Request.
  Time since last request: 0.000037 seconds.
  path: Assets/tiles/tiles_packed_71.asset
  artifactKey: Guid(741d42831e28ba64ab8aab2bde106de5) Importer(815301076,1909f56bfc062723c751e8b465ee728b)
Start importing Assets/tiles/tiles_packed_71.asset using Guid(741d42831e28ba64ab8aab2bde106de5) Importer(815301076,1909f56bfc062723c751e8b465ee728b) [PhysX] Initialized MultithreadedTaskDispatcher with 8 workers.
 -> (artifact id: 'e630265cedf406ad6b6fad24bf84fcca') in 0.007110 seconds
Number of updated asset objects reloaded before import = 0
Number of asset objects unloaded after import = 3
========================================================================
Received Import Request.
  Time since last request: 0.000028 seconds.
  path: Assets/tiles/tiles_packed_43.asset
  artifactKey: Guid(f47e71c6009b9274480e658f7861b96e) Importer(815301076,1909f56bfc062723c751e8b465ee728b)
Start importing Assets/tiles/tiles_packed_43.asset using Guid(f47e71c6009b9274480e658f7861b96e) Importer(815301076,1909f56bfc062723c751e8b465ee728b) [PhysX] Initialized MultithreadedTaskDispatcher with 8 workers.
 -> (artifact id: '42ad265c3f7effe9094c5b5d0cac8e5b') in 0.006176 seconds
Number of updated asset objects reloaded before import = 0
Number of asset objects unloaded after import = 3
========================================================================
Received Import Request.
  Time since last request: 0.000021 seconds.
  path: Assets/tiles/tiles_packed_51.asset
  artifactKey: Guid(dcdcbb530e31df840bc2651f1b7b67e9) Importer(815301076,1909f56bfc062723c751e8b465ee728b)
Start importing Assets/tiles/tiles_packed_51.asset using Guid(dcdcbb530e31df840bc2651f1b7b67e9) Importer(815301076,1909f56bfc062723c751e8b465ee728b) [PhysX] Initialized MultithreadedTaskDispatcher with 8 workers.
 -> (artifact id: '8e5fa3127f4d84c7dda8792a19c9e088') in 0.006746 seconds
Number of updated asset objects reloaded before import = 0
Number of asset objects unloaded after import = 3
========================================================================
Received Import Request.
  Time since last request: 0.000026 seconds.
  path: Assets/tiles/tiles_packed_61.asset
  artifactKey: Guid(7f51c4250d2224b43afc038ad710b5a4) Importer(815301076,1909f56bfc062723c751e8b465ee728b)
Start importing Assets/tiles/tiles_packed_61.asset using Guid(7f51c4250d2224b43afc038ad710b5a4) Importer(815301076,1909f56bfc062723c751e8b465ee728b) [PhysX] Initialized MultithreadedTaskDispatcher with 8 workers.
 -> (artifact id: '02a19a4ad8f0972dc12eb5f4ceefb82b') in 0.016036 seconds
Number of updated asset objects reloaded before import = 0
Number of asset objects unloaded after import = 3
========================================================================
Received Import Request.
  Time since last request: 0.000022 seconds.
  path: Assets/tiles/tiles_packed_90.asset
  artifactKey: Guid(eae1d6b55bc110945a6aaf9f21aa3320) Importer(815301076,1909f56bfc062723c751e8b465ee728b)
Start importing Assets/tiles/tiles_packed_90.asset using Guid(eae1d6b55bc110945a6aaf9f21aa3320) Importer(815301076,1909f56bfc062723c751e8b465ee728b) [PhysX] Initialized MultithreadedTaskDispatcher with 8 workers.
 -> (artifact id: '4a488cf6719874c3cb791103fc8e0cfa') in 0.007505 seconds
Number of updated asset objects reloaded before import = 0
Number of asset objects unloaded after import = 3
========================================================================
Received Import Request.
  Time since last request: 0.000023 seconds.
  path: Assets/tiles/tiles_packed_92.asset
  artifactKey: Guid(b6f3b7811ca594441b6cba08c38dab65) Importer(815301076,1909f56bfc062723c751e8b465ee728b)
Start importing Assets/tiles/tiles_packed_92.asset using Guid(b6f3b7811ca594441b6cba08c38dab65) Importer(815301076,1909f56bfc062723c751e8b465ee728b) [PhysX] Initialized MultithreadedTaskDispatcher with 8 workers.
 -> (artifact id: '7631181ea9f8cae01d19e84bb726c6ad') in 0.005903 seconds
Number of updated asset objects reloaded before import = 0
Number of asset objects unloaded after import = 3
========================================================================
Received Import Request.
  Time since last request: 0.000028 seconds.
  path: Assets/tiles/tiles_packed_86.asset
  artifactKey: Guid(ab027115a90a70c478372bea6a1886e3) Importer(815301076,1909f56bfc062723c751e8b465ee728b)
Start importing Assets/tiles/tiles_packed_86.asset using Guid(ab027115a90a70c478372bea6a1886e3) Importer(815301076,1909f56bfc062723c751e8b465ee728b) [PhysX] Initialized MultithreadedTaskDispatcher with 8 workers.
 -> (artifact id: 'c68cffdf66ce4428a4f1f7c3ea1a9154') in 0.005660 seconds
Number of updated asset objects reloaded before import = 0
Number of asset objects unloaded after import = 3
========================================================================
Received Import Request.
  Time since last request: 0.000028 seconds.
  path: Assets/tiles/tiles_packed_104.asset
  artifactKey: Guid(4cc4e95077a2a0e428b4c17f09f1f697) Importer(815301076,1909f56bfc062723c751e8b465ee728b)
Start importing Assets/tiles/tiles_packed_104.asset using Guid(4cc4e95077a2a0e428b4c17f09f1f697) Importer(815301076,1909f56bfc062723c751e8b465ee728b) [PhysX] Initialized MultithreadedTaskDispatcher with 8 workers.
 -> (artifact id: 'a56cfc6ee58a1400890823b6bf104284') in 0.006974 seconds
Number of updated asset objects reloaded before import = 0
Number of asset objects unloaded after import = 3
========================================================================
Received Import Request.
  Time since last request: 0.000024 seconds.
  path: Assets/tiles/tiles_packed_99.asset
  artifactKey: Guid(0521f169806f68d44991b77b146e4ac8) Importer(815301076,1909f56bfc062723c751e8b465ee728b)
Start importing Assets/tiles/tiles_packed_99.asset using Guid(0521f169806f68d44991b77b146e4ac8) Importer(815301076,1909f56bfc062723c751e8b465ee728b) [PhysX] Initialized MultithreadedTaskDispatcher with 8 workers.
 -> (artifact id: '301b54efe0f204030c740bacf769b299') in 0.007911 seconds
Number of updated asset objects reloaded before import = 0
Number of asset objects unloaded after import = 3
========================================================================
Received Import Request.
  Time since last request: 0.000030 seconds.
  path: Assets/tiles/tiles_packed_108.asset
  artifactKey: Guid(7e4ed02502f4b0840a8de08fd0a874f8) Importer(815301076,1909f56bfc062723c751e8b465ee728b)
Start importing Assets/tiles/tiles_packed_108.asset using Guid(7e4ed02502f4b0840a8de08fd0a874f8) Importer(815301076,1909f56bfc062723c751e8b465ee728b) [PhysX] Initialized MultithreadedTaskDispatcher with 8 workers.
 -> (artifact id: '42fabc6f45426fb12b3a4e5b1b9b724e') in 0.006455 seconds
Number of updated asset objects reloaded before import = 0
Number of asset objects unloaded after import = 3
========================================================================
Received Import Request.
  Time since last request: 0.000043 seconds.
  path: Assets/tiles/tiles_packed_106.asset
  artifactKey: Guid(0c48ec3bbc7418b4b90df049a19500bc) Importer(815301076,1909f56bfc062723c751e8b465ee728b)
Start importing Assets/tiles/tiles_packed_106.asset using Guid(0c48ec3bbc7418b4b90df049a19500bc) Importer(815301076,1909f56bfc062723c751e8b465ee728b) [PhysX] Initialized MultithreadedTaskDispatcher with 8 workers.
 -> (artifact id: '5cee03c6892f2d38aa26574912534b7f') in 0.007802 seconds
Number of updated asset objects reloaded before import = 0
Number of asset objects unloaded after import = 3
========================================================================
Received Import Request.
  Time since last request: 0.000027 seconds.
  path: Assets/tiles/tiles_packed_89.asset
  artifactKey: Guid(3b1b6390deb1b0e43aeda0fd57b02944) Importer(815301076,1909f56bfc062723c751e8b465ee728b)
Start importing Assets/tiles/tiles_packed_89.asset using Guid(3b1b6390deb1b0e43aeda0fd57b02944) Importer(815301076,1909f56bfc062723c751e8b465ee728b) [PhysX] Initialized MultithreadedTaskDispatcher with 8 workers.
 -> (artifact id: '346e56d0748e50f623a36699b5f2b0ad') in 0.008782 seconds
Number of updated asset objects reloaded before import = 0
Number of asset objects unloaded after import = 3
========================================================================
Received Import Request.
  Time since last request: 0.000023 seconds.
  path: Assets/tiles/tiles_packed_101.asset
  artifactKey: Guid(c2e301a803336b648bf696af63c68073) Importer(815301076,1909f56bfc062723c751e8b465ee728b)
Start importing Assets/tiles/tiles_packed_101.asset using Guid(c2e301a803336b648bf696af63c68073) Importer(815301076,1909f56bfc062723c751e8b465ee728b) [PhysX] Initialized MultithreadedTaskDispatcher with 8 workers.
 -> (artifact id: '1cb52e520bcd79a8ec50ffcb8b9a0c7a') in 0.016978 seconds
Number of updated asset objects reloaded before import = 0
Number of asset objects unloaded after import = 3
========================================================================
Received Import Request.
  Time since last request: 0.000028 seconds.
  path: Assets/tiles/tiles_packed_95.asset
  artifactKey: Guid(7b5f1d1403cf57042b827688cfed510b) Importer(815301076,1909f56bfc062723c751e8b465ee728b)
Start importing Assets/tiles/tiles_packed_95.asset using Guid(7b5f1d1403cf57042b827688cfed510b) Importer(815301076,1909f56bfc062723c751e8b465ee728b) [PhysX] Initialized MultithreadedTaskDispatcher with 8 workers.
 -> (artifact id: '561c13267d6b0e4394d33dbbdf01e765') in 0.008544 seconds
Number of updated asset objects reloaded before import = 0
Number of asset objects unloaded after import = 3
========================================================================
Received Import Request.
  Time since last request: 0.000044 seconds.
  path: Assets/tiles/tiles_packed_103.asset
  artifactKey: Guid(9b549fa7b8dce6541bd5224a796959c2) Importer(815301076,1909f56bfc062723c751e8b465ee728b)
Start importing Assets/tiles/tiles_packed_103.asset using Guid(9b549fa7b8dce6541bd5224a796959c2) Importer(815301076,1909f56bfc062723c751e8b465ee728b) [PhysX] Initialized MultithreadedTaskDispatcher with 8 workers.
 -> (artifact id: '452d4eb1497368d3f39edbbcd4b6bed8') in 0.007093 seconds
Number of updated asset objects reloaded before import = 0
Number of asset objects unloaded after import = 3
========================================================================
Received Import Request.
  Time since last request: 0.000037 seconds.
  path: Assets/tiles/tiles_packed_94.asset
  artifactKey: Guid(d9466e9541cf4cd4087abb39af0ee6c5) Importer(815301076,1909f56bfc062723c751e8b465ee728b)
Start importing Assets/tiles/tiles_packed_94.asset using Guid(d9466e9541cf4cd4087abb39af0ee6c5) Importer(815301076,1909f56bfc062723c751e8b465ee728b) [PhysX] Initialized MultithreadedTaskDispatcher with 8 workers.
 -> (artifact id: '360360bb609efe55a8fc2dc6d20ebf0e') in 0.005879 seconds
Number of updated asset objects reloaded before import = 0
Number of asset objects unloaded after import = 3
========================================================================
Received Import Request.
  Time since last request: 0.000029 seconds.
  path: Assets/tiles/tiles_packed_100.asset
  artifactKey: Guid(6901376d5f0765d40b752f9767f5f6de) Importer(815301076,1909f56bfc062723c751e8b465ee728b)
Start importing Assets/tiles/tiles_packed_100.asset using Guid(6901376d5f0765d40b752f9767f5f6de) Importer(815301076,1909f56bfc062723c751e8b465ee728b) [PhysX] Initialized MultithreadedTaskDispatcher with 8 workers.
 -> (artifact id: '6021108d2b1c2162425400285dddd146') in 0.014237 seconds
Number of updated asset objects reloaded before import = 0
Number of asset objects unloaded after import = 3
========================================================================
Received Import Request.
  Time since last request: 0.060379 seconds.
  path: Assets/tiles/tiles_packed_110.asset
  artifactKey: Guid(3fc36ce0d1e780942aa71e56d9367668) Importer(815301076,1909f56bfc062723c751e8b465ee728b)
Start importing Assets/tiles/tiles_packed_110.asset using Guid(3fc36ce0d1e780942aa71e56d9367668) Importer(815301076,1909f56bfc062723c751e8b465ee728b) [PhysX] Initialized MultithreadedTaskDispatcher with 8 workers.
 -> (artifact id: '7192346e896ae867b0149aca21783cab') in 0.006751 seconds
Number of updated asset objects reloaded before import = 0
Number of asset objects unloaded after import = 3
========================================================================
Received Import Request.
  Time since last request: 0.000026 seconds.
  path: Assets/tiles/tiles_packed_116.asset
  artifactKey: Guid(c888192718e68ce4b878ac77e3513947) Importer(815301076,1909f56bfc062723c751e8b465ee728b)
Start importing Assets/tiles/tiles_packed_116.asset using Guid(c888192718e68ce4b878ac77e3513947) Importer(815301076,1909f56bfc062723c751e8b465ee728b) [PhysX] Initialized MultithreadedTaskDispatcher with 8 workers.
 -> (artifact id: '99a1ea263c0608565eecb1d75a708fbf') in 0.006585 seconds
Number of updated asset objects reloaded before import = 0
Number of asset objects unloaded after import = 3
========================================================================
Received Import Request.
  Time since last request: 0.000031 seconds.
  path: Assets/tiles/tiles_packed_111.asset
  artifactKey: Guid(1f17891f0283b624b97da1a0adc4f3a2) Importer(815301076,1909f56bfc062723c751e8b465ee728b)
Start importing Assets/tiles/tiles_packed_111.asset using Guid(1f17891f0283b624b97da1a0adc4f3a2) Importer(815301076,1909f56bfc062723c751e8b465ee728b) [PhysX] Initialized MultithreadedTaskDispatcher with 8 workers.
 -> (artifact id: 'e520e5459749474c7b443cfb7b528799') in 0.006627 seconds
Number of updated asset objects reloaded before import = 0
Number of asset objects unloaded after import = 3
========================================================================
Received Import Request.
  Time since last request: 0.000027 seconds.
  path: Assets/tiles/tiles_packed_125.asset
  artifactKey: Guid(83137903b6fd87e46b044fdfdeb6000c) Importer(815301076,1909f56bfc062723c751e8b465ee728b)
Start importing Assets/tiles/tiles_packed_125.asset using Guid(83137903b6fd87e46b044fdfdeb6000c) Importer(815301076,1909f56bfc062723c751e8b465ee728b) [PhysX] Initialized MultithreadedTaskDispatcher with 8 workers.
 -> (artifact id: 'b5d9bcde6f60a7b521e617772a90e6f2') in 0.014135 seconds
Number of updated asset objects reloaded before import = 0
Number of asset objects unloaded after import = 3
========================================================================
Received Import Request.
  Time since last request: 0.000030 seconds.
  path: Assets/tiles/tiles_packed_137.asset
  artifactKey: Guid(7f634ea297b8ffa40af2c0f8671db08f) Importer(815301076,1909f56bfc062723c751e8b465ee728b)
Start importing Assets/tiles/tiles_packed_137.asset using Guid(7f634ea297b8ffa40af2c0f8671db08f) Importer(815301076,1909f56bfc062723c751e8b465ee728b) [PhysX] Initialized MultithreadedTaskDispatcher with 8 workers.
 -> (artifact id: 'c237d085a7700627558daa669e229f42') in 0.006651 seconds
Number of updated asset objects reloaded before import = 0
Number of asset objects unloaded after import = 3
========================================================================
Received Import Request.
  Time since last request: 0.000064 seconds.
  path: Assets/tiles/tiles_packed_130.asset
  artifactKey: Guid(639687f522c923a459975637b122152b) Importer(815301076,1909f56bfc062723c751e8b465ee728b)
Start importing Assets/tiles/tiles_packed_130.asset using Guid(639687f522c923a459975637b122152b) Importer(815301076,1909f56bfc062723c751e8b465ee728b) [PhysX] Initialized MultithreadedTaskDispatcher with 8 workers.
 -> (artifact id: '37bd5adee58abf1a687bbb96af2d42a5') in 0.006316 seconds
Number of updated asset objects reloaded before import = 0
Number of asset objects unloaded after import = 3
========================================================================
Received Import Request.
  Time since last request: 0.000025 seconds.
  path: Assets/tiles/tiles_packed_143.asset
  artifactKey: Guid(f9d1ad060111ab044b6e192479521518) Importer(815301076,1909f56bfc062723c751e8b465ee728b)
Start importing Assets/tiles/tiles_packed_143.asset using Guid(f9d1ad060111ab044b6e192479521518) Importer(815301076,1909f56bfc062723c751e8b465ee728b) [PhysX] Initialized MultithreadedTaskDispatcher with 8 workers.
 -> (artifact id: '77e7218002eccc99c32d0c7a83f08a0b') in 0.006789 seconds
Number of updated asset objects reloaded before import = 0
Number of asset objects unloaded after import = 3
========================================================================
Received Import Request.
  Time since last request: 0.000037 seconds.
  path: Assets/tiles/tiles_packed_134.asset
  artifactKey: Guid(09a389e8f212c95459b152692d9fbf0e) Importer(815301076,1909f56bfc062723c751e8b465ee728b)
Start importing Assets/tiles/tiles_packed_134.asset using Guid(09a389e8f212c95459b152692d9fbf0e) Importer(815301076,1909f56bfc062723c751e8b465ee728b) [PhysX] Initialized MultithreadedTaskDispatcher with 8 workers.
 -> (artifact id: 'ca884d132e57367e514e78d723981920') in 0.006358 seconds
Number of updated asset objects reloaded before import = 0
Number of asset objects unloaded after import = 3
========================================================================
Received Import Request.
  Time since last request: 0.000024 seconds.
  path: Assets/tiles/tiles_packed_139.asset
  artifactKey: Guid(64380c4d78b38ab4784feeed63a0dad5) Importer(815301076,1909f56bfc062723c751e8b465ee728b)
Start importing Assets/tiles/tiles_packed_139.asset using Guid(64380c4d78b38ab4784feeed63a0dad5) Importer(815301076,1909f56bfc062723c751e8b465ee728b) [PhysX] Initialized MultithreadedTaskDispatcher with 8 workers.
 -> (artifact id: '0496cb6fe1d3d74d256e686a7963a6c0') in 0.006040 seconds
Number of updated asset objects reloaded before import = 0
Number of asset objects unloaded after import = 3
========================================================================
Received Import Request.
  Time since last request: 0.000022 seconds.
  path: Assets/tiles/tiles_packed_145.asset
  artifactKey: Guid(0d202859487662d419f1a487267479e4) Importer(815301076,1909f56bfc062723c751e8b465ee728b)
Start importing Assets/tiles/tiles_packed_145.asset using Guid(0d202859487662d419f1a487267479e4) Importer(815301076,1909f56bfc062723c751e8b465ee728b) [PhysX] Initialized MultithreadedTaskDispatcher with 8 workers.
 -> (artifact id: '50281906667ed9b23e8ba45ce52b95f6') in 0.014807 seconds
Number of updated asset objects reloaded before import = 0
Number of asset objects unloaded after import = 3
========================================================================
Received Import Request.
  Time since last request: 0.000030 seconds.
  path: Assets/tiles/tiles_packed_151.asset
  artifactKey: Guid(8e21149fbfa017f43b1261bd2e56eca4) Importer(815301076,1909f56bfc062723c751e8b465ee728b)
Start importing Assets/tiles/tiles_packed_151.asset using Guid(8e21149fbfa017f43b1261bd2e56eca4) Importer(815301076,1909f56bfc062723c751e8b465ee728b) [PhysX] Initialized MultithreadedTaskDispatcher with 8 workers.
 -> (artifact id: '9af5a38fe678d47463374ee7fb6b363d') in 0.013993 seconds
Number of updated asset objects reloaded before import = 0
Number of asset objects unloaded after import = 3
========================================================================
Received Import Request.
  Time since last request: 0.000023 seconds.
  path: Assets/tiles/tiles_packed_153.asset
  artifactKey: Guid(0957a241cb1976842af6c4ca70033125) Importer(815301076,1909f56bfc062723c751e8b465ee728b)
Start importing Assets/tiles/tiles_packed_153.asset using Guid(0957a241cb1976842af6c4ca70033125) Importer(815301076,1909f56bfc062723c751e8b465ee728b) [PhysX] Initialized MultithreadedTaskDispatcher with 8 workers.
 -> (artifact id: '63642027d842f11c6bc7843de87d550e') in 0.014226 seconds
Number of updated asset objects reloaded before import = 0
Number of asset objects unloaded after import = 3
========================================================================
Received Import Request.
  Time since last request: 0.000024 seconds.
  path: Assets/tiles/tiles_packed_135.asset
  artifactKey: Guid(aaa74ae1c85d8ab4d81ce85695befd7b) Importer(815301076,1909f56bfc062723c751e8b465ee728b)
Start importing Assets/tiles/tiles_packed_135.asset using Guid(aaa74ae1c85d8ab4d81ce85695befd7b) Importer(815301076,1909f56bfc062723c751e8b465ee728b) [PhysX] Initialized MultithreadedTaskDispatcher with 8 workers.
 -> (artifact id: '9e9828c19edcfb0d60a3ca67ed26fcf4') in 0.006715 seconds
Number of updated asset objects reloaded before import = 0
Number of asset objects unloaded after import = 3
========================================================================
Received Import Request.
  Time since last request: 0.000021 seconds.
  path: Assets/tiles/tiles_packed_138.asset
  artifactKey: Guid(6d076e6899a0a6f4b98a7b6c162ada0b) Importer(815301076,1909f56bfc062723c751e8b465ee728b)
Start importing Assets/tiles/tiles_packed_138.asset using Guid(6d076e6899a0a6f4b98a7b6c162ada0b) Importer(815301076,1909f56bfc062723c751e8b465ee728b) [PhysX] Initialized MultithreadedTaskDispatcher with 8 workers.
 -> (artifact id: '910c7f71db717a60906be78b2b6a6a68') in 0.007193 seconds
Number of updated asset objects reloaded before import = 0
Number of asset objects unloaded after import = 3
========================================================================
Received Import Request.
  Time since last request: 0.000031 seconds.
  path: Assets/tiles/tiles_packed_144.asset
  artifactKey: Guid(9a3c3617096e27549960d55b006720cf) Importer(815301076,1909f56bfc062723c751e8b465ee728b)
Start importing Assets/tiles/tiles_packed_144.asset using Guid(9a3c3617096e27549960d55b006720cf) Importer(815301076,1909f56bfc062723c751e8b465ee728b) [PhysX] Initialized MultithreadedTaskDispatcher with 8 workers.
 -> (artifact id: '4c4dd2ea63f4d941d11d7101e1b8395f') in 0.008386 seconds
Number of updated asset objects reloaded before import = 0
Number of asset objects unloaded after import = 3
========================================================================
Received Import Request.
  Time since last request: 0.000046 seconds.
  path: Assets/tiles/tiles_packed_123.asset
  artifactKey: Guid(a1f7e161925dd014e9432af026d93336) Importer(815301076,1909f56bfc062723c751e8b465ee728b)
Start importing Assets/tiles/tiles_packed_123.asset using Guid(a1f7e161925dd014e9432af026d93336) Importer(815301076,1909f56bfc062723c751e8b465ee728b) [PhysX] Initialized MultithreadedTaskDispatcher with 8 workers.
 -> (artifact id: '51c23d00b62cd5af1e3bfcbf297a0576') in 0.016252 seconds
Number of updated asset objects reloaded before import = 0
Number of asset objects unloaded after import = 3
========================================================================
Received Import Request.
  Time since last request: 0.000022 seconds.
  path: Assets/tiles/tiles_packed_149.asset
  artifactKey: Guid(bfdda9991200c8b499dc5a070a6d2b94) Importer(815301076,1909f56bfc062723c751e8b465ee728b)
Start importing Assets/tiles/tiles_packed_149.asset using Guid(bfdda9991200c8b499dc5a070a6d2b94) Importer(815301076,1909f56bfc062723c751e8b465ee728b) [PhysX] Initialized MultithreadedTaskDispatcher with 8 workers.
 -> (artifact id: 'eec93ccb4921bf9b686dc04635a00202') in 0.006247 seconds
Number of updated asset objects reloaded before import = 0
Number of asset objects unloaded after import = 3
========================================================================
Received Import Request.
  Time since last request: 0.000024 seconds.
  path: Assets/tiles/tiles_packed_131.asset
  artifactKey: Guid(bdb7538241babcb4bb00b374cc550869) Importer(815301076,1909f56bfc062723c751e8b465ee728b)
Start importing Assets/tiles/tiles_packed_131.asset using Guid(bdb7538241babcb4bb00b374cc550869) Importer(815301076,1909f56bfc062723c751e8b465ee728b) [PhysX] Initialized MultithreadedTaskDispatcher with 8 workers.
 -> (artifact id: '2f5157a4ccba97f922c27e61082c2a2e') in 0.006247 seconds
Number of updated asset objects reloaded before import = 0
Number of asset objects unloaded after import = 3
========================================================================
Received Import Request.
  Time since last request: 0.000028 seconds.
  path: Assets/tiles/tiles_packed_124.asset
  artifactKey: Guid(682cf7fc1ab1a004bb4b652b1419aa6a) Importer(815301076,1909f56bfc062723c751e8b465ee728b)
Start importing Assets/tiles/tiles_packed_124.asset using Guid(682cf7fc1ab1a004bb4b652b1419aa6a) Importer(815301076,1909f56bfc062723c751e8b465ee728b) [PhysX] Initialized MultithreadedTaskDispatcher with 8 workers.
 -> (artifact id: '031b8793809274f025dd026599482f7f') in 0.006359 seconds
Number of updated asset objects reloaded before import = 0
Number of asset objects unloaded after import = 3
========================================================================
Received Import Request.
  Time since last request: 0.000021 seconds.
  path: Assets/tiles/tiles_packed_126.asset
  artifactKey: Guid(c954efa0c21db2a4781b13f63f5f933d) Importer(815301076,1909f56bfc062723c751e8b465ee728b)
Start importing Assets/tiles/tiles_packed_126.asset using Guid(c954efa0c21db2a4781b13f63f5f933d) Importer(815301076,1909f56bfc062723c751e8b465ee728b) [PhysX] Initialized MultithreadedTaskDispatcher with 8 workers.
 -> (artifact id: 'aab6ca764a392ce5decb4e69b716b539') in 0.006852 seconds
Number of updated asset objects reloaded before import = 0
Number of asset objects unloaded after import = 3
========================================================================
Received Import Request.
  Time since last request: 0.000026 seconds.
  path: Assets/tiles/tiles_packed_118.asset
  artifactKey: Guid(3e9dcccfc09dbfa4baa4c8e0eb431f26) Importer(815301076,1909f56bfc062723c751e8b465ee728b)
Start importing Assets/tiles/tiles_packed_118.asset using Guid(3e9dcccfc09dbfa4baa4c8e0eb431f26) Importer(815301076,1909f56bfc062723c751e8b465ee728b) [PhysX] Initialized MultithreadedTaskDispatcher with 8 workers.
 -> (artifact id: '2ca97865973505df5c3673e4aebc5de8') in 0.007875 seconds
Number of updated asset objects reloaded before import = 0
Number of asset objects unloaded after import = 3
========================================================================
Received Import Request.
  Time since last request: 0.000034 seconds.
  path: Assets/tiles/tiles_packed_152.asset
  artifactKey: Guid(393418de3bdafe240b9ceea1a99adec3) Importer(815301076,1909f56bfc062723c751e8b465ee728b)
Start importing Assets/tiles/tiles_packed_152.asset using Guid(393418de3bdafe240b9ceea1a99adec3) Importer(815301076,1909f56bfc062723c751e8b465ee728b) [PhysX] Initialized MultithreadedTaskDispatcher with 8 workers.
 -> (artifact id: 'a0d5fc774bd4a7bb893027c83fd55eff') in 0.014200 seconds
Number of updated asset objects reloaded before import = 0
Number of asset objects unloaded after import = 3
========================================================================
Received Import Request.
  Time since last request: 0.000029 seconds.
  path: Assets/tiles/tiles_packed_158.asset
  artifactKey: Guid(e329f38e7b528fb4bb22f66affdca9fd) Importer(815301076,1909f56bfc062723c751e8b465ee728b)
Start importing Assets/tiles/tiles_packed_158.asset using Guid(e329f38e7b528fb4bb22f66affdca9fd) Importer(815301076,1909f56bfc062723c751e8b465ee728b) [PhysX] Initialized MultithreadedTaskDispatcher with 8 workers.
 -> (artifact id: '1ee5161bdeda449b8c49f057f434719a') in 0.007559 seconds
Number of updated asset objects reloaded before import = 0
Number of asset objects unloaded after import = 3
========================================================================
Received Import Request.
  Time since last request: 0.000027 seconds.
  path: Assets/tiles/tiles_packed_162.asset
  artifactKey: Guid(25c9bbb5acdc8b047aa81266c068b45a) Importer(815301076,1909f56bfc062723c751e8b465ee728b)
Start importing Assets/tiles/tiles_packed_162.asset using Guid(25c9bbb5acdc8b047aa81266c068b45a) Importer(815301076,1909f56bfc062723c751e8b465ee728b) [PhysX] Initialized MultithreadedTaskDispatcher with 8 workers.
 -> (artifact id: '533f5a61e8ddb40fb8e6ec1a525aeb47') in 0.014647 seconds
Number of updated asset objects reloaded before import = 0
Number of asset objects unloaded after import = 3
========================================================================
Received Import Request.
  Time since last request: 0.000029 seconds.
  path: Assets/tiles/tiles_packed_163.asset
  artifactKey: Guid(d497e684103027a4da0d23fbf8b350d0) Importer(815301076,1909f56bfc062723c751e8b465ee728b)
Start importing Assets/tiles/tiles_packed_163.asset using Guid(d497e684103027a4da0d23fbf8b350d0) Importer(815301076,1909f56bfc062723c751e8b465ee728b) [PhysX] Initialized MultithreadedTaskDispatcher with 8 workers.
 -> (artifact id: '75a7fd2bdca3fcc88028a27a1821df70') in 0.006446 seconds
Number of updated asset objects reloaded before import = 0
Number of asset objects unloaded after import = 3
========================================================================
Received Import Request.
  Time since last request: 0.000034 seconds.
  path: Assets/tiles/tiles_packed_171.asset
  artifactKey: Guid(752ed68fb5bde7840b3e2435b336d0a0) Importer(815301076,1909f56bfc062723c751e8b465ee728b)
Start importing Assets/tiles/tiles_packed_171.asset using Guid(752ed68fb5bde7840b3e2435b336d0a0) Importer(815301076,1909f56bfc062723c751e8b465ee728b) [PhysX] Initialized MultithreadedTaskDispatcher with 8 workers.
 -> (artifact id: '7277df733bf95beeb53e9c814c1dea4c') in 0.015494 seconds
Number of updated asset objects reloaded before import = 0
Number of asset objects unloaded after import = 3
========================================================================
Received Import Request.
  Time since last request: 0.000028 seconds.
  path: Assets/tiles/tiles_packed_159.asset
  artifactKey: Guid(8dc434692e7e4bc4abcb8be9465bbb24) Importer(815301076,1909f56bfc062723c751e8b465ee728b)
Start importing Assets/tiles/tiles_packed_159.asset using Guid(8dc434692e7e4bc4abcb8be9465bbb24) Importer(815301076,1909f56bfc062723c751e8b465ee728b) [PhysX] Initialized MultithreadedTaskDispatcher with 8 workers.
 -> (artifact id: '093f4890db2284008e50341b83533628') in 0.006316 seconds
Number of updated asset objects reloaded before import = 0
Number of asset objects unloaded after import = 3
========================================================================
Received Import Request.
  Time since last request: 0.000025 seconds.
  path: Assets/tiles/tiles_packed_167.asset
  artifactKey: Guid(453afd86617077c448473c667f576198) Importer(815301076,1909f56bfc062723c751e8b465ee728b)
Start importing Assets/tiles/tiles_packed_167.asset using Guid(453afd86617077c448473c667f576198) Importer(815301076,1909f56bfc062723c751e8b465ee728b) [PhysX] Initialized MultithreadedTaskDispatcher with 8 workers.
 -> (artifact id: '314b247f7af1a58113bd47d24f029d6c') in 0.005937 seconds
Number of updated asset objects reloaded before import = 0
Number of asset objects unloaded after import = 3
========================================================================
Received Import Request.
  Time since last request: 0.000032 seconds.
  path: Assets/tiles/tiles_packed_160.asset
  artifactKey: Guid(45c5c65917acab049a144ae0baba282a) Importer(815301076,1909f56bfc062723c751e8b465ee728b)
Start importing Assets/tiles/tiles_packed_160.asset using Guid(45c5c65917acab049a144ae0baba282a) Importer(815301076,1909f56bfc062723c751e8b465ee728b) [PhysX] Initialized MultithreadedTaskDispatcher with 8 workers.
 -> (artifact id: 'fdbf048afb21a2c1041ffb787705d9f6') in 0.006985 seconds
Number of updated asset objects reloaded before import = 0
Number of asset objects unloaded after import = 3
========================================================================
Received Import Request.
  Time since last request: 0.000025 seconds.
  path: Assets/tiles/tiles_packed_173.asset
  artifactKey: Guid(c091d128d17a45c4ea1f54be3e9b0b52) Importer(815301076,1909f56bfc062723c751e8b465ee728b)
Start importing Assets/tiles/tiles_packed_173.asset using Guid(c091d128d17a45c4ea1f54be3e9b0b52) Importer(815301076,1909f56bfc062723c751e8b465ee728b) [PhysX] Initialized MultithreadedTaskDispatcher with 8 workers.
 -> (artifact id: '91377376562f042c6f8cee9b15a707d2') in 0.006353 seconds
Number of updated asset objects reloaded before import = 0
Number of asset objects unloaded after import = 3
========================================================================
Received Import Request.
  Time since last request: 0.000032 seconds.
  path: Assets/tiles/tiles_packed_161.asset
  artifactKey: Guid(fde7705d8d83d044496c8a8a0cd650b7) Importer(815301076,1909f56bfc062723c751e8b465ee728b)
Start importing Assets/tiles/tiles_packed_161.asset using Guid(fde7705d8d83d044496c8a8a0cd650b7) Importer(815301076,1909f56bfc062723c751e8b465ee728b) [PhysX] Initialized MultithreadedTaskDispatcher with 8 workers.
 -> (artifact id: '3b4c5b57da2df7237307150c21a8e550') in 0.007178 seconds
Number of updated asset objects reloaded before import = 0
Number of asset objects unloaded after import = 3
========================================================================
Received Import Request.
  Time since last request: 0.000029 seconds.
  path: Assets/tiles/tiles_packed_155.asset
  artifactKey: Guid(ae6dc49947517cf46bd5c7888159857c) Importer(815301076,1909f56bfc062723c751e8b465ee728b)
Start importing Assets/tiles/tiles_packed_155.asset using Guid(ae6dc49947517cf46bd5c7888159857c) Importer(815301076,1909f56bfc062723c751e8b465ee728b) [PhysX] Initialized MultithreadedTaskDispatcher with 8 workers.
 -> (artifact id: '0b72946407969a2d86f9f58ccf361679') in 0.006566 seconds
Number of updated asset objects reloaded before import = 0
Number of asset objects unloaded after import = 3
========================================================================
Received Import Request.
  Time since last request: 483.925007 seconds.
  path: Assets/tiles/tiles_packed_1.asset
  artifactKey: Guid(05caa57b03296084b9750db814d29e91) Importer(815301076,1909f56bfc062723c751e8b465ee728b)
Start importing Assets/tiles/tiles_packed_1.asset using Guid(05caa57b03296084b9750db814d29e91) Importer(815301076,1909f56bfc062723c751e8b465ee728b) [PhysX] Initialized MultithreadedTaskDispatcher with 8 workers.
 -> (artifact id: 'f4b6daa8cdcf701b421269aaf89edd5e') in 0.022046 seconds
Number of updated asset objects reloaded before import = 0
Number of asset objects unloaded after import = 3
========================================================================
Received Import Request.
  Time since last request: 0.000033 seconds.
  path: Assets/tiles/tiles_packed_5.asset
  artifactKey: Guid(2ecdf7c35d0303646a2db95a2421cd18) Importer(815301076,1909f56bfc062723c751e8b465ee728b)
Start importing Assets/tiles/tiles_packed_5.asset using Guid(2ecdf7c35d0303646a2db95a2421cd18) Importer(815301076,1909f56bfc062723c751e8b465ee728b) [PhysX] Initialized MultithreadedTaskDispatcher with 8 workers.
 -> (artifact id: '98643ad1cfa74930638ef61dfcde665a') in 0.015539 seconds
Number of updated asset objects reloaded before import = 0
Number of asset objects unloaded after import = 3
========================================================================
Received Import Request.
  Time since last request: 0.000022 seconds.
  path: Assets/tiles/tiles_packed_14.asset
  artifactKey: Guid(e0d6d928d4b3e984ea2b408d7b0baf54) Importer(815301076,1909f56bfc062723c751e8b465ee728b)
Start importing Assets/tiles/tiles_packed_14.asset using Guid(e0d6d928d4b3e984ea2b408d7b0baf54) Importer(815301076,1909f56bfc062723c751e8b465ee728b) [PhysX] Initialized MultithreadedTaskDispatcher with 8 workers.
 -> (artifact id: '48a0f3ccdee65c4f18035ddee789cd66') in 0.017345 seconds
Number of updated asset objects reloaded before import = 0
Number of asset objects unloaded after import = 3
========================================================================
Received Import Request.
  Time since last request: 0.000023 seconds.
  path: Assets/tiles/tiles_packed_22.asset
  artifactKey: Guid(c263ada12138c4a46a799b712759265a) Importer(815301076,1909f56bfc062723c751e8b465ee728b)
Start importing Assets/tiles/tiles_packed_22.asset using Guid(c263ada12138c4a46a799b712759265a) Importer(815301076,1909f56bfc062723c751e8b465ee728b) [PhysX] Initialized MultithreadedTaskDispatcher with 8 workers.
 -> (artifact id: '29e1261bd454ac8af4382ba076e45363') in 0.015229 seconds
Number of updated asset objects reloaded before import = 0
Number of asset objects unloaded after import = 3
========================================================================
Received Import Request.
  Time since last request: 0.000030 seconds.
  path: Assets/tiles/tiles_packed_4.asset
  artifactKey: Guid(caa770f5a10121640b911f4f5106f3f9) Importer(815301076,1909f56bfc062723c751e8b465ee728b)
Start importing Assets/tiles/tiles_packed_4.asset using Guid(caa770f5a10121640b911f4f5106f3f9) Importer(815301076,1909f56bfc062723c751e8b465ee728b) [PhysX] Initialized MultithreadedTaskDispatcher with 8 workers.
 -> (artifact id: 'e22c7e6c948c08af8d92baec52f4cc55') in 0.006059 seconds
Number of updated asset objects reloaded before import = 0
Number of asset objects unloaded after import = 3
========================================================================
Received Import Request.
  Time since last request: 0.000029 seconds.
  path: Assets/tiles/tiles_packed_17.asset
  artifactKey: Guid(85158c426b2bff24788d263f25e4f3fd) Importer(815301076,1909f56bfc062723c751e8b465ee728b)
Start importing Assets/tiles/tiles_packed_17.asset using Guid(85158c426b2bff24788d263f25e4f3fd) Importer(815301076,1909f56bfc062723c751e8b465ee728b) [PhysX] Initialized MultithreadedTaskDispatcher with 8 workers.
 -> (artifact id: '552a772cddf515f4c3a92cd921ad2552') in 0.016487 seconds
Number of updated asset objects reloaded before import = 0
Number of asset objects unloaded after import = 3
========================================================================
Received Import Request.
  Time since last request: 0.000032 seconds.
  path: Assets/tiles/tiles_packed_34.asset
  artifactKey: Guid(85873910374628240af48882f545ecb1) Importer(815301076,1909f56bfc062723c751e8b465ee728b)
Start importing Assets/tiles/tiles_packed_34.asset using Guid(85873910374628240af48882f545ecb1) Importer(815301076,1909f56bfc062723c751e8b465ee728b) [PhysX] Initialized MultithreadedTaskDispatcher with 8 workers.
 -> (artifact id: '10b9ba01e1c24ba3a0687e7d8ce5b0c0') in 0.018096 seconds
Number of updated asset objects reloaded before import = 0
Number of asset objects unloaded after import = 3
========================================================================
Received Import Request.
  Time since last request: 0.000035 seconds.
  path: Assets/tiles/tiles_packed_20.asset
  artifactKey: Guid(ce24b94e9f6161640979ce7097bd9437) Importer(815301076,1909f56bfc062723c751e8b465ee728b)
Start importing Assets/tiles/tiles_packed_20.asset using Guid(ce24b94e9f6161640979ce7097bd9437) Importer(815301076,1909f56bfc062723c751e8b465ee728b) [PhysX] Initialized MultithreadedTaskDispatcher with 8 workers.
 -> (artifact id: '5565a5ee324403c7a956bcbe5a6bff1b') in 0.015413 seconds
Number of updated asset objects reloaded before import = 0
Number of asset objects unloaded after import = 3
========================================================================
Received Import Request.
  Time since last request: 0.000038 seconds.
  path: Assets/tiles/tiles_packed_9.asset
  artifactKey: Guid(eee20fa74a40deb4a9fde6d46b874dd8) Importer(815301076,1909f56bfc062723c751e8b465ee728b)
Start importing Assets/tiles/tiles_packed_9.asset using Guid(eee20fa74a40deb4a9fde6d46b874dd8) Importer(815301076,1909f56bfc062723c751e8b465ee728b) [PhysX] Initialized MultithreadedTaskDispatcher with 8 workers.
 -> (artifact id: '1eb21c81bb8f89a0dee6400327d8a8d4') in 0.016529 seconds
Number of updated asset objects reloaded before import = 0
Number of asset objects unloaded after import = 3
========================================================================
Received Import Request.
  Time since last request: 0.000022 seconds.
  path: Assets/tiles/tiles_packed_6.asset
  artifactKey: Guid(bca53e34601f13b4fb4a9bae39b24589) Importer(815301076,1909f56bfc062723c751e8b465ee728b)
Start importing Assets/tiles/tiles_packed_6.asset using Guid(bca53e34601f13b4fb4a9bae39b24589) Importer(815301076,1909f56bfc062723c751e8b465ee728b) [PhysX] Initialized MultithreadedTaskDispatcher with 8 workers.
 -> (artifact id: 'e17ef14af3d3cbeb11fb9a6cd4875c27') in 0.017609 seconds
Number of updated asset objects reloaded before import = 0
Number of asset objects unloaded after import = 3
========================================================================
Received Import Request.
  Time since last request: 0.000045 seconds.
  path: Assets/tiles/tiles_packed_35.asset
  artifactKey: Guid(5d48d6f75b43bef49a7dcef72ccfbd90) Importer(815301076,1909f56bfc062723c751e8b465ee728b)
Start importing Assets/tiles/tiles_packed_35.asset using Guid(5d48d6f75b43bef49a7dcef72ccfbd90) Importer(815301076,1909f56bfc062723c751e8b465ee728b) [PhysX] Initialized MultithreadedTaskDispatcher with 8 workers.
 -> (artifact id: '0c81416c86b512b7b6ba3500b3b443b5') in 0.020590 seconds
Number of updated asset objects reloaded before import = 0
Number of asset objects unloaded after import = 3
========================================================================
Received Import Request.
  Time since last request: 0.000025 seconds.
  path: Assets/tiles/tiles_packed_19.asset
  artifactKey: Guid(16ee348ec5c37cf47877bd0a6b5c788e) Importer(815301076,1909f56bfc062723c751e8b465ee728b)
Start importing Assets/tiles/tiles_packed_19.asset using Guid(16ee348ec5c37cf47877bd0a6b5c788e) Importer(815301076,1909f56bfc062723c751e8b465ee728b) [PhysX] Initialized MultithreadedTaskDispatcher with 8 workers.
 -> (artifact id: '5c3989c3b4e1515d29fc096a92098f29') in 0.014816 seconds
Number of updated asset objects reloaded before import = 0
Number of asset objects unloaded after import = 3
========================================================================
Received Import Request.
  Time since last request: 0.000029 seconds.
  path: Assets/tiles/tiles_packed_15.asset
  artifactKey: Guid(be5ee4209fcdcb548812802d5bfade26) Importer(815301076,1909f56bfc062723c751e8b465ee728b)
Start importing Assets/tiles/tiles_packed_15.asset using Guid(be5ee4209fcdcb548812802d5bfade26) Importer(815301076,1909f56bfc062723c751e8b465ee728b) [PhysX] Initialized MultithreadedTaskDispatcher with 8 workers.
 -> (artifact id: 'b5b16befff1cfd81b9a4eb9093b60ab3') in 0.014811 seconds
Number of updated asset objects reloaded before import = 0
Number of asset objects unloaded after import = 3
========================================================================
Received Import Request.
  Time since last request: 0.000022 seconds.
  path: Assets/tiles/tiles_packed_25.asset
  artifactKey: Guid(b1f71510aa8fa4f4c81e6bb4c2e87b11) Importer(815301076,1909f56bfc062723c751e8b465ee728b)
Start importing Assets/tiles/tiles_packed_25.asset using Guid(b1f71510aa8fa4f4c81e6bb4c2e87b11) Importer(815301076,1909f56bfc062723c751e8b465ee728b) [PhysX] Initialized MultithreadedTaskDispatcher with 8 workers.
 -> (artifact id: 'aac23313907b0d779218c704e5a99b2a') in 0.013858 seconds
Number of updated asset objects reloaded before import = 0
Number of asset objects unloaded after import = 3
========================================================================
Received Import Request.
  Time since last request: 0.000025 seconds.
  path: Assets/tiles/tiles_packed_16.asset
  artifactKey: Guid(0a0a9ce92129528468eea8833524d9d5) Importer(815301076,1909f56bfc062723c751e8b465ee728b)
Start importing Assets/tiles/tiles_packed_16.asset using Guid(0a0a9ce92129528468eea8833524d9d5) Importer(815301076,1909f56bfc062723c751e8b465ee728b) [PhysX] Initialized MultithreadedTaskDispatcher with 8 workers.
 -> (artifact id: '635be61b552df875c2c38e7478594e54') in 0.013546 seconds
Number of updated asset objects reloaded before import = 0
Number of asset objects unloaded after import = 3
========================================================================
Received Import Request.
  Time since last request: 0.000053 seconds.
  path: Assets/tiles/tiles_packed_8.asset
  artifactKey: Guid(5b3e9a2de9f012f4197d451fd315a658) Importer(815301076,1909f56bfc062723c751e8b465ee728b)
Start importing Assets/tiles/tiles_packed_8.asset using Guid(5b3e9a2de9f012f4197d451fd315a658) Importer(815301076,1909f56bfc062723c751e8b465ee728b) [PhysX] Initialized MultithreadedTaskDispatcher with 8 workers.
 -> (artifact id: '59fc4c712898490aab3c070e4966094a') in 0.015010 seconds
Number of updated asset objects reloaded before import = 0
Number of asset objects unloaded after import = 3
========================================================================
Received Import Request.
  Time since last request: 0.000032 seconds.
  path: Assets/tiles/tiles_packed_28.asset
  artifactKey: Guid(deba76aed762cbe4ebf3deb8b5751aa5) Importer(815301076,1909f56bfc062723c751e8b465ee728b)
Start importing Assets/tiles/tiles_packed_28.asset using Guid(deba76aed762cbe4ebf3deb8b5751aa5) Importer(815301076,1909f56bfc062723c751e8b465ee728b) [PhysX] Initialized MultithreadedTaskDispatcher with 8 workers.
 -> (artifact id: 'b7c8c39d2362000136be7b11f41625c1') in 0.014983 seconds
Number of updated asset objects reloaded before import = 0
Number of asset objects unloaded after import = 3
========================================================================
Received Import Request.
  Time since last request: 0.000036 seconds.
  path: Assets/tiles/tiles_packed_11.asset
  artifactKey: Guid(95bed420f6983bf4fbf0429b167c96a0) Importer(815301076,1909f56bfc062723c751e8b465ee728b)
Start importing Assets/tiles/tiles_packed_11.asset using Guid(95bed420f6983bf4fbf0429b167c96a0) Importer(815301076,1909f56bfc062723c751e8b465ee728b) [PhysX] Initialized MultithreadedTaskDispatcher with 8 workers.
 -> (artifact id: '9ba8258ae94bb15e7a424ae6100d4cae') in 0.013679 seconds
Number of updated asset objects reloaded before import = 0
Number of asset objects unloaded after import = 3
========================================================================
Received Import Request.
  Time since last request: 0.561711 seconds.
  path: Assets/tiles/tiles_packed_38.asset
  artifactKey: Guid(edc55c9503e73a341aedb2232933a8fa) Importer(815301076,1909f56bfc062723c751e8b465ee728b)
Start importing Assets/tiles/tiles_packed_38.asset using Guid(edc55c9503e73a341aedb2232933a8fa) Importer(815301076,1909f56bfc062723c751e8b465ee728b) [PhysX] Initialized MultithreadedTaskDispatcher with 8 workers.
 -> (artifact id: '732952df242c74cc07af0b32926fdf97') in 0.012694 seconds
Number of updated asset objects reloaded before import = 0
Number of asset objects unloaded after import = 3
========================================================================
Received Import Request.
  Time since last request: 0.000021 seconds.
  path: Assets/tiles/tiles_packed_45.asset
  artifactKey: Guid(e28480fac014c7148966f3ef69e587b6) Importer(815301076,1909f56bfc062723c751e8b465ee728b)
Start importing Assets/tiles/tiles_packed_45.asset using Guid(e28480fac014c7148966f3ef69e587b6) Importer(815301076,1909f56bfc062723c751e8b465ee728b) [PhysX] Initialized MultithreadedTaskDispatcher with 8 workers.
 -> (artifact id: '4bb3ddac7ef99e8891eede545b97662b') in 0.013463 seconds
Number of updated asset objects reloaded before import = 0
Number of asset objects unloaded after import = 3
========================================================================
Received Import Request.
  Time since last request: 0.000032 seconds.
  path: Assets/tiles/tiles_packed_46.asset
  artifactKey: Guid(80de743b2a2d50143af2a0c2adf71181) Importer(815301076,1909f56bfc062723c751e8b465ee728b)
Start importing Assets/tiles/tiles_packed_46.asset using Guid(80de743b2a2d50143af2a0c2adf71181) Importer(815301076,1909f56bfc062723c751e8b465ee728b) [PhysX] Initialized MultithreadedTaskDispatcher with 8 workers.
 -> (artifact id: 'e562995dff5d8fc923a7cdd19604435e') in 0.007274 seconds
Number of updated asset objects reloaded before import = 0
Number of asset objects unloaded after import = 3
========================================================================
Received Import Request.
  Time since last request: 0.000050 seconds.
  path: Assets/tiles/tiles_packed_56.asset
  artifactKey: Guid(75804c23f1b8e1e4c847078cfb9f468d) Importer(815301076,1909f56bfc062723c751e8b465ee728b)
Start importing Assets/tiles/tiles_packed_56.asset using Guid(75804c23f1b8e1e4c847078cfb9f468d) Importer(815301076,1909f56bfc062723c751e8b465ee728b) [PhysX] Initialized MultithreadedTaskDispatcher with 8 workers.
 -> (artifact id: '8d29f76fbef83e13c534f730f9cccbd4') in 0.014491 seconds
Number of updated asset objects reloaded before import = 0
Number of asset objects unloaded after import = 3
========================================================================
Received Import Request.
  Time since last request: 0.000025 seconds.
  path: Assets/tiles/tiles_packed_58.asset
  artifactKey: Guid(981fe5d6ae15cf542973da5169525481) Importer(815301076,1909f56bfc062723c751e8b465ee728b)
Start importing Assets/tiles/tiles_packed_58.asset using Guid(981fe5d6ae15cf542973da5169525481) Importer(815301076,1909f56bfc062723c751e8b465ee728b) [PhysX] Initialized MultithreadedTaskDispatcher with 8 workers.
 -> (artifact id: 'e46b3af8fa00196d47f526e280610aad') in 0.014311 seconds
Number of updated asset objects reloaded before import = 0
Number of asset objects unloaded after import = 3
========================================================================
Received Import Request.
  Time since last request: 0.000028 seconds.
  path: Assets/tiles/tiles_packed_69.asset
  artifactKey: Guid(48ae32f6bb546c04996610af42290614) Importer(815301076,1909f56bfc062723c751e8b465ee728b)
Start importing Assets/tiles/tiles_packed_69.asset using Guid(48ae32f6bb546c04996610af42290614) Importer(815301076,1909f56bfc062723c751e8b465ee728b) [PhysX] Initialized MultithreadedTaskDispatcher with 8 workers.
 -> (artifact id: '917fdff8a62df1b640e5d409c06b6476') in 0.007003 seconds
Number of updated asset objects reloaded before import = 0
Number of asset objects unloaded after import = 3
========================================================================
Received Import Request.
  Time since last request: 0.000022 seconds.
  path: Assets/tiles/tiles_packed_50.asset
  artifactKey: Guid(77a0e04678478f248bd0285b2d1cbc94) Importer(815301076,1909f56bfc062723c751e8b465ee728b)
Start importing Assets/tiles/tiles_packed_50.asset using Guid(77a0e04678478f248bd0285b2d1cbc94) Importer(815301076,1909f56bfc062723c751e8b465ee728b) [PhysX] Initialized MultithreadedTaskDispatcher with 8 workers.
 -> (artifact id: '78adf6f72cdfe79b1e1743284d0aa0a2') in 0.006480 seconds
Number of updated asset objects reloaded before import = 0
Number of asset objects unloaded after import = 3
========================================================================
Received Import Request.
  Time since last request: 0.000048 seconds.
  path: Assets/tiles/tiles_packed_44.asset
  artifactKey: Guid(6d6d9d49d540df3408b4f55aab2018ce) Importer(815301076,1909f56bfc062723c751e8b465ee728b)
Start importing Assets/tiles/tiles_packed_44.asset using Guid(6d6d9d49d540df3408b4f55aab2018ce) Importer(815301076,1909f56bfc062723c751e8b465ee728b) [PhysX] Initialized MultithreadedTaskDispatcher with 8 workers.
 -> (artifact id: '5ab663549c74b24b0a13b56d56b688b1') in 0.006598 seconds
Number of updated asset objects reloaded before import = 0
Number of asset objects unloaded after import = 3
========================================================================
Received Import Request.
  Time since last request: 0.000061 seconds.
  path: Assets/tiles/tiles_packed_55.asset
  artifactKey: Guid(63b480513328c0c4ab1757c28579f07b) Importer(815301076,1909f56bfc062723c751e8b465ee728b)
Start importing Assets/tiles/tiles_packed_55.asset using Guid(63b480513328c0c4ab1757c28579f07b) Importer(815301076,1909f56bfc062723c751e8b465ee728b) [PhysX] Initialized MultithreadedTaskDispatcher with 8 workers.
 -> (artifact id: 'cf4e49e395c6e50fe65ce27f6704171b') in 0.015159 seconds
Number of updated asset objects reloaded before import = 0
Number of asset objects unloaded after import = 3
========================================================================
Received Import Request.
  Time since last request: 0.000031 seconds.
  path: Assets/tiles/tiles_packed_48.asset
  artifactKey: Guid(09887491222438c4fb78e2ec9bf15395) Importer(815301076,1909f56bfc062723c751e8b465ee728b)
Start importing Assets/tiles/tiles_packed_48.asset using Guid(09887491222438c4fb78e2ec9bf15395) Importer(815301076,1909f56bfc062723c751e8b465ee728b) [PhysX] Initialized MultithreadedTaskDispatcher with 8 workers.
 -> (artifact id: '55f41255211189f86a095eafa14e8c57') in 0.015067 seconds
Number of updated asset objects reloaded before import = 0
Number of asset objects unloaded after import = 3
========================================================================
Received Import Request.
  Time since last request: 0.000026 seconds.
  path: Assets/tiles/tiles_packed_66.asset
  artifactKey: Guid(b7f37eb3d180fa4438525945f90e54e7) Importer(815301076,1909f56bfc062723c751e8b465ee728b)
Start importing Assets/tiles/tiles_packed_66.asset using Guid(b7f37eb3d180fa4438525945f90e54e7) Importer(815301076,1909f56bfc062723c751e8b465ee728b) [PhysX] Initialized MultithreadedTaskDispatcher with 8 workers.
 -> (artifact id: '6eed8342bdb24c1ad249b2fba2b9a432') in 0.015150 seconds
Number of updated asset objects reloaded before import = 0
Number of asset objects unloaded after import = 3
========================================================================
Received Import Request.
  Time since last request: 0.000033 seconds.
  path: Assets/tiles/tiles_packed_39.asset
  artifactKey: Guid(f1f170cd7dffa1040b6e5f0977747d5e) Importer(815301076,1909f56bfc062723c751e8b465ee728b)
Start importing Assets/tiles/tiles_packed_39.asset using Guid(f1f170cd7dffa1040b6e5f0977747d5e) Importer(815301076,1909f56bfc062723c751e8b465ee728b) [PhysX] Initialized MultithreadedTaskDispatcher with 8 workers.
 -> (artifact id: 'ab50f307a44124ae07a418504367b19b') in 0.013917 seconds
Number of updated asset objects reloaded before import = 0
Number of asset objects unloaded after import = 3
========================================================================
Received Import Request.
  Time since last request: 0.000027 seconds.
  path: Assets/tiles/tiles_packed_67.asset
  artifactKey: Guid(c9b3d20ba850d9646a8a891893adb4f2) Importer(815301076,1909f56bfc062723c751e8b465ee728b)
Start importing Assets/tiles/tiles_packed_67.asset using Guid(c9b3d20ba850d9646a8a891893adb4f2) Importer(815301076,1909f56bfc062723c751e8b465ee728b) [PhysX] Initialized MultithreadedTaskDispatcher with 8 workers.
 -> (artifact id: 'a8c9e028bc3f1a7873fbe1ff23791bd6') in 0.005815 seconds
Number of updated asset objects reloaded before import = 0
Number of asset objects unloaded after import = 3
========================================================================
Received Import Request.
  Time since last request: 0.000025 seconds.
  path: Assets/tiles/tiles_packed_64.asset
  artifactKey: Guid(9232ea0ede337ed4fa4d8f4457d65447) Importer(815301076,1909f56bfc062723c751e8b465ee728b)
Start importing Assets/tiles/tiles_packed_64.asset using Guid(9232ea0ede337ed4fa4d8f4457d65447) Importer(815301076,1909f56bfc062723c751e8b465ee728b) [PhysX] Initialized MultithreadedTaskDispatcher with 8 workers.
 -> (artifact id: 'd5fb6445e08708855fc55dc655306acd') in 0.014294 seconds
Number of updated asset objects reloaded before import = 0
Number of asset objects unloaded after import = 3
========================================================================
Received Import Request.
  Time since last request: 0.000042 seconds.
  path: Assets/tiles/tiles_packed_57.asset
  artifactKey: Guid(642df858498c768449a3fe050de62d45) Importer(815301076,1909f56bfc062723c751e8b465ee728b)
Start importing Assets/tiles/tiles_packed_57.asset using Guid(642df858498c768449a3fe050de62d45) Importer(815301076,1909f56bfc062723c751e8b465ee728b) [PhysX] Initialized MultithreadedTaskDispatcher with 8 workers.
 -> (artifact id: '5184d34a74d38b900a397906958a1dc8') in 0.016352 seconds
Number of updated asset objects reloaded before import = 0
Number of asset objects unloaded after import = 3
========================================================================
Received Import Request.
  Time since last request: 0.000044 seconds.
  path: Assets/tiles/tiles_packed_62.asset
  artifactKey: Guid(fa58a6b9993fb5e4d992c7b6f8e0ed4a) Importer(815301076,1909f56bfc062723c751e8b465ee728b)
Start importing Assets/tiles/tiles_packed_62.asset using Guid(fa58a6b9993fb5e4d992c7b6f8e0ed4a) Importer(815301076,1909f56bfc062723c751e8b465ee728b) [PhysX] Initialized MultithreadedTaskDispatcher with 8 workers.
 -> (artifact id: 'ea0376733d0d0379e0e375f85023aa60') in 0.014766 seconds
Number of updated asset objects reloaded before import = 0
Number of asset objects unloaded after import = 3
========================================================================
Received Import Request.
  Time since last request: 0.000024 seconds.
  path: Assets/tiles/tiles_packed_43.asset
  artifactKey: Guid(f47e71c6009b9274480e658f7861b96e) Importer(815301076,1909f56bfc062723c751e8b465ee728b)
Start importing Assets/tiles/tiles_packed_43.asset using Guid(f47e71c6009b9274480e658f7861b96e) Importer(815301076,1909f56bfc062723c751e8b465ee728b) [PhysX] Initialized MultithreadedTaskDispatcher with 8 workers.
 -> (artifact id: 'fccbc6abbd1bc89d90511b8c935d48b6') in 0.007757 seconds
Number of updated asset objects reloaded before import = 0
Number of asset objects unloaded after import = 3
========================================================================
Received Import Request.
  Time since last request: 0.000024 seconds.
  path: Assets/tiles/tiles_packed_51.asset
  artifactKey: Guid(dcdcbb530e31df840bc2651f1b7b67e9) Importer(815301076,1909f56bfc062723c751e8b465ee728b)
Start importing Assets/tiles/tiles_packed_51.asset using Guid(dcdcbb530e31df840bc2651f1b7b67e9) Importer(815301076,1909f56bfc062723c751e8b465ee728b) [PhysX] Initialized MultithreadedTaskDispatcher with 8 workers.
 -> (artifact id: 'f7e84fb14406f4dc82421b4c142528f3') in 0.007687 seconds
Number of updated asset objects reloaded before import = 0
Number of asset objects unloaded after import = 3
========================================================================
Received Import Request.
  Time since last request: 0.000023 seconds.
  path: Assets/tiles/tiles_packed_61.asset
  artifactKey: Guid(7f51c4250d2224b43afc038ad710b5a4) Importer(815301076,1909f56bfc062723c751e8b465ee728b)
Start importing Assets/tiles/tiles_packed_61.asset using Guid(7f51c4250d2224b43afc038ad710b5a4) Importer(815301076,1909f56bfc062723c751e8b465ee728b) [PhysX] Initialized MultithreadedTaskDispatcher with 8 workers.
 -> (artifact id: '2a4212a8f0f8f4f6412558491bc87b93') in 0.014349 seconds
Number of updated asset objects reloaded before import = 0
Number of asset objects unloaded after import = 3
========================================================================
Received Import Request.
  Time since last request: 0.000170 seconds.
  path: Assets/tiles/tiles_packed_80.asset
  artifactKey: Guid(b2ef362d0105a5d4bb5f597d70db7658) Importer(815301076,1909f56bfc062723c751e8b465ee728b)
Start importing Assets/tiles/tiles_packed_80.asset using Guid(b2ef362d0105a5d4bb5f597d70db7658) Importer(815301076,1909f56bfc062723c751e8b465ee728b) [PhysX] Initialized MultithreadedTaskDispatcher with 8 workers.
 -> (artifact id: '23af7f6abcb4727e99acc829081250a3') in 0.013924 seconds
Number of updated asset objects reloaded before import = 0
Number of asset objects unloaded after import = 3
========================================================================
Received Import Request.
  Time since last request: 0.000026 seconds.
  path: Assets/tiles/tiles_packed_92.asset
  artifactKey: Guid(b6f3b7811ca594441b6cba08c38dab65) Importer(815301076,1909f56bfc062723c751e8b465ee728b)
Start importing Assets/tiles/tiles_packed_92.asset using Guid(b6f3b7811ca594441b6cba08c38dab65) Importer(815301076,1909f56bfc062723c751e8b465ee728b) [PhysX] Initialized MultithreadedTaskDispatcher with 8 workers.
 -> (artifact id: 'e3cf041c542cdfa54a7741bd592fa857') in 0.015367 seconds
Number of updated asset objects reloaded before import = 0
Number of asset objects unloaded after import = 3
========================================================================
Received Import Request.
  Time since last request: 0.000024 seconds.
  path: Assets/tiles/tiles_packed_82.asset
  artifactKey: Guid(32c0fc0d9d210b04baa9e59841e118a5) Importer(815301076,1909f56bfc062723c751e8b465ee728b)
Start importing Assets/tiles/tiles_packed_82.asset using Guid(32c0fc0d9d210b04baa9e59841e118a5) Importer(815301076,1909f56bfc062723c751e8b465ee728b) [PhysX] Initialized MultithreadedTaskDispatcher with 8 workers.
 -> (artifact id: '59858baa9954dcefdaea5538962ff965') in 0.014532 seconds
Number of updated asset objects reloaded before import = 0
Number of asset objects unloaded after import = 3
========================================================================
Received Import Request.
  Time since last request: 0.000025 seconds.
  path: Assets/tiles/tiles_packed_96.asset
  artifactKey: Guid(27aa236e1a46f7d49b12b86b326daada) Importer(815301076,1909f56bfc062723c751e8b465ee728b)
Start importing Assets/tiles/tiles_packed_96.asset using Guid(27aa236e1a46f7d49b12b86b326daada) Importer(815301076,1909f56bfc062723c751e8b465ee728b) [PhysX] Initialized MultithreadedTaskDispatcher with 8 workers.
 -> (artifact id: '0567ebc101f173baee19f2059ba06bbc') in 0.014702 seconds
Number of updated asset objects reloaded before import = 0
Number of asset objects unloaded after import = 3
========================================================================
Received Import Request.
  Time since last request: 0.000022 seconds.
  path: Assets/tiles/tiles_packed_88.asset
  artifactKey: Guid(be713c96c31a4a84abf686fb7f41c2b3) Importer(815301076,1909f56bfc062723c751e8b465ee728b)
Start importing Assets/tiles/tiles_packed_88.asset using Guid(be713c96c31a4a84abf686fb7f41c2b3) Importer(815301076,1909f56bfc062723c751e8b465ee728b) [PhysX] Initialized MultithreadedTaskDispatcher with 8 workers.
 -> (artifact id: 'b7adf182e64e115c76bfaa392a260714') in 0.006278 seconds
Number of updated asset objects reloaded before import = 0
Number of asset objects unloaded after import = 3
========================================================================
Received Import Request.
  Time since last request: 0.000024 seconds.
  path: Assets/tiles/tiles_packed_106.asset
  artifactKey: Guid(0c48ec3bbc7418b4b90df049a19500bc) Importer(815301076,1909f56bfc062723c751e8b465ee728b)
Start importing Assets/tiles/tiles_packed_106.asset using Guid(0c48ec3bbc7418b4b90df049a19500bc) Importer(815301076,1909f56bfc062723c751e8b465ee728b) [PhysX] Initialized MultithreadedTaskDispatcher with 8 workers.
 -> (artifact id: 'e7d6c11503070fbb50fb5779fc513869') in 0.014748 seconds
Number of updated asset objects reloaded before import = 0
Number of asset objects unloaded after import = 3
========================================================================
Received Import Request.
  Time since last request: 0.000024 seconds.
  path: Assets/tiles/tiles_packed_105.asset
  artifactKey: Guid(e3ad8f4f3a0f9484aa96c80e74d051c8) Importer(815301076,1909f56bfc062723c751e8b465ee728b)
Start importing Assets/tiles/tiles_packed_105.asset using Guid(e3ad8f4f3a0f9484aa96c80e74d051c8) Importer(815301076,1909f56bfc062723c751e8b465ee728b) [PhysX] Initialized MultithreadedTaskDispatcher with 8 workers.
 -> (artifact id: '978f3be9d3d66a9218ae7f56273a57b1') in 0.013930 seconds
Number of updated asset objects reloaded before import = 0
Number of asset objects unloaded after import = 3
========================================================================
Received Import Request.
  Time since last request: 0.000025 seconds.
  path: Assets/tiles/tiles_packed_103.asset
  artifactKey: Guid(9b549fa7b8dce6541bd5224a796959c2) Importer(815301076,1909f56bfc062723c751e8b465ee728b)
Start importing Assets/tiles/tiles_packed_103.asset using Guid(9b549fa7b8dce6541bd5224a796959c2) Importer(815301076,1909f56bfc062723c751e8b465ee728b) [PhysX] Initialized MultithreadedTaskDispatcher with 8 workers.
 -> (artifact id: 'ba027301d508f012a2102dba2918240c') in 0.014609 seconds
Number of updated asset objects reloaded before import = 0
Number of asset objects unloaded after import = 3
========================================================================
Received Import Request.
  Time since last request: 0.000034 seconds.
  path: Assets/tiles/tiles_packed_95.asset
  artifactKey: Guid(7b5f1d1403cf57042b827688cfed510b) Importer(815301076,1909f56bfc062723c751e8b465ee728b)
Start importing Assets/tiles/tiles_packed_95.asset using Guid(7b5f1d1403cf57042b827688cfed510b) Importer(815301076,1909f56bfc062723c751e8b465ee728b) [PhysX] Initialized MultithreadedTaskDispatcher with 8 workers.
 -> (artifact id: 'e8e198ac6afe7d91124100f150075dec') in 0.005716 seconds
Number of updated asset objects reloaded before import = 0
Number of asset objects unloaded after import = 3
========================================================================
Received Import Request.
  Time since last request: 0.000033 seconds.
  path: Assets/tiles/tiles_packed_84.asset
  artifactKey: Guid(ba42feb4dcbfc9d439fcf87606dd8283) Importer(815301076,1909f56bfc062723c751e8b465ee728b)
Start importing Assets/tiles/tiles_packed_84.asset using Guid(ba42feb4dcbfc9d439fcf87606dd8283) Importer(815301076,1909f56bfc062723c751e8b465ee728b) [PhysX] Initialized MultithreadedTaskDispatcher with 8 workers.
 -> (artifact id: '97adefbee43893bc1fec368ccd994903') in 0.014471 seconds
Number of updated asset objects reloaded before import = 0
Number of asset objects unloaded after import = 3
========================================================================
Received Import Request.
  Time since last request: 0.000031 seconds.
  path: Assets/tiles/tiles_packed_73.asset
  artifactKey: Guid(e54188c6fd54b2943bcb5b3d72fd47be) Importer(815301076,1909f56bfc062723c751e8b465ee728b)
Start importing Assets/tiles/tiles_packed_73.asset using Guid(e54188c6fd54b2943bcb5b3d72fd47be) Importer(815301076,1909f56bfc062723c751e8b465ee728b) [PhysX] Initialized MultithreadedTaskDispatcher with 8 workers.
 -> (artifact id: '5e6cfc70d5b8d25ee2c498b8e0acab04') in 0.006343 seconds
Number of updated asset objects reloaded before import = 0
Number of asset objects unloaded after import = 3
========================================================================
Received Import Request.
  Time since last request: 0.000036 seconds.
  path: Assets/tiles/tiles_packed_81.asset
  artifactKey: Guid(1ff99839422e5c54f859813ecd056800) Importer(815301076,1909f56bfc062723c751e8b465ee728b)
Start importing Assets/tiles/tiles_packed_81.asset using Guid(1ff99839422e5c54f859813ecd056800) Importer(815301076,1909f56bfc062723c751e8b465ee728b) [PhysX] Initialized MultithreadedTaskDispatcher with 8 workers.
 -> (artifact id: '3effbfab6557a37e580c95948c1b300b') in 0.015154 seconds
Number of updated asset objects reloaded before import = 0
Number of asset objects unloaded after import = 3
========================================================================
Received Import Request.
  Time since last request: 0.000025 seconds.
  path: Assets/tiles/tiles_packed_86.asset
  artifactKey: Guid(ab027115a90a70c478372bea6a1886e3) Importer(815301076,1909f56bfc062723c751e8b465ee728b)
Start importing Assets/tiles/tiles_packed_86.asset using Guid(ab027115a90a70c478372bea6a1886e3) Importer(815301076,1909f56bfc062723c751e8b465ee728b) [PhysX] Initialized MultithreadedTaskDispatcher with 8 workers.
 -> (artifact id: 'efabd393f72d6abd8a853b0fd4c8ef83') in 0.005869 seconds
Number of updated asset objects reloaded before import = 0
Number of asset objects unloaded after import = 3
========================================================================
Received Import Request.
  Time since last request: 0.000022 seconds.
  path: Assets/tiles/tiles_packed_91.asset
  artifactKey: Guid(8ce040f94ccd0544aba5ebb09a83e2be) Importer(815301076,1909f56bfc062723c751e8b465ee728b)
Start importing Assets/tiles/tiles_packed_91.asset using Guid(8ce040f94ccd0544aba5ebb09a83e2be) Importer(815301076,1909f56bfc062723c751e8b465ee728b) [PhysX] Initialized MultithreadedTaskDispatcher with 8 workers.
 -> (artifact id: 'dffa59c7515f59a411c1ede796994cff') in 0.007709 seconds
Number of updated asset objects reloaded before import = 0
Number of asset objects unloaded after import = 3
========================================================================
Received Import Request.
  Time since last request: 0.000033 seconds.
  path: Assets/tiles/tiles_packed_108.asset
  artifactKey: Guid(7e4ed02502f4b0840a8de08fd0a874f8) Importer(815301076,1909f56bfc062723c751e8b465ee728b)
Start importing Assets/tiles/tiles_packed_108.asset using Guid(7e4ed02502f4b0840a8de08fd0a874f8) Importer(815301076,1909f56bfc062723c751e8b465ee728b) [PhysX] Initialized MultithreadedTaskDispatcher with 8 workers.
 -> (artifact id: 'be5de0499fc7905798c018e5e293aa74') in 0.015964 seconds
Number of updated asset objects reloaded before import = 0
Number of asset objects unloaded after import = 3
========================================================================
Received Import Request.
  Time since last request: 0.000033 seconds.
  path: Assets/tiles/tiles_packed_76.asset
  artifactKey: Guid(a35bdc9f90e216342ac6a29b9d90bd4d) Importer(815301076,1909f56bfc062723c751e8b465ee728b)
Start importing Assets/tiles/tiles_packed_76.asset using Guid(a35bdc9f90e216342ac6a29b9d90bd4d) Importer(815301076,1909f56bfc062723c751e8b465ee728b) [PhysX] Initialized MultithreadedTaskDispatcher with 8 workers.
 -> (artifact id: 'd69bf57b6c19d60a5eae2ba3a20755d6') in 0.015081 seconds
Number of updated asset objects reloaded before import = 0
Number of asset objects unloaded after import = 3
========================================================================
Received Import Request.
  Time since last request: 0.000021 seconds.
  path: Assets/tiles/tiles_packed_93.asset
  artifactKey: Guid(5e9e1cd4940dd3f498c0c4bf17fcc9b4) Importer(815301076,1909f56bfc062723c751e8b465ee728b)
Start importing Assets/tiles/tiles_packed_93.asset using Guid(5e9e1cd4940dd3f498c0c4bf17fcc9b4) Importer(815301076,1909f56bfc062723c751e8b465ee728b) [PhysX] Initialized MultithreadedTaskDispatcher with 8 workers.
 -> (artifact id: '72a2bd2df1dccc6aefe7e68f3dc00634') in 0.008714 seconds
Number of updated asset objects reloaded before import = 0
Number of asset objects unloaded after import = 3
========================================================================
Received Import Request.
  Time since last request: 0.000067 seconds.
  path: Assets/tiles/tiles_packed_98.asset
  artifactKey: Guid(9ccee69c75d213f468ee90f4d3ce46bb) Importer(815301076,1909f56bfc062723c751e8b465ee728b)
Start importing Assets/tiles/tiles_packed_98.asset using Guid(9ccee69c75d213f468ee90f4d3ce46bb) Importer(815301076,1909f56bfc062723c751e8b465ee728b) [PhysX] Initialized MultithreadedTaskDispatcher with 8 workers.
 -> (artifact id: '2b2e27e5841bfd8e516dbce52e4659b1') in 0.014100 seconds
Number of updated asset objects reloaded before import = 0
Number of asset objects unloaded after import = 3
========================================================================
Received Import Request.
  Time since last request: 0.000034 seconds.
  path: Assets/tiles/tiles_packed_121.asset
  artifactKey: Guid(06689427da9bbcc4a9a10a3403dc7d1a) Importer(815301076,1909f56bfc062723c751e8b465ee728b)
Start importing Assets/tiles/tiles_packed_121.asset using Guid(06689427da9bbcc4a9a10a3403dc7d1a) Importer(815301076,1909f56bfc062723c751e8b465ee728b) [PhysX] Initialized MultithreadedTaskDispatcher with 8 workers.
 -> (artifact id: '736fdb589eb83ab47e207698a79f48ca') in 0.013610 seconds
Number of updated asset objects reloaded before import = 0
Number of asset objects unloaded after import = 3
========================================================================
Received Import Request.
  Time since last request: 0.000029 seconds.
  path: Assets/tiles/tiles_packed_138.asset
  artifactKey: Guid(6d076e6899a0a6f4b98a7b6c162ada0b) Importer(815301076,1909f56bfc062723c751e8b465ee728b)
Start importing Assets/tiles/tiles_packed_138.asset using Guid(6d076e6899a0a6f4b98a7b6c162ada0b) Importer(815301076,1909f56bfc062723c751e8b465ee728b) [PhysX] Initialized MultithreadedTaskDispatcher with 8 workers.
 -> (artifact id: '15d5abfe75c374c26ca5f53fcfb94f7f') in 0.014478 seconds
Number of updated asset objects reloaded before import = 0
Number of asset objects unloaded after import = 3
========================================================================
Received Import Request.
  Time since last request: 0.000035 seconds.
  path: Assets/tiles/tiles_packed_109.asset
  artifactKey: Guid(29b3308534e8f494591702f0d76522b3) Importer(815301076,1909f56bfc062723c751e8b465ee728b)
Start importing Assets/tiles/tiles_packed_109.asset using Guid(29b3308534e8f494591702f0d76522b3) Importer(815301076,1909f56bfc062723c751e8b465ee728b) [PhysX] Initialized MultithreadedTaskDispatcher with 8 workers.
 -> (artifact id: 'c31fe95eca9c0199c8a0b08dc4cb93de') in 0.005957 seconds
Number of updated asset objects reloaded before import = 0
Number of asset objects unloaded after import = 3
========================================================================
Received Import Request.
  Time since last request: 0.000049 seconds.
  path: Assets/tiles/tiles_packed_137.asset
  artifactKey: Guid(7f634ea297b8ffa40af2c0f8671db08f) Importer(815301076,1909f56bfc062723c751e8b465ee728b)
Start importing Assets/tiles/tiles_packed_137.asset using Guid(7f634ea297b8ffa40af2c0f8671db08f) Importer(815301076,1909f56bfc062723c751e8b465ee728b) [PhysX] Initialized MultithreadedTaskDispatcher with 8 workers.
 -> (artifact id: '0e2b3fb5caf307c7a73a17da6a2f6464') in 0.005908 seconds
Number of updated asset objects reloaded before import = 0
Number of asset objects unloaded after import = 3
========================================================================
Received Import Request.
  Time since last request: 0.000021 seconds.
  path: Assets/tiles/tiles_packed_116.asset
  artifactKey: Guid(c888192718e68ce4b878ac77e3513947) Importer(815301076,1909f56bfc062723c751e8b465ee728b)
Start importing Assets/tiles/tiles_packed_116.asset using Guid(c888192718e68ce4b878ac77e3513947) Importer(815301076,1909f56bfc062723c751e8b465ee728b) [PhysX] Initialized MultithreadedTaskDispatcher with 8 workers.
 -> (artifact id: 'bdabf7190669a93044f5efc9cd51c8f5') in 0.014554 seconds
Number of updated asset objects reloaded before import = 0
Number of asset objects unloaded after import = 3
========================================================================
Received Import Request.
  Time since last request: 0.000022 seconds.
  path: Assets/tiles/tiles_packed_150.asset
  artifactKey: Guid(953ecb7234b18114aace592edc0d9925) Importer(815301076,1909f56bfc062723c751e8b465ee728b)
Start importing Assets/tiles/tiles_packed_150.asset using Guid(953ecb7234b18114aace592edc0d9925) Importer(815301076,1909f56bfc062723c751e8b465ee728b) [PhysX] Initialized MultithreadedTaskDispatcher with 8 workers.
 -> (artifact id: 'a8e1e66b3a4891253292dbafb894419b') in 0.013898 seconds
Number of updated asset objects reloaded before import = 0
Number of asset objects unloaded after import = 3
========================================================================
Received Import Request.
  Time since last request: 0.000027 seconds.
  path: Assets/tiles/tiles_packed_136.asset
  artifactKey: Guid(a36fa1f167d05ba42b8ff61a8ad2ea12) Importer(815301076,1909f56bfc062723c751e8b465ee728b)
Start importing Assets/tiles/tiles_packed_136.asset using Guid(a36fa1f167d05ba42b8ff61a8ad2ea12) Importer(815301076,1909f56bfc062723c751e8b465ee728b) [PhysX] Initialized MultithreadedTaskDispatcher with 8 workers.
 -> (artifact id: '3e3e81160463caefc3bc36b725045e70') in 0.014231 seconds
Number of updated asset objects reloaded before import = 0
Number of asset objects unloaded after import = 3
========================================================================
Received Import Request.
  Time since last request: 0.000052 seconds.
  path: Assets/tiles/tiles_packed_110.asset
  artifactKey: Guid(3fc36ce0d1e780942aa71e56d9367668) Importer(815301076,1909f56bfc062723c751e8b465ee728b)
Start importing Assets/tiles/tiles_packed_110.asset using Guid(3fc36ce0d1e780942aa71e56d9367668) Importer(815301076,1909f56bfc062723c751e8b465ee728b) [PhysX] Initialized MultithreadedTaskDispatcher with 8 workers.
 -> (artifact id: '81ff9ce75eaa06fdd8782e4e4657b72b') in 0.013766 seconds
Number of updated asset objects reloaded before import = 0
Number of asset objects unloaded after import = 3
========================================================================
Received Import Request.
  Time since last request: 0.000023 seconds.
  path: Assets/tiles/tiles_packed_147.asset
  artifactKey: Guid(baaccec0f90371944aa45a1621553c44) Importer(815301076,1909f56bfc062723c751e8b465ee728b)
Start importing Assets/tiles/tiles_packed_147.asset using Guid(baaccec0f90371944aa45a1621553c44) Importer(815301076,1909f56bfc062723c751e8b465ee728b) [PhysX] Initialized MultithreadedTaskDispatcher with 8 workers.
 -> (artifact id: '6d3bc73ea38bfa81badd4c8730ffba1c') in 0.016423 seconds
Number of updated asset objects reloaded before import = 0
Number of asset objects unloaded after import = 3
========================================================================
Received Import Request.
  Time since last request: 0.000023 seconds.
  path: Assets/tiles/tiles_packed_151.asset
  artifactKey: Guid(8e21149fbfa017f43b1261bd2e56eca4) Importer(815301076,1909f56bfc062723c751e8b465ee728b)
Start importing Assets/tiles/tiles_packed_151.asset using Guid(8e21149fbfa017f43b1261bd2e56eca4) Importer(815301076,1909f56bfc062723c751e8b465ee728b) [PhysX] Initialized MultithreadedTaskDispatcher with 8 workers.
 -> (artifact id: 'a09fdf4ae4186c697c7e459f035171fa') in 0.020346 seconds
Number of updated asset objects reloaded before import = 0
Number of asset objects unloaded after import = 3
========================================================================
Received Import Request.
  Time since last request: 0.000029 seconds.
  path: Assets/tiles/tiles_packed_153.asset
  artifactKey: Guid(0957a241cb1976842af6c4ca70033125) Importer(815301076,1909f56bfc062723c751e8b465ee728b)
Start importing Assets/tiles/tiles_packed_153.asset using Guid(0957a241cb1976842af6c4ca70033125) Importer(815301076,1909f56bfc062723c751e8b465ee728b) [PhysX] Initialized MultithreadedTaskDispatcher with 8 workers.
 -> (artifact id: 'fa406eca1c992965d02eb9baa3c0063f') in 0.020687 seconds
Number of updated asset objects reloaded before import = 0
Number of asset objects unloaded after import = 3
========================================================================
Received Import Request.
  Time since last request: 0.000030 seconds.
  path: Assets/tiles/tiles_packed_139.asset
  artifactKey: Guid(64380c4d78b38ab4784feeed63a0dad5) Importer(815301076,1909f56bfc062723c751e8b465ee728b)
Start importing Assets/tiles/tiles_packed_139.asset using Guid(64380c4d78b38ab4784feeed63a0dad5) Importer(815301076,1909f56bfc062723c751e8b465ee728b) [PhysX] Initialized MultithreadedTaskDispatcher with 8 workers.
 -> (artifact id: 'a12beea7a25d855d033aa11dd41d2e18') in 0.018595 seconds
Number of updated asset objects reloaded before import = 0
Number of asset objects unloaded after import = 3
========================================================================
Received Import Request.
  Time since last request: 0.000027 seconds.
  path: Assets/tiles/tiles_packed_113.asset
  artifactKey: Guid(1343a3d499be912419fec500906aed38) Importer(815301076,1909f56bfc062723c751e8b465ee728b)
Start importing Assets/tiles/tiles_packed_113.asset using Guid(1343a3d499be912419fec500906aed38) Importer(815301076,1909f56bfc062723c751e8b465ee728b) [PhysX] Initialized MultithreadedTaskDispatcher with 8 workers.
 -> (artifact id: '0227798e6bd03dd19ca948be7c55c567') in 0.007366 seconds
Number of updated asset objects reloaded before import = 0
Number of asset objects unloaded after import = 3
========================================================================
Received Import Request.
  Time since last request: 0.000039 seconds.
  path: Assets/tiles/tiles_packed_135.asset
  artifactKey: Guid(aaa74ae1c85d8ab4d81ce85695befd7b) Importer(815301076,1909f56bfc062723c751e8b465ee728b)
Start importing Assets/tiles/tiles_packed_135.asset using Guid(aaa74ae1c85d8ab4d81ce85695befd7b) Importer(815301076,1909f56bfc062723c751e8b465ee728b) [PhysX] Initialized MultithreadedTaskDispatcher with 8 workers.
 -> (artifact id: '96c360403c9b04f23c27429f5bcbd7ae') in 0.006583 seconds
Number of updated asset objects reloaded before import = 0
Number of asset objects unloaded after import = 3
========================================================================
Received Import Request.
  Time since last request: 0.000047 seconds.
  path: Assets/tiles/tiles_packed_140.asset
  artifactKey: Guid(9884c80bfc6a64f4e8a9af12ca862e99) Importer(815301076,1909f56bfc062723c751e8b465ee728b)
Start importing Assets/tiles/tiles_packed_140.asset using Guid(9884c80bfc6a64f4e8a9af12ca862e99) Importer(815301076,1909f56bfc062723c751e8b465ee728b) [PhysX] Initialized MultithreadedTaskDispatcher with 8 workers.
 -> (artifact id: '842d5f5dfa8ea1f1c692fb1aa4937de5') in 0.014825 seconds
Number of updated asset objects reloaded before import = 0
Number of asset objects unloaded after import = 3
========================================================================
Received Import Request.
  Time since last request: 0.000024 seconds.
  path: Assets/tiles/tiles_packed_123.asset
  artifactKey: Guid(a1f7e161925dd014e9432af026d93336) Importer(815301076,1909f56bfc062723c751e8b465ee728b)
Start importing Assets/tiles/tiles_packed_123.asset using Guid(a1f7e161925dd014e9432af026d93336) Importer(815301076,1909f56bfc062723c751e8b465ee728b) [PhysX] Initialized MultithreadedTaskDispatcher with 8 workers.
 -> (artifact id: 'fcb20e0841924a13860c4bd20aa9f12e') in 0.014846 seconds
Number of updated asset objects reloaded before import = 0
Number of asset objects unloaded after import = 3
========================================================================
Received Import Request.
  Time since last request: 0.000021 seconds.
  path: Assets/tiles/tiles_packed_149.asset
  artifactKey: Guid(bfdda9991200c8b499dc5a070a6d2b94) Importer(815301076,1909f56bfc062723c751e8b465ee728b)
Start importing Assets/tiles/tiles_packed_149.asset using Guid(bfdda9991200c8b499dc5a070a6d2b94) Importer(815301076,1909f56bfc062723c751e8b465ee728b) [PhysX] Initialized MultithreadedTaskDispatcher with 8 workers.
 -> (artifact id: 'd5f48fc93b2ab7237cf45234c8dfece6') in 0.013708 seconds
Number of updated asset objects reloaded before import = 0
Number of asset objects unloaded after import = 3
========================================================================
Received Import Request.
  Time since last request: 0.000021 seconds.
  path: Assets/tiles/tiles_packed_131.asset
  artifactKey: Guid(bdb7538241babcb4bb00b374cc550869) Importer(815301076,1909f56bfc062723c751e8b465ee728b)
Start importing Assets/tiles/tiles_packed_131.asset using Guid(bdb7538241babcb4bb00b374cc550869) Importer(815301076,1909f56bfc062723c751e8b465ee728b) [PhysX] Initialized MultithreadedTaskDispatcher with 8 workers.
 -> (artifact id: '81abb608c7e39df26cbce1953b0d81f0') in 0.013543 seconds
Number of updated asset objects reloaded before import = 0
Number of asset objects unloaded after import = 3
========================================================================
Received Import Request.
  Time since last request: 0.000021 seconds.
  path: Assets/tiles/tiles_packed_112.asset
  artifactKey: Guid(554ec5a63a4cbe949bd87741b5f5339f) Importer(815301076,1909f56bfc062723c751e8b465ee728b)
Start importing Assets/tiles/tiles_packed_112.asset using Guid(554ec5a63a4cbe949bd87741b5f5339f) Importer(815301076,1909f56bfc062723c751e8b465ee728b) [PhysX] Initialized MultithreadedTaskDispatcher with 8 workers.
 -> (artifact id: 'e380780ac7bded872a8634d73de86e4d') in 0.015614 seconds
Number of updated asset objects reloaded before import = 0
Number of asset objects unloaded after import = 3
========================================================================
Received Import Request.
  Time since last request: 0.000030 seconds.
  path: Assets/tiles/tiles_packed_124.asset
  artifactKey: Guid(682cf7fc1ab1a004bb4b652b1419aa6a) Importer(815301076,1909f56bfc062723c751e8b465ee728b)
Start importing Assets/tiles/tiles_packed_124.asset using Guid(682cf7fc1ab1a004bb4b652b1419aa6a) Importer(815301076,1909f56bfc062723c751e8b465ee728b) [PhysX] Initialized MultithreadedTaskDispatcher with 8 workers.
 -> (artifact id: '44e6c10dfd9aa519fa47dc1d4b1bee96') in 0.014019 seconds
Number of updated asset objects reloaded before import = 0
Number of asset objects unloaded after import = 3
========================================================================
Received Import Request.
  Time since last request: 0.000024 seconds.
  path: Assets/tiles/tiles_packed_126.asset
  artifactKey: Guid(c954efa0c21db2a4781b13f63f5f933d) Importer(815301076,1909f56bfc062723c751e8b465ee728b)
Start importing Assets/tiles/tiles_packed_126.asset using Guid(c954efa0c21db2a4781b13f63f5f933d) Importer(815301076,1909f56bfc062723c751e8b465ee728b) [PhysX] Initialized MultithreadedTaskDispatcher with 8 workers.
 -> (artifact id: '8329d430e732f26e52bdb2ea85de0c5d') in 0.016631 seconds
Number of updated asset objects reloaded before import = 0
Number of asset objects unloaded after import = 3
========================================================================
Received Import Request.
  Time since last request: 0.000023 seconds.
  path: Assets/tiles/tiles_packed_158.asset
  artifactKey: Guid(e329f38e7b528fb4bb22f66affdca9fd) Importer(815301076,1909f56bfc062723c751e8b465ee728b)
Start importing Assets/tiles/tiles_packed_158.asset using Guid(e329f38e7b528fb4bb22f66affdca9fd) Importer(815301076,1909f56bfc062723c751e8b465ee728b) [PhysX] Initialized MultithreadedTaskDispatcher with 8 workers.
 -> (artifact id: 'c832f5b5bbbc3e440805a5041c53c183') in 0.014526 seconds
Number of updated asset objects reloaded before import = 0
Number of asset objects unloaded after import = 3
========================================================================
Received Import Request.
  Time since last request: 0.000023 seconds.
  path: Assets/tiles/tiles_packed_162.asset
  artifactKey: Guid(25c9bbb5acdc8b047aa81266c068b45a) Importer(815301076,1909f56bfc062723c751e8b465ee728b)
Start importing Assets/tiles/tiles_packed_162.asset using Guid(25c9bbb5acdc8b047aa81266c068b45a) Importer(815301076,1909f56bfc062723c751e8b465ee728b) [PhysX] Initialized MultithreadedTaskDispatcher with 8 workers.
 -> (artifact id: 'b7f1e13f5c87e1bbf5bd8487a404c512') in 0.015118 seconds
Number of updated asset objects reloaded before import = 0
Number of asset objects unloaded after import = 3
========================================================================
Received Import Request.
  Time since last request: 0.000040 seconds.
  path: Assets/tiles/tiles_packed_172.asset
  artifactKey: Guid(0fe1c6b384609a5439b9cd1ed707fd07) Importer(815301076,1909f56bfc062723c751e8b465ee728b)
Start importing Assets/tiles/tiles_packed_172.asset using Guid(0fe1c6b384609a5439b9cd1ed707fd07) Importer(815301076,1909f56bfc062723c751e8b465ee728b) [PhysX] Initialized MultithreadedTaskDispatcher with 8 workers.
 -> (artifact id: '290a15fcdcb269870981cf6a4dfb8e54') in 0.014495 seconds
Number of updated asset objects reloaded before import = 0
Number of asset objects unloaded after import = 3
========================================================================
Received Import Request.
  Time since last request: 0.000034 seconds.
  path: Assets/tiles/tiles_packed_171.asset
  artifactKey: Guid(752ed68fb5bde7840b3e2435b336d0a0) Importer(815301076,1909f56bfc062723c751e8b465ee728b)
Start importing Assets/tiles/tiles_packed_171.asset using Guid(752ed68fb5bde7840b3e2435b336d0a0) Importer(815301076,1909f56bfc062723c751e8b465ee728b) [PhysX] Initialized MultithreadedTaskDispatcher with 8 workers.
 -> (artifact id: '1ce2272e2f1b0e5930b490ee8210516e') in 0.015289 seconds
Number of updated asset objects reloaded before import = 0
Number of asset objects unloaded after import = 3
========================================================================
Received Import Request.
  Time since last request: 0.000022 seconds.
  path: Assets/tiles/tiles_packed_166.asset
  artifactKey: Guid(98acf35d15c09d642829a6ab42d84d1a) Importer(815301076,1909f56bfc062723c751e8b465ee728b)
Start importing Assets/tiles/tiles_packed_166.asset using Guid(98acf35d15c09d642829a6ab42d84d1a) Importer(815301076,1909f56bfc062723c751e8b465ee728b) [PhysX] Initialized MultithreadedTaskDispatcher with 8 workers.
 -> (artifact id: 'bccd09b7d28536ed9b05239191d1e59a') in 0.014510 seconds
Number of updated asset objects reloaded before import = 0
Number of asset objects unloaded after import = 3
========================================================================
Received Import Request.
  Time since last request: 0.000032 seconds.
  path: Assets/tiles/tiles_packed_167.asset
  artifactKey: Guid(453afd86617077c448473c667f576198) Importer(815301076,1909f56bfc062723c751e8b465ee728b)
Start importing Assets/tiles/tiles_packed_167.asset using Guid(453afd86617077c448473c667f576198) Importer(815301076,1909f56bfc062723c751e8b465ee728b) [PhysX] Initialized MultithreadedTaskDispatcher with 8 workers.
 -> (artifact id: 'a21ad3ee2a1ec64dc81e387b8d7cff58') in 0.014143 seconds
Number of updated asset objects reloaded before import = 0
Number of asset objects unloaded after import = 3
========================================================================
Received Import Request.
  Time since last request: 0.000043 seconds.
  path: Assets/tiles/tiles_packed_160.asset
  artifactKey: Guid(45c5c65917acab049a144ae0baba282a) Importer(815301076,1909f56bfc062723c751e8b465ee728b)
Start importing Assets/tiles/tiles_packed_160.asset using Guid(45c5c65917acab049a144ae0baba282a) Importer(815301076,1909f56bfc062723c751e8b465ee728b) [PhysX] Initialized MultithreadedTaskDispatcher with 8 workers.
 -> (artifact id: '47276e95ed5348f1b93ba0cbcb63da66') in 0.014672 seconds
Number of updated asset objects reloaded before import = 0
Number of asset objects unloaded after import = 3
========================================================================
Received Import Request.
  Time since last request: 0.000024 seconds.
  path: Assets/tiles/tiles_packed_173.asset
  artifactKey: Guid(c091d128d17a45c4ea1f54be3e9b0b52) Importer(815301076,1909f56bfc062723c751e8b465ee728b)
Start importing Assets/tiles/tiles_packed_173.asset using Guid(c091d128d17a45c4ea1f54be3e9b0b52) Importer(815301076,1909f56bfc062723c751e8b465ee728b) [PhysX] Initialized MultithreadedTaskDispatcher with 8 workers.
 -> (artifact id: 'cca67590b234cbb85730b5cd1a8358b4') in 0.015874 seconds
Number of updated asset objects reloaded before import = 0
Number of asset objects unloaded after import = 3
========================================================================
Received Import Request.
  Time since last request: 0.000028 seconds.
  path: Assets/tiles/tiles_packed_132.asset
  artifactKey: Guid(6f18fe5b593b41548862f93a325e747b) Importer(815301076,1909f56bfc062723c751e8b465ee728b)
Start importing Assets/tiles/tiles_packed_132.asset using Guid(6f18fe5b593b41548862f93a325e747b) Importer(815301076,1909f56bfc062723c751e8b465ee728b) [PhysX] Initialized MultithreadedTaskDispatcher with 8 workers.
 -> (artifact id: 'b5f16d65a274dd33f42f847a0f6e6031') in 0.005857 seconds
Number of updated asset objects reloaded before import = 0
Number of asset objects unloaded after import = 3
========================================================================
Received Import Request.
  Time since last request: 0.000063 seconds.
  path: Assets/tiles/tiles_packed_118.asset
  artifactKey: Guid(3e9dcccfc09dbfa4baa4c8e0eb431f26) Importer(815301076,1909f56bfc062723c751e8b465ee728b)
Start importing Assets/tiles/tiles_packed_118.asset using Guid(3e9dcccfc09dbfa4baa4c8e0eb431f26) Importer(815301076,1909f56bfc062723c751e8b465ee728b) [PhysX] Initialized MultithreadedTaskDispatcher with 8 workers.
 -> (artifact id: '0b7b7c405337d901ec71531e52b26f8d') in 0.015477 seconds
Number of updated asset objects reloaded before import = 0
Number of asset objects unloaded after import = 3
========================================================================
Received Import Request.
  Time since last request: 0.000028 seconds.
  path: Assets/tiles/tiles_packed_152.asset
  artifactKey: Guid(393418de3bdafe240b9ceea1a99adec3) Importer(815301076,1909f56bfc062723c751e8b465ee728b)
Start importing Assets/tiles/tiles_packed_152.asset using Guid(393418de3bdafe240b9ceea1a99adec3) Importer(815301076,1909f56bfc062723c751e8b465ee728b) [PhysX] Initialized MultithreadedTaskDispatcher with 8 workers.
 -> (artifact id: 'f3c976dcd26d1b794a9a63a2f15a480a') in 0.015296 seconds
Number of updated asset objects reloaded before import = 0
Number of asset objects unloaded after import = 3
========================================================================
Received Import Request.
  Time since last request: 0.000028 seconds.
  path: Assets/tiles/tiles_packed_155.asset
  artifactKey: Guid(ae6dc49947517cf46bd5c7888159857c) Importer(815301076,1909f56bfc062723c751e8b465ee728b)
Start importing Assets/tiles/tiles_packed_155.asset using Guid(ae6dc49947517cf46bd5c7888159857c) Importer(815301076,1909f56bfc062723c751e8b465ee728b) [PhysX] Initialized MultithreadedTaskDispatcher with 8 workers.
 -> (artifact id: '6f0096a0d1bf2e394d96bee4d38a2984') in 0.014471 seconds
Number of updated asset objects reloaded before import = 0
Number of asset objects unloaded after import = 3
========================================================================
Received Import Request.
  Time since last request: 127.294270 seconds.
  path: Assets/tiles/tiles_packed_1.asset
  artifactKey: Guid(05caa57b03296084b9750db814d29e91) Importer(815301076,1909f56bfc062723c751e8b465ee728b)
Start importing Assets/tiles/tiles_packed_1.asset using Guid(05caa57b03296084b9750db814d29e91) Importer(815301076,1909f56bfc062723c751e8b465ee728b) [PhysX] Initialized MultithreadedTaskDispatcher with 8 workers.
 -> (artifact id: '55c789f66a74c9877884a90a390017b4') in 0.008504 seconds
Number of updated asset objects reloaded before import = 0
Number of asset objects unloaded after import = 3
========================================================================
Received Import Request.
  Time since last request: 0.000025 seconds.
  path: Assets/tiles/tiles_packed_5.asset
  artifactKey: Guid(2ecdf7c35d0303646a2db95a2421cd18) Importer(815301076,1909f56bfc062723c751e8b465ee728b)
Start importing Assets/tiles/tiles_packed_5.asset using Guid(2ecdf7c35d0303646a2db95a2421cd18) Importer(815301076,1909f56bfc062723c751e8b465ee728b) [PhysX] Initialized MultithreadedTaskDispatcher with 8 workers.
 -> (artifact id: '5a5c0a8e9a38b2c39c6cec705d034ac8') in 0.007190 seconds
Number of updated asset objects reloaded before import = 0
Number of asset objects unloaded after import = 3
========================================================================
Received Import Request.
  Time since last request: 0.000060 seconds.
  path: Assets/tiles/tiles_packed_33.asset
  artifactKey: Guid(486b50fedb7e1fe4c962873e39c47a15) Importer(815301076,1909f56bfc062723c751e8b465ee728b)
Start importing Assets/tiles/tiles_packed_33.asset using Guid(486b50fedb7e1fe4c962873e39c47a15) Importer(815301076,1909f56bfc062723c751e8b465ee728b) [PhysX] Initialized MultithreadedTaskDispatcher with 8 workers.
 -> (artifact id: 'b4513f7741a2dcca129e7c502a2c8888') in 0.008724 seconds
Number of updated asset objects reloaded before import = 0
Number of asset objects unloaded after import = 3
========================================================================
Received Import Request.
  Time since last request: 0.000029 seconds.
  path: Assets/tiles/tiles_packed_22.asset
  artifactKey: Guid(c263ada12138c4a46a799b712759265a) Importer(815301076,1909f56bfc062723c751e8b465ee728b)
Start importing Assets/tiles/tiles_packed_22.asset using Guid(c263ada12138c4a46a799b712759265a) Importer(815301076,1909f56bfc062723c751e8b465ee728b) [PhysX] Initialized MultithreadedTaskDispatcher with 8 workers.
 -> (artifact id: '16f71ae80235a5ad257aef4df127f914') in 0.010932 seconds
Number of updated asset objects reloaded before import = 0
Number of asset objects unloaded after import = 3
========================================================================
Received Import Request.
  Time since last request: 0.000030 seconds.
  path: Assets/tiles/tiles_packed_13.asset
  artifactKey: Guid(2e1e528783ae8944f9ea9fb01177ccf1) Importer(815301076,1909f56bfc062723c751e8b465ee728b)
Start importing Assets/tiles/tiles_packed_13.asset using Guid(2e1e528783ae8944f9ea9fb01177ccf1) Importer(815301076,1909f56bfc062723c751e8b465ee728b) [PhysX] Initialized MultithreadedTaskDispatcher with 8 workers.
 -> (artifact id: '476dd6ead8246fa0fe8835edc1c3a1fd') in 0.006140 seconds
Number of updated asset objects reloaded before import = 0
Number of asset objects unloaded after import = 3
========================================================================
Received Import Request.
  Time since last request: 0.000023 seconds.
  path: Assets/tiles/tiles_packed_17.asset
  artifactKey: Guid(85158c426b2bff24788d263f25e4f3fd) Importer(815301076,1909f56bfc062723c751e8b465ee728b)
Start importing Assets/tiles/tiles_packed_17.asset using Guid(85158c426b2bff24788d263f25e4f3fd) Importer(815301076,1909f56bfc062723c751e8b465ee728b) [PhysX] Initialized MultithreadedTaskDispatcher with 8 workers.
 -> (artifact id: 'e9bfe96a7de8bb5fb1e639b5ae3c8e92') in 0.007722 seconds
Number of updated asset objects reloaded before import = 0
Number of asset objects unloaded after import = 3
========================================================================
Received Import Request.
  Time since last request: 0.000024 seconds.
  path: Assets/tiles/tiles_packed_34.asset
  artifactKey: Guid(85873910374628240af48882f545ecb1) Importer(815301076,1909f56bfc062723c751e8b465ee728b)
Start importing Assets/tiles/tiles_packed_34.asset using Guid(85873910374628240af48882f545ecb1) Importer(815301076,1909f56bfc062723c751e8b465ee728b) [PhysX] Initialized MultithreadedTaskDispatcher with 8 workers.
 -> (artifact id: 'a70f2450b21786ac9bac07b946e0ebcd') in 0.007198 seconds
Number of updated asset objects reloaded before import = 0
Number of asset objects unloaded after import = 3
========================================================================
Received Import Request.
  Time since last request: 0.000022 seconds.
  path: Assets/tiles/tiles_packed_20.asset
  artifactKey: Guid(ce24b94e9f6161640979ce7097bd9437) Importer(815301076,1909f56bfc062723c751e8b465ee728b)
Start importing Assets/tiles/tiles_packed_20.asset using Guid(ce24b94e9f6161640979ce7097bd9437) Importer(815301076,1909f56bfc062723c751e8b465ee728b) [PhysX] Initialized MultithreadedTaskDispatcher with 8 workers.
 -> (artifact id: '87997eb8b7657bc61e6e7053e7caf821') in 0.006695 seconds
Number of updated asset objects reloaded before import = 0
Number of asset objects unloaded after import = 3
========================================================================
Received Import Request.
  Time since last request: 0.000022 seconds.
  path: Assets/tiles/tiles_packed_9.asset
  artifactKey: Guid(eee20fa74a40deb4a9fde6d46b874dd8) Importer(815301076,1909f56bfc062723c751e8b465ee728b)
Start importing Assets/tiles/tiles_packed_9.asset using Guid(eee20fa74a40deb4a9fde6d46b874dd8) Importer(815301076,1909f56bfc062723c751e8b465ee728b) [PhysX] Initialized MultithreadedTaskDispatcher with 8 workers.
 -> (artifact id: 'f70dcd16225177359641f0678ea16879') in 0.015303 seconds
Number of updated asset objects reloaded before import = 0
Number of asset objects unloaded after import = 3
========================================================================
Received Import Request.
  Time since last request: 0.000032 seconds.
  path: Assets/tiles/tiles_packed_29.asset
  artifactKey: Guid(0f79344a7224d2e4a953b0b5165d71e6) Importer(815301076,1909f56bfc062723c751e8b465ee728b)
Start importing Assets/tiles/tiles_packed_29.asset using Guid(0f79344a7224d2e4a953b0b5165d71e6) Importer(815301076,1909f56bfc062723c751e8b465ee728b) [PhysX] Initialized MultithreadedTaskDispatcher with 8 workers.
 -> (artifact id: '71485871061dd4504d2e09516c22c5f5') in 0.016468 seconds
Number of updated asset objects reloaded before import = 0
Number of asset objects unloaded after import = 3
========================================================================
Received Import Request.
  Time since last request: 0.000023 seconds.
  path: Assets/tiles/tiles_packed_35.asset
  artifactKey: Guid(5d48d6f75b43bef49a7dcef72ccfbd90) Importer(815301076,1909f56bfc062723c751e8b465ee728b)
Start importing Assets/tiles/tiles_packed_35.asset using Guid(5d48d6f75b43bef49a7dcef72ccfbd90) Importer(815301076,1909f56bfc062723c751e8b465ee728b) [PhysX] Initialized MultithreadedTaskDispatcher with 8 workers.
 -> (artifact id: 'd2ec970d8e77cfe1242df230fb1b070a') in 0.007070 seconds
Number of updated asset objects reloaded before import = 0
Number of asset objects unloaded after import = 3
========================================================================
Received Import Request.
  Time since last request: 0.000025 seconds.
  path: Assets/tiles/tiles_packed_19.asset
  artifactKey: Guid(16ee348ec5c37cf47877bd0a6b5c788e) Importer(815301076,1909f56bfc062723c751e8b465ee728b)
Start importing Assets/tiles/tiles_packed_19.asset using Guid(16ee348ec5c37cf47877bd0a6b5c788e) Importer(815301076,1909f56bfc062723c751e8b465ee728b) [PhysX] Initialized MultithreadedTaskDispatcher with 8 workers.
 -> (artifact id: '793cc3ddbcb780bfa87bf1905fc0d6f9') in 0.008020 seconds
Number of updated asset objects reloaded before import = 0
Number of asset objects unloaded after import = 3
========================================================================
Received Import Request.
  Time since last request: 0.000027 seconds.
  path: Assets/tiles/tiles_packed_21.asset
  artifactKey: Guid(c81f6e3bcec1ec04d839f9127afd0e56) Importer(815301076,1909f56bfc062723c751e8b465ee728b)
Start importing Assets/tiles/tiles_packed_21.asset using Guid(c81f6e3bcec1ec04d839f9127afd0e56) Importer(815301076,1909f56bfc062723c751e8b465ee728b) [PhysX] Initialized MultithreadedTaskDispatcher with 8 workers.
 -> (artifact id: '986168b4adc70a97db966fb53bb8071b') in 0.014843 seconds
Number of updated asset objects reloaded before import = 0
Number of asset objects unloaded after import = 3
========================================================================
Received Import Request.
  Time since last request: 0.000033 seconds.
  path: Assets/tiles/tiles_packed_26.asset
  artifactKey: Guid(55c1f4f00354885428efa39af50aacbb) Importer(815301076,1909f56bfc062723c751e8b465ee728b)
Start importing Assets/tiles/tiles_packed_26.asset using Guid(55c1f4f00354885428efa39af50aacbb) Importer(815301076,1909f56bfc062723c751e8b465ee728b) [PhysX] Initialized MultithreadedTaskDispatcher with 8 workers.
 -> (artifact id: '1dd969f7cf95cdc5221169ad8ae960d7') in 0.006311 seconds
Number of updated asset objects reloaded before import = 0
Number of asset objects unloaded after import = 3
========================================================================
Received Import Request.
  Time since last request: 0.000034 seconds.
  path: Assets/tiles/tiles_packed_16.asset
  artifactKey: Guid(0a0a9ce92129528468eea8833524d9d5) Importer(815301076,1909f56bfc062723c751e8b465ee728b)
Start importing Assets/tiles/tiles_packed_16.asset using Guid(0a0a9ce92129528468eea8833524d9d5) Importer(815301076,1909f56bfc062723c751e8b465ee728b) [PhysX] Initialized MultithreadedTaskDispatcher with 8 workers.
 -> (artifact id: '38c83d63b5b8e9aab7b48edeb87d5902') in 0.015292 seconds
Number of updated asset objects reloaded before import = 0
Number of asset objects unloaded after import = 3
========================================================================
Received Import Request.
  Time since last request: 0.000100 seconds.
  path: Assets/tiles/tiles_packed_8.asset
  artifactKey: Guid(5b3e9a2de9f012f4197d451fd315a658) Importer(815301076,1909f56bfc062723c751e8b465ee728b)
Start importing Assets/tiles/tiles_packed_8.asset using Guid(5b3e9a2de9f012f4197d451fd315a658) Importer(815301076,1909f56bfc062723c751e8b465ee728b) [PhysX] Initialized MultithreadedTaskDispatcher with 8 workers.
 -> (artifact id: 'c5263e9114e921a35b85099f39c68b98') in 0.007643 seconds
Number of updated asset objects reloaded before import = 0
Number of asset objects unloaded after import = 3
========================================================================
Received Import Request.
  Time since last request: 0.000031 seconds.
  path: Assets/tiles/tiles_packed_28.asset
  artifactKey: Guid(deba76aed762cbe4ebf3deb8b5751aa5) Importer(815301076,1909f56bfc062723c751e8b465ee728b)
Start importing Assets/tiles/tiles_packed_28.asset using Guid(deba76aed762cbe4ebf3deb8b5751aa5) Importer(815301076,1909f56bfc062723c751e8b465ee728b) [PhysX] Initialized MultithreadedTaskDispatcher with 8 workers.
 -> (artifact id: 'b0ccf17f1b92efc71fb29483753b8e26') in 0.006384 seconds
Number of updated asset objects reloaded before import = 0
Number of asset objects unloaded after import = 3
========================================================================
Received Import Request.
  Time since last request: 0.000068 seconds.
  path: Assets/tiles/tiles_packed_11.asset
  artifactKey: Guid(95bed420f6983bf4fbf0429b167c96a0) Importer(815301076,1909f56bfc062723c751e8b465ee728b)
Start importing Assets/tiles/tiles_packed_11.asset using Guid(95bed420f6983bf4fbf0429b167c96a0) Importer(815301076,1909f56bfc062723c751e8b465ee728b) [PhysX] Initialized MultithreadedTaskDispatcher with 8 workers.
 -> (artifact id: '54cd5b0c643d4548b554370ef3346d4e') in 0.018254 seconds
Number of updated asset objects reloaded before import = 0
Number of asset objects unloaded after import = 3
========================================================================
Received Import Request.
  Time since last request: 143.977861 seconds.
  path: Assets/tiles/tiles_packed_38.asset
  artifactKey: Guid(edc55c9503e73a341aedb2232933a8fa) Importer(815301076,1909f56bfc062723c751e8b465ee728b)
Start importing Assets/tiles/tiles_packed_38.asset using Guid(edc55c9503e73a341aedb2232933a8fa) Importer(815301076,1909f56bfc062723c751e8b465ee728b) [PhysX] Initialized MultithreadedTaskDispatcher with 8 workers.
 -> (artifact id: 'fa8906d846bbf498e933b2c105c132ab') in 0.009586 seconds
Number of updated asset objects reloaded before import = 0
Number of asset objects unloaded after import = 3
========================================================================
Received Import Request.
  Time since last request: 0.000039 seconds.
  path: Assets/tiles/tiles_packed_45.asset
  artifactKey: Guid(e28480fac014c7148966f3ef69e587b6) Importer(815301076,1909f56bfc062723c751e8b465ee728b)
Start importing Assets/tiles/tiles_packed_45.asset using Guid(e28480fac014c7148966f3ef69e587b6) Importer(815301076,1909f56bfc062723c751e8b465ee728b) [PhysX] Initialized MultithreadedTaskDispatcher with 8 workers.
 -> (artifact id: 'b96e53f74d70116885fa8b5567296167') in 0.014121 seconds
Number of updated asset objects reloaded before import = 0
Number of asset objects unloaded after import = 3
========================================================================
Received Import Request.
  Time since last request: 0.000033 seconds.
  path: Assets/tiles/tiles_packed_44.asset
  artifactKey: Guid(6d6d9d49d540df3408b4f55aab2018ce) Importer(815301076,1909f56bfc062723c751e8b465ee728b)
Start importing Assets/tiles/tiles_packed_44.asset using Guid(6d6d9d49d540df3408b4f55aab2018ce) Importer(815301076,1909f56bfc062723c751e8b465ee728b) [PhysX] Initialized MultithreadedTaskDispatcher with 8 workers.
 -> (artifact id: 'd211c9913daac7bac447333f43cdea8f') in 0.006489 seconds
Number of updated asset objects reloaded before import = 0
Number of asset objects unloaded after import = 3
========================================================================
Received Import Request.
  Time since last request: 0.000023 seconds.
  path: Assets/tiles/tiles_packed_39.asset
  artifactKey: Guid(f1f170cd7dffa1040b6e5f0977747d5e) Importer(815301076,1909f56bfc062723c751e8b465ee728b)
Start importing Assets/tiles/tiles_packed_39.asset using Guid(f1f170cd7dffa1040b6e5f0977747d5e) Importer(815301076,1909f56bfc062723c751e8b465ee728b) [PhysX] Initialized MultithreadedTaskDispatcher with 8 workers.
 -> (artifact id: '49eee4b2f2d2d8976440d97d1d05035b') in 0.006100 seconds
Number of updated asset objects reloaded before import = 0
Number of asset objects unloaded after import = 3
========================================================================
Received Import Request.
  Time since last request: 0.037400 seconds.
  path: Assets/tiles/tiles_packed_47.asset
  artifactKey: Guid(3e6a75275cd3863418efb1d0bd27d547) Importer(815301076,1909f56bfc062723c751e8b465ee728b)
Start importing Assets/tiles/tiles_packed_47.asset using Guid(3e6a75275cd3863418efb1d0bd27d547) Importer(815301076,1909f56bfc062723c751e8b465ee728b) [PhysX] Initialized MultithreadedTaskDispatcher with 8 workers.
 -> (artifact id: 'ba88643d9682489e97204b75491bec78') in 0.018547 seconds
Number of updated asset objects reloaded before import = 0
Number of asset objects unloaded after import = 3
========================================================================
Received Import Request.
  Time since last request: 0.000027 seconds.
  path: Assets/tiles/tiles_packed_54.asset
  artifactKey: Guid(bb657b9c8155b5245ae04c8867803cc7) Importer(815301076,1909f56bfc062723c751e8b465ee728b)
Start importing Assets/tiles/tiles_packed_54.asset using Guid(bb657b9c8155b5245ae04c8867803cc7) Importer(815301076,1909f56bfc062723c751e8b465ee728b) [PhysX] Initialized MultithreadedTaskDispatcher with 8 workers.
 -> (artifact id: 'b6b2e8995071c2bd7831876463d0fd09') in 0.007102 seconds
Number of updated asset objects reloaded before import = 0
Number of asset objects unloaded after import = 3
========================================================================
Received Import Request.
  Time since last request: 0.000021 seconds.
  path: Assets/tiles/tiles_packed_52.asset
  artifactKey: Guid(cf749cd4d7a79994aa2c9c5fe0ff794c) Importer(815301076,1909f56bfc062723c751e8b465ee728b)
Start importing Assets/tiles/tiles_packed_52.asset using Guid(cf749cd4d7a79994aa2c9c5fe0ff794c) Importer(815301076,1909f56bfc062723c751e8b465ee728b) [PhysX] Initialized MultithreadedTaskDispatcher with 8 workers.
 -> (artifact id: 'a1c67e75b0e903cb8eea4aac73c39ca1') in 0.009190 seconds
Number of updated asset objects reloaded before import = 0
Number of asset objects unloaded after import = 3
========================================================================
Received Import Request.
  Time since last request: 0.000033 seconds.
  path: Assets/tiles/tiles_packed_53.asset
  artifactKey: Guid(5107728ee7e177146a9c3056dc269225) Importer(815301076,1909f56bfc062723c751e8b465ee728b)
Start importing Assets/tiles/tiles_packed_53.asset using Guid(5107728ee7e177146a9c3056dc269225) Importer(815301076,1909f56bfc062723c751e8b465ee728b) [PhysX] Initialized MultithreadedTaskDispatcher with 8 workers.
 -> (artifact id: '4523f389774d48426f24237473ccbd24') in 0.016151 seconds
Number of updated asset objects reloaded before import = 0
Number of asset objects unloaded after import = 3
========================================================================
Received Import Request.
  Time since last request: 0.200758 seconds.
  path: Assets/tiles/tiles_packed_56.asset
  artifactKey: Guid(75804c23f1b8e1e4c847078cfb9f468d) Importer(815301076,1909f56bfc062723c751e8b465ee728b)
Start importing Assets/tiles/tiles_packed_56.asset using Guid(75804c23f1b8e1e4c847078cfb9f468d) Importer(815301076,1909f56bfc062723c751e8b465ee728b) [PhysX] Initialized MultithreadedTaskDispatcher with 8 workers.
 -> (artifact id: 'abe74ad0282883a19b47365358927d22') in 0.007535 seconds
Number of updated asset objects reloaded before import = 0
Number of asset objects unloaded after import = 3
========================================================================
Received Import Request.
  Time since last request: 0.000028 seconds.
  path: Assets/tiles/tiles_packed_60.asset
  artifactKey: Guid(b665c60f7cb2e384d88b195224021a0b) Importer(815301076,1909f56bfc062723c751e8b465ee728b)
Start importing Assets/tiles/tiles_packed_60.asset using Guid(b665c60f7cb2e384d88b195224021a0b) Importer(815301076,1909f56bfc062723c751e8b465ee728b) [PhysX] Initialized MultithreadedTaskDispatcher with 8 workers.
 -> (artifact id: '90942eaf97c5f1301e286f755048d0c4') in 0.006959 seconds
Number of updated asset objects reloaded before import = 0
Number of asset objects unloaded after import = 3
========================================================================
Received Import Request.
  Time since last request: 0.000031 seconds.
  path: Assets/tiles/tiles_packed_59.asset
  artifactKey: Guid(53060bc939ab76444a598f21649591be) Importer(815301076,1909f56bfc062723c751e8b465ee728b)
Start importing Assets/tiles/tiles_packed_59.asset using Guid(53060bc939ab76444a598f21649591be) Importer(815301076,1909f56bfc062723c751e8b465ee728b) [PhysX] Initialized MultithreadedTaskDispatcher with 8 workers.
 -> (artifact id: '2313ae67567714e1f6d4fd40b34e9973') in 0.006677 seconds
Number of updated asset objects reloaded before import = 0
Number of asset objects unloaded after import = 3
========================================================================
Received Import Request.
  Time since last request: 0.000023 seconds.
  path: Assets/tiles/tiles_packed_57.asset
  artifactKey: Guid(642df858498c768449a3fe050de62d45) Importer(815301076,1909f56bfc062723c751e8b465ee728b)
Start importing Assets/tiles/tiles_packed_57.asset using Guid(642df858498c768449a3fe050de62d45) Importer(815301076,1909f56bfc062723c751e8b465ee728b) [PhysX] Initialized MultithreadedTaskDispatcher with 8 workers.
 -> (artifact id: '4db868d40656ed308e0499727ff76b8d') in 0.006178 seconds
Number of updated asset objects reloaded before import = 0
Number of asset objects unloaded after import = 3
========================================================================
Received Import Request.
  Time since last request: 0.000026 seconds.
  path: Assets/tiles/tiles_packed_65.asset
  artifactKey: Guid(adfffab73b66444448c4cab87e88b42d) Importer(815301076,1909f56bfc062723c751e8b465ee728b)
Start importing Assets/tiles/tiles_packed_65.asset using Guid(adfffab73b66444448c4cab87e88b42d) Importer(815301076,1909f56bfc062723c751e8b465ee728b) [PhysX] Initialized MultithreadedTaskDispatcher with 8 workers.
 -> (artifact id: '13064c7552df21995137c81627e22131') in 0.007938 seconds
Number of updated asset objects reloaded before import = 0
Number of asset objects unloaded after import = 3
========================================================================
Received Import Request.
  Time since last request: 0.000045 seconds.
  path: Assets/tiles/tiles_packed_69.asset
  artifactKey: Guid(48ae32f6bb546c04996610af42290614) Importer(815301076,1909f56bfc062723c751e8b465ee728b)
Start importing Assets/tiles/tiles_packed_69.asset using Guid(48ae32f6bb546c04996610af42290614) Importer(815301076,1909f56bfc062723c751e8b465ee728b) [PhysX] Initialized MultithreadedTaskDispatcher with 8 workers.
 -> (artifact id: 'a24402709e9f81053ab2235dbc381e21') in 0.020543 seconds
Number of updated asset objects reloaded before import = 0
Number of asset objects unloaded after import = 3
========================================================================
Received Import Request.
  Time since last request: 0.000024 seconds.
  path: Assets/tiles/tiles_packed_74.asset
  artifactKey: Guid(d4bef02f8f52ff94982f9b84f7fc4a48) Importer(815301076,1909f56bfc062723c751e8b465ee728b)
Start importing Assets/tiles/tiles_packed_74.asset using Guid(d4bef02f8f52ff94982f9b84f7fc4a48) Importer(815301076,1909f56bfc062723c751e8b465ee728b) [PhysX] Initialized MultithreadedTaskDispatcher with 8 workers.
 -> (artifact id: 'dd0a1d9dccbf408737ebe12c95f15d02') in 0.007050 seconds
Number of updated asset objects reloaded before import = 0
Number of asset objects unloaded after import = 3
========================================================================
Received Import Request.
  Time since last request: 0.000038 seconds.
  path: Assets/tiles/tiles_packed_87.asset
  artifactKey: Guid(972d73795c8de9843a5c818c90065d9f) Importer(815301076,1909f56bfc062723c751e8b465ee728b)
Start importing Assets/tiles/tiles_packed_87.asset using Guid(972d73795c8de9843a5c818c90065d9f) Importer(815301076,1909f56bfc062723c751e8b465ee728b) [PhysX] Initialized MultithreadedTaskDispatcher with 8 workers.
 -> (artifact id: 'eb8d8c8334063b18abf9207529e59acd') in 0.006111 seconds
Number of updated asset objects reloaded before import = 0
Number of asset objects unloaded after import = 3
========================================================================
Received Import Request.
  Time since last request: 0.000036 seconds.
  path: Assets/tiles/tiles_packed_82.asset
  artifactKey: Guid(32c0fc0d9d210b04baa9e59841e118a5) Importer(815301076,1909f56bfc062723c751e8b465ee728b)
Start importing Assets/tiles/tiles_packed_82.asset using Guid(32c0fc0d9d210b04baa9e59841e118a5) Importer(815301076,1909f56bfc062723c751e8b465ee728b) [PhysX] Initialized MultithreadedTaskDispatcher with 8 workers.
 -> (artifact id: '536a36dd00c3b0e6285cef60a0716c13') in 0.006137 seconds
Number of updated asset objects reloaded before import = 0
Number of asset objects unloaded after import = 3
========================================================================
Received Import Request.
  Time since last request: 0.000028 seconds.
  path: Assets/tiles/tiles_packed_92.asset
  artifactKey: Guid(b6f3b7811ca594441b6cba08c38dab65) Importer(815301076,1909f56bfc062723c751e8b465ee728b)
Start importing Assets/tiles/tiles_packed_92.asset using Guid(b6f3b7811ca594441b6cba08c38dab65) Importer(815301076,1909f56bfc062723c751e8b465ee728b) [PhysX] Initialized MultithreadedTaskDispatcher with 8 workers.
 -> (artifact id: '8d6e20f3c557c7a6b3c21725abbad96e') in 0.006224 seconds
Number of updated asset objects reloaded before import = 0
Number of asset objects unloaded after import = 3
========================================================================
Received Import Request.
  Time since last request: 0.000032 seconds.
  path: Assets/tiles/tiles_packed_96.asset
  artifactKey: Guid(27aa236e1a46f7d49b12b86b326daada) Importer(815301076,1909f56bfc062723c751e8b465ee728b)
Start importing Assets/tiles/tiles_packed_96.asset using Guid(27aa236e1a46f7d49b12b86b326daada) Importer(815301076,1909f56bfc062723c751e8b465ee728b) [PhysX] Initialized MultithreadedTaskDispatcher with 8 workers.
 -> (artifact id: 'd28a216993892ae5464d68b208dfa799') in 0.007003 seconds
Number of updated asset objects reloaded before import = 0
Number of asset objects unloaded after import = 3
========================================================================
Received Import Request.
  Time since last request: 0.000025 seconds.
  path: Assets/tiles/tiles_packed_79.asset
  artifactKey: Guid(641987b098ad2e6408419915b387b145) Importer(815301076,1909f56bfc062723c751e8b465ee728b)
Start importing Assets/tiles/tiles_packed_79.asset using Guid(641987b098ad2e6408419915b387b145) Importer(815301076,1909f56bfc062723c751e8b465ee728b) [PhysX] Initialized MultithreadedTaskDispatcher with 8 workers.
 -> (artifact id: '22da0cb712bace5264c3f1837750d1b5') in 0.014840 seconds
Number of updated asset objects reloaded before import = 0
Number of asset objects unloaded after import = 3
========================================================================
Received Import Request.
  Time since last request: 0.000060 seconds.
  path: Assets/tiles/tiles_packed_84.asset
  artifactKey: Guid(ba42feb4dcbfc9d439fcf87606dd8283) Importer(815301076,1909f56bfc062723c751e8b465ee728b)
Start importing Assets/tiles/tiles_packed_84.asset using Guid(ba42feb4dcbfc9d439fcf87606dd8283) Importer(815301076,1909f56bfc062723c751e8b465ee728b) [PhysX] Initialized MultithreadedTaskDispatcher with 8 workers.
 -> (artifact id: '6ec2e9c106ed75a71376504069cd5526') in 0.006168 seconds
Number of updated asset objects reloaded before import = 0
Number of asset objects unloaded after import = 3
========================================================================
Received Import Request.
  Time since last request: 0.000022 seconds.
  path: Assets/tiles/tiles_packed_73.asset
  artifactKey: Guid(e54188c6fd54b2943bcb5b3d72fd47be) Importer(815301076,1909f56bfc062723c751e8b465ee728b)
Start importing Assets/tiles/tiles_packed_73.asset using Guid(e54188c6fd54b2943bcb5b3d72fd47be) Importer(815301076,1909f56bfc062723c751e8b465ee728b) [PhysX] Initialized MultithreadedTaskDispatcher with 8 workers.
 -> (artifact id: '5c103c2e6a6ba88464d1fbaf6fbe90d8') in 0.005959 seconds
Number of updated asset objects reloaded before import = 0
Number of asset objects unloaded after import = 3
========================================================================
Received Import Request.
  Time since last request: 0.000020 seconds.
  path: Assets/tiles/tiles_packed_81.asset
  artifactKey: Guid(1ff99839422e5c54f859813ecd056800) Importer(815301076,1909f56bfc062723c751e8b465ee728b)
Start importing Assets/tiles/tiles_packed_81.asset using Guid(1ff99839422e5c54f859813ecd056800) Importer(815301076,1909f56bfc062723c751e8b465ee728b) [PhysX] Initialized MultithreadedTaskDispatcher with 8 workers.
 -> (artifact id: '52e17b9d37a589861779f8447a03e48a') in 0.006778 seconds
Number of updated asset objects reloaded before import = 0
Number of asset objects unloaded after import = 3
========================================================================
Received Import Request.
  Time since last request: 0.000027 seconds.
  path: Assets/tiles/tiles_packed_67.asset
  artifactKey: Guid(c9b3d20ba850d9646a8a891893adb4f2) Importer(815301076,1909f56bfc062723c751e8b465ee728b)
Start importing Assets/tiles/tiles_packed_67.asset using Guid(c9b3d20ba850d9646a8a891893adb4f2) Importer(815301076,1909f56bfc062723c751e8b465ee728b) [PhysX] Initialized MultithreadedTaskDispatcher with 8 workers.
 -> (artifact id: '3d438b98abf5dd806e3fdaca4345ee0e') in 0.005680 seconds
Number of updated asset objects reloaded before import = 0
Number of asset objects unloaded after import = 3
========================================================================
Received Import Request.
  Time since last request: 0.000023 seconds.
  path: Assets/tiles/tiles_packed_86.asset
  artifactKey: Guid(ab027115a90a70c478372bea6a1886e3) Importer(815301076,1909f56bfc062723c751e8b465ee728b)
Start importing Assets/tiles/tiles_packed_86.asset using Guid(ab027115a90a70c478372bea6a1886e3) Importer(815301076,1909f56bfc062723c751e8b465ee728b) [PhysX] Initialized MultithreadedTaskDispatcher with 8 workers.
 -> (artifact id: 'bf4f1dcf705e54e149dac1e7e5e2b24c') in 0.007205 seconds
Number of updated asset objects reloaded before import = 0
Number of asset objects unloaded after import = 3
========================================================================
Received Import Request.
  Time since last request: 0.000024 seconds.
  path: Assets/tiles/tiles_packed_77.asset
  artifactKey: Guid(f62496a93db05214f923216b37e65330) Importer(815301076,1909f56bfc062723c751e8b465ee728b)
Start importing Assets/tiles/tiles_packed_77.asset using Guid(f62496a93db05214f923216b37e65330) Importer(815301076,1909f56bfc062723c751e8b465ee728b) [PhysX] Initialized MultithreadedTaskDispatcher with 8 workers.
 -> (artifact id: '6ddedf5c04bd24a7a0eabc5880a56862') in 0.006553 seconds
Number of updated asset objects reloaded before import = 0
Number of asset objects unloaded after import = 3
========================================================================
Received Import Request.
  Time since last request: 0.000116 seconds.
  path: Assets/tiles/tiles_packed_89.asset
  artifactKey: Guid(3b1b6390deb1b0e43aeda0fd57b02944) Importer(815301076,1909f56bfc062723c751e8b465ee728b)
Start importing Assets/tiles/tiles_packed_89.asset using Guid(3b1b6390deb1b0e43aeda0fd57b02944) Importer(815301076,1909f56bfc062723c751e8b465ee728b) [PhysX] Initialized MultithreadedTaskDispatcher with 8 workers.
 -> (artifact id: '577316e7de7ff9ae74ba3e634484d614') in 0.007329 seconds
Number of updated asset objects reloaded before import = 0
Number of asset objects unloaded after import = 3
========================================================================
Received Import Request.
  Time since last request: 0.000033 seconds.
  path: Assets/tiles/tiles_packed_93.asset
  artifactKey: Guid(5e9e1cd4940dd3f498c0c4bf17fcc9b4) Importer(815301076,1909f56bfc062723c751e8b465ee728b)
Start importing Assets/tiles/tiles_packed_93.asset using Guid(5e9e1cd4940dd3f498c0c4bf17fcc9b4) Importer(815301076,1909f56bfc062723c751e8b465ee728b) [PhysX] Initialized MultithreadedTaskDispatcher with 8 workers.
 -> (artifact id: '929d852b7239a5357a4a9743c3697cbf') in 0.006355 seconds
Number of updated asset objects reloaded before import = 0
Number of asset objects unloaded after import = 3
========================================================================
Received Import Request.
  Time since last request: 0.000028 seconds.
  path: Assets/tiles/tiles_packed_71.asset
  artifactKey: Guid(741d42831e28ba64ab8aab2bde106de5) Importer(815301076,1909f56bfc062723c751e8b465ee728b)
Start importing Assets/tiles/tiles_packed_71.asset using Guid(741d42831e28ba64ab8aab2bde106de5) Importer(815301076,1909f56bfc062723c751e8b465ee728b) [PhysX] Initialized MultithreadedTaskDispatcher with 8 workers.
 -> (artifact id: 'e0e73e4d6ce46c9738055f88c21bb9de') in 0.006730 seconds
Number of updated asset objects reloaded before import = 0
Number of asset objects unloaded after import = 3
========================================================================
Received Import Request.
  Time since last request: 0.000025 seconds.
  path: Assets/tiles/tiles_packed_61.asset
  artifactKey: Guid(7f51c4250d2224b43afc038ad710b5a4) Importer(815301076,1909f56bfc062723c751e8b465ee728b)
Start importing Assets/tiles/tiles_packed_61.asset using Guid(7f51c4250d2224b43afc038ad710b5a4) Importer(815301076,1909f56bfc062723c751e8b465ee728b) [PhysX] Initialized MultithreadedTaskDispatcher with 8 workers.
 -> (artifact id: '78c87ad2ad4d5462e32eb5be59a880a8') in 0.007692 seconds
Number of updated asset objects reloaded before import = 0
Number of asset objects unloaded after import = 3
========================================================================
Received Import Request.
  Time since last request: 0.000032 seconds.
  path: Assets/tiles/tiles_packed_75.asset
  artifactKey: Guid(eab59c189da3ab7448611f1e38a26b9a) Importer(815301076,1909f56bfc062723c751e8b465ee728b)
Start importing Assets/tiles/tiles_packed_75.asset using Guid(eab59c189da3ab7448611f1e38a26b9a) Importer(815301076,1909f56bfc062723c751e8b465ee728b) [PhysX] Initialized MultithreadedTaskDispatcher with 8 workers.
 -> (artifact id: 'c935b15eeb17f11c4b680c672b6b25dd') in 0.009263 seconds
Number of updated asset objects reloaded before import = 0
Number of asset objects unloaded after import = 3
========================================================================
Received Import Request.
  Time since last request: 0.407876 seconds.
  path: Assets/tiles/tiles_packed_101.asset
  artifactKey: Guid(c2e301a803336b648bf696af63c68073) Importer(815301076,1909f56bfc062723c751e8b465ee728b)
Start importing Assets/tiles/tiles_packed_101.asset using Guid(c2e301a803336b648bf696af63c68073) Importer(815301076,1909f56bfc062723c751e8b465ee728b) [PhysX] Initialized MultithreadedTaskDispatcher with 8 workers.
 -> (artifact id: '21e6d9e1dd6b7d4429440ae270e98bd3') in 0.006788 seconds
Number of updated asset objects reloaded before import = 0
Number of asset objects unloaded after import = 3
========================================================================
Received Import Request.
  Time since last request: 0.000024 seconds.
  path: Assets/tiles/tiles_packed_106.asset
  artifactKey: Guid(0c48ec3bbc7418b4b90df049a19500bc) Importer(815301076,1909f56bfc062723c751e8b465ee728b)
Start importing Assets/tiles/tiles_packed_106.asset using Guid(0c48ec3bbc7418b4b90df049a19500bc) Importer(815301076,1909f56bfc062723c751e8b465ee728b) [PhysX] Initialized MultithreadedTaskDispatcher with 8 workers.
 -> (artifact id: '9286ad242eda2b6eec7ffdab8fa6b14d') in 0.006887 seconds
Number of updated asset objects reloaded before import = 0
Number of asset objects unloaded after import = 3
========================================================================
Received Import Request.
  Time since last request: 0.000024 seconds.
  path: Assets/tiles/tiles_packed_117.asset
  artifactKey: Guid(0ed0313f28e184140bd714ec1b56a544) Importer(815301076,1909f56bfc062723c751e8b465ee728b)
Start importing Assets/tiles/tiles_packed_117.asset using Guid(0ed0313f28e184140bd714ec1b56a544) Importer(815301076,1909f56bfc062723c751e8b465ee728b) [PhysX] Initialized MultithreadedTaskDispatcher with 8 workers.
 -> (artifact id: '49833cde92e4f6ce0a0a6c6bd4325f19') in 0.006224 seconds
Number of updated asset objects reloaded before import = 0
Number of asset objects unloaded after import = 3
========================================================================
Received Import Request.
  Time since last request: 0.000023 seconds.
  path: Assets/tiles/tiles_packed_103.asset
  artifactKey: Guid(9b549fa7b8dce6541bd5224a796959c2) Importer(815301076,1909f56bfc062723c751e8b465ee728b)
Start importing Assets/tiles/tiles_packed_103.asset using Guid(9b549fa7b8dce6541bd5224a796959c2) Importer(815301076,1909f56bfc062723c751e8b465ee728b) [PhysX] Initialized MultithreadedTaskDispatcher with 8 workers.
 -> (artifact id: '7bd3aa9a9fef6f8e51a663e77307128f') in 0.006967 seconds
Number of updated asset objects reloaded before import = 0
Number of asset objects unloaded after import = 3
========================================================================
Received Import Request.
  Time since last request: 0.000033 seconds.
  path: Assets/tiles/tiles_packed_121.asset
  artifactKey: Guid(06689427da9bbcc4a9a10a3403dc7d1a) Importer(815301076,1909f56bfc062723c751e8b465ee728b)
Start importing Assets/tiles/tiles_packed_121.asset using Guid(06689427da9bbcc4a9a10a3403dc7d1a) Importer(815301076,1909f56bfc062723c751e8b465ee728b) [PhysX] Initialized MultithreadedTaskDispatcher with 8 workers.
 -> (artifact id: 'cd55995710beb919fd9e080e0883ffec') in 0.007489 seconds
Number of updated asset objects reloaded before import = 0
Number of asset objects unloaded after import = 3
========================================================================
Received Import Request.
  Time since last request: 0.000025 seconds.
  path: Assets/tiles/tiles_packed_109.asset
  artifactKey: Guid(29b3308534e8f494591702f0d76522b3) Importer(815301076,1909f56bfc062723c751e8b465ee728b)
Start importing Assets/tiles/tiles_packed_109.asset using Guid(29b3308534e8f494591702f0d76522b3) Importer(815301076,1909f56bfc062723c751e8b465ee728b) [PhysX] Initialized MultithreadedTaskDispatcher with 8 workers.
 -> (artifact id: 'd4515a096fc1aa14da360e875f58689c') in 0.005468 seconds
Number of updated asset objects reloaded before import = 0
Number of asset objects unloaded after import = 3
========================================================================
Received Import Request.
  Time since last request: 0.000032 seconds.
  path: Assets/tiles/tiles_packed_116.asset
  artifactKey: Guid(c888192718e68ce4b878ac77e3513947) Importer(815301076,1909f56bfc062723c751e8b465ee728b)
Start importing Assets/tiles/tiles_packed_116.asset using Guid(c888192718e68ce4b878ac77e3513947) Importer(815301076,1909f56bfc062723c751e8b465ee728b) [PhysX] Initialized MultithreadedTaskDispatcher with 8 workers.
 -> (artifact id: 'b761e674c9c574839a7c2f8f281b1b56') in 0.014331 seconds
Number of updated asset objects reloaded before import = 0
Number of asset objects unloaded after import = 3
========================================================================
Received Import Request.
  Time since last request: 0.000022 seconds.
  path: Assets/tiles/tiles_packed_123.asset
  artifactKey: Guid(a1f7e161925dd014e9432af026d93336) Importer(815301076,1909f56bfc062723c751e8b465ee728b)
Start importing Assets/tiles/tiles_packed_123.asset using Guid(a1f7e161925dd014e9432af026d93336) Importer(815301076,1909f56bfc062723c751e8b465ee728b) [PhysX] Initialized MultithreadedTaskDispatcher with 8 workers.
 -> (artifact id: 'd15c549f7f3cafc0d03af1e7f2d949a0') in 0.007513 seconds
Number of updated asset objects reloaded before import = 0
Number of asset objects unloaded after import = 3
========================================================================
Received Import Request.
  Time since last request: 0.000023 seconds.
  path: Assets/tiles/tiles_packed_104.asset
  artifactKey: Guid(4cc4e95077a2a0e428b4c17f09f1f697) Importer(815301076,1909f56bfc062723c751e8b465ee728b)
Start importing Assets/tiles/tiles_packed_104.asset using Guid(4cc4e95077a2a0e428b4c17f09f1f697) Importer(815301076,1909f56bfc062723c751e8b465ee728b) [PhysX] Initialized MultithreadedTaskDispatcher with 8 workers.
 -> (artifact id: 'b68296a652a28c1906f3cdbbe0e2de4a') in 0.015535 seconds
Number of updated asset objects reloaded before import = 0
Number of asset objects unloaded after import = 3
========================================================================
Received Import Request.
  Time since last request: 0.000024 seconds.
  path: Assets/tiles/tiles_packed_131.asset
  artifactKey: Guid(bdb7538241babcb4bb00b374cc550869) Importer(815301076,1909f56bfc062723c751e8b465ee728b)
Start importing Assets/tiles/tiles_packed_131.asset using Guid(bdb7538241babcb4bb00b374cc550869) Importer(815301076,1909f56bfc062723c751e8b465ee728b) [PhysX] Initialized MultithreadedTaskDispatcher with 8 workers.
 -> (artifact id: '188d9bacefe75c40c0f9db429ab4d4fd') in 0.006259 seconds
Number of updated asset objects reloaded before import = 0
Number of asset objects unloaded after import = 3
========================================================================
Received Import Request.
  Time since last request: 0.000035 seconds.
  path: Assets/tiles/tiles_packed_112.asset
  artifactKey: Guid(554ec5a63a4cbe949bd87741b5f5339f) Importer(815301076,1909f56bfc062723c751e8b465ee728b)
Start importing Assets/tiles/tiles_packed_112.asset using Guid(554ec5a63a4cbe949bd87741b5f5339f) Importer(815301076,1909f56bfc062723c751e8b465ee728b) [PhysX] Initialized MultithreadedTaskDispatcher with 8 workers.
 -> (artifact id: '25c7642799add4910e7a14790bd531b8') in 0.005848 seconds
Number of updated asset objects reloaded before import = 0
Number of asset objects unloaded after import = 3
========================================================================
Received Import Request.
  Time since last request: 0.000025 seconds.
  path: Assets/tiles/tiles_packed_124.asset
  artifactKey: Guid(682cf7fc1ab1a004bb4b652b1419aa6a) Importer(815301076,1909f56bfc062723c751e8b465ee728b)
Start importing Assets/tiles/tiles_packed_124.asset using Guid(682cf7fc1ab1a004bb4b652b1419aa6a) Importer(815301076,1909f56bfc062723c751e8b465ee728b) [PhysX] Initialized MultithreadedTaskDispatcher with 8 workers.
 -> (artifact id: '540cd2fd564cf6b974e0f083cf0f50a2') in 0.013755 seconds
Number of updated asset objects reloaded before import = 0
Number of asset objects unloaded after import = 3
========================================================================
Received Import Request.
  Time since last request: 0.000025 seconds.
  path: Assets/tiles/tiles_packed_132.asset
  artifactKey: Guid(6f18fe5b593b41548862f93a325e747b) Importer(815301076,1909f56bfc062723c751e8b465ee728b)
Start importing Assets/tiles/tiles_packed_132.asset using Guid(6f18fe5b593b41548862f93a325e747b) Importer(815301076,1909f56bfc062723c751e8b465ee728b) [PhysX] Initialized MultithreadedTaskDispatcher with 8 workers.
 -> (artifact id: '45375393979ddce9fdb5e20c474885e3') in 0.005923 seconds
Number of updated asset objects reloaded before import = 0
Number of asset objects unloaded after import = 3
========================================================================
Received Import Request.
  Time since last request: 0.000029 seconds.
  path: Assets/tiles/tiles_packed_115.asset
  artifactKey: Guid(3ddfb9edce4d08f4198c60fa462599fc) Importer(815301076,1909f56bfc062723c751e8b465ee728b)
Start importing Assets/tiles/tiles_packed_115.asset using Guid(3ddfb9edce4d08f4198c60fa462599fc) Importer(815301076,1909f56bfc062723c751e8b465ee728b) [PhysX] Initialized MultithreadedTaskDispatcher with 8 workers.
 -> (artifact id: 'a4d9bbeaf9f1c4724a9459d584f8a146') in 0.005900 seconds
Number of updated asset objects reloaded before import = 0
Number of asset objects unloaded after import = 3
========================================================================
Received Import Request.
  Time since last request: 0.000027 seconds.
  path: Assets/tiles/tiles_packed_113.asset
  artifactKey: Guid(1343a3d499be912419fec500906aed38) Importer(815301076,1909f56bfc062723c751e8b465ee728b)
Start importing Assets/tiles/tiles_packed_113.asset using Guid(1343a3d499be912419fec500906aed38) Importer(815301076,1909f56bfc062723c751e8b465ee728b) [PhysX] Initialized MultithreadedTaskDispatcher with 8 workers.
 -> (artifact id: 'd40397f944f49a6257bec67ce77aaf80') in 0.006533 seconds
Number of updated asset objects reloaded before import = 0
Number of asset objects unloaded after import = 3
========================================================================
Received Import Request.
  Time since last request: 0.000033 seconds.
  path: Assets/tiles/tiles_packed_127.asset
  artifactKey: Guid(a781e2141d7d7914f8aa286c8a79a259) Importer(815301076,1909f56bfc062723c751e8b465ee728b)
Start importing Assets/tiles/tiles_packed_127.asset using Guid(a781e2141d7d7914f8aa286c8a79a259) Importer(815301076,1909f56bfc062723c751e8b465ee728b) [PhysX] Initialized MultithreadedTaskDispatcher with 8 workers.
 -> (artifact id: '4b68d659a293fbe2434811ee8ff642b0') in 0.006787 seconds
Number of updated asset objects reloaded before import = 0
Number of asset objects unloaded after import = 3
========================================================================
Received Import Request.
  Time since last request: 0.000021 seconds.
  path: Assets/tiles/tiles_packed_135.asset
  artifactKey: Guid(aaa74ae1c85d8ab4d81ce85695befd7b) Importer(815301076,1909f56bfc062723c751e8b465ee728b)
Start importing Assets/tiles/tiles_packed_135.asset using Guid(aaa74ae1c85d8ab4d81ce85695befd7b) Importer(815301076,1909f56bfc062723c751e8b465ee728b) [PhysX] Initialized MultithreadedTaskDispatcher with 8 workers.
 -> (artifact id: '97eac65d8edba63685922a044c5c4cb3') in 0.006116 seconds
Number of updated asset objects reloaded before import = 0
Number of asset objects unloaded after import = 3
========================================================================
Received Import Request.
  Time since last request: 0.000022 seconds.
  path: Assets/tiles/tiles_packed_118.asset
  artifactKey: Guid(3e9dcccfc09dbfa4baa4c8e0eb431f26) Importer(815301076,1909f56bfc062723c751e8b465ee728b)
Start importing Assets/tiles/tiles_packed_118.asset using Guid(3e9dcccfc09dbfa4baa4c8e0eb431f26) Importer(815301076,1909f56bfc062723c751e8b465ee728b) [PhysX] Initialized MultithreadedTaskDispatcher with 8 workers.
 -> (artifact id: '1b86dd91ecb9a8812ed8d097ce3f4c96') in 0.007150 seconds
Number of updated asset objects reloaded before import = 0
Number of asset objects unloaded after import = 3
========================================================================
Received Import Request.
  Time since last request: 0.058584 seconds.
  path: Assets/tiles/tiles_packed_137.asset
  artifactKey: Guid(7f634ea297b8ffa40af2c0f8671db08f) Importer(815301076,1909f56bfc062723c751e8b465ee728b)
Start importing Assets/tiles/tiles_packed_137.asset using Guid(7f634ea297b8ffa40af2c0f8671db08f) Importer(815301076,1909f56bfc062723c751e8b465ee728b) [PhysX] Initialized MultithreadedTaskDispatcher with 8 workers.
 -> (artifact id: 'bf10c7f6d8f58555a30d010054124560') in 0.006013 seconds
Number of updated asset objects reloaded before import = 0
Number of asset objects unloaded after import = 3
========================================================================
Received Import Request.
  Time since last request: 0.000028 seconds.
  path: Assets/tiles/tiles_packed_138.asset
  artifactKey: Guid(6d076e6899a0a6f4b98a7b6c162ada0b) Importer(815301076,1909f56bfc062723c751e8b465ee728b)
Start importing Assets/tiles/tiles_packed_138.asset using Guid(6d076e6899a0a6f4b98a7b6c162ada0b) Importer(815301076,1909f56bfc062723c751e8b465ee728b) [PhysX] Initialized MultithreadedTaskDispatcher with 8 workers.
 -> (artifact id: '2921e83158d8f9028cc4ef9790ab64bb') in 0.007198 seconds
Number of updated asset objects reloaded before import = 0
Number of asset objects unloaded after import = 3
========================================================================
Received Import Request.
  Time since last request: 0.000030 seconds.
  path: Assets/tiles/tiles_packed_144.asset
  artifactKey: Guid(9a3c3617096e27549960d55b006720cf) Importer(815301076,1909f56bfc062723c751e8b465ee728b)
Start importing Assets/tiles/tiles_packed_144.asset using Guid(9a3c3617096e27549960d55b006720cf) Importer(815301076,1909f56bfc062723c751e8b465ee728b) [PhysX] Initialized MultithreadedTaskDispatcher with 8 workers.
 -> (artifact id: '4b5dfd7c4aeb2183d9af061c825d1c75') in 0.007822 seconds
Number of updated asset objects reloaded before import = 0
Number of asset objects unloaded after import = 3
========================================================================
Received Import Request.
  Time since last request: 0.000034 seconds.
  path: Assets/tiles/tiles_packed_143.asset
  artifactKey: Guid(f9d1ad060111ab044b6e192479521518) Importer(815301076,1909f56bfc062723c751e8b465ee728b)
Start importing Assets/tiles/tiles_packed_143.asset using Guid(f9d1ad060111ab044b6e192479521518) Importer(815301076,1909f56bfc062723c751e8b465ee728b) [PhysX] Initialized MultithreadedTaskDispatcher with 8 workers.
 -> (artifact id: '530e061887df437d3f86eef794d53c72') in 0.005899 seconds
Number of updated asset objects reloaded before import = 0
Number of asset objects unloaded after import = 3
========================================================================
Received Import Request.
  Time since last request: 0.000031 seconds.
  path: Assets/tiles/tiles_packed_146.asset
  artifactKey: Guid(997af1e38a75b104c917c5cfa3b86855) Importer(815301076,1909f56bfc062723c751e8b465ee728b)
Start importing Assets/tiles/tiles_packed_146.asset using Guid(997af1e38a75b104c917c5cfa3b86855) Importer(815301076,1909f56bfc062723c751e8b465ee728b) [PhysX] Initialized MultithreadedTaskDispatcher with 8 workers.
 -> (artifact id: '36a9fb13a7bbd9eb9cc32dcfd4607f2f') in 0.006084 seconds
Number of updated asset objects reloaded before import = 0
Number of asset objects unloaded after import = 3
========================================================================
Received Import Request.
  Time since last request: 0.000023 seconds.
  path: Assets/tiles/tiles_packed_145.asset
  artifactKey: Guid(0d202859487662d419f1a487267479e4) Importer(815301076,1909f56bfc062723c751e8b465ee728b)
Start importing Assets/tiles/tiles_packed_145.asset using Guid(0d202859487662d419f1a487267479e4) Importer(815301076,1909f56bfc062723c751e8b465ee728b) [PhysX] Initialized MultithreadedTaskDispatcher with 8 workers.
 -> (artifact id: '6407d6b347d5f8916b1bf294ba9ba036') in 0.014794 seconds
Number of updated asset objects reloaded before import = 0
Number of asset objects unloaded after import = 3
========================================================================
Received Import Request.
  Time since last request: 0.000022 seconds.
  path: Assets/tiles/tiles_packed_158.asset
  artifactKey: Guid(e329f38e7b528fb4bb22f66affdca9fd) Importer(815301076,1909f56bfc062723c751e8b465ee728b)
Start importing Assets/tiles/tiles_packed_158.asset using Guid(e329f38e7b528fb4bb22f66affdca9fd) Importer(815301076,1909f56bfc062723c751e8b465ee728b) [PhysX] Initialized MultithreadedTaskDispatcher with 8 workers.
 -> (artifact id: '4e09a7841c9bf0ffb8625b0966a8fe92') in 0.006135 seconds
Number of updated asset objects reloaded before import = 0
Number of asset objects unloaded after import = 3
========================================================================
Received Import Request.
  Time since last request: 0.000058 seconds.
  path: Assets/tiles/tiles_packed_170.asset
  artifactKey: Guid(4221d7505084eaa418ea6fc586dda2e2) Importer(815301076,1909f56bfc062723c751e8b465ee728b)
Start importing Assets/tiles/tiles_packed_170.asset using Guid(4221d7505084eaa418ea6fc586dda2e2) Importer(815301076,1909f56bfc062723c751e8b465ee728b) [PhysX] Initialized MultithreadedTaskDispatcher with 8 workers.
 -> (artifact id: '7d0f488a7c83e8dd7fed400833ba1570') in 0.006746 seconds
Number of updated asset objects reloaded before import = 0
Number of asset objects unloaded after import = 3
========================================================================
Received Import Request.
  Time since last request: 0.000023 seconds.
  path: Assets/tiles/tiles_packed_168.asset
  artifactKey: Guid(ec856675e1d0d63409ba8356108a4c23) Importer(815301076,1909f56bfc062723c751e8b465ee728b)
Start importing Assets/tiles/tiles_packed_168.asset using Guid(ec856675e1d0d63409ba8356108a4c23) Importer(815301076,1909f56bfc062723c751e8b465ee728b) [PhysX] Initialized MultithreadedTaskDispatcher with 8 workers.
 -> (artifact id: 'acd617bb094d2cb331ba231b74366a9c') in 0.016020 seconds
Number of updated asset objects reloaded before import = 0
Number of asset objects unloaded after import = 3
========================================================================
Received Import Request.
  Time since last request: 0.000024 seconds.
  path: Assets/tiles/tiles_packed_169.asset
  artifactKey: Guid(01cca36ebb2f5ec409853259df41990a) Importer(815301076,1909f56bfc062723c751e8b465ee728b)
Start importing Assets/tiles/tiles_packed_169.asset using Guid(01cca36ebb2f5ec409853259df41990a) Importer(815301076,1909f56bfc062723c751e8b465ee728b) [PhysX] Initialized MultithreadedTaskDispatcher with 8 workers.
 -> (artifact id: '32557b2fe9f0d72922f2851996c51ee6') in 0.007186 seconds
Number of updated asset objects reloaded before import = 0
Number of asset objects unloaded after import = 3
========================================================================
Received Import Request.
  Time since last request: 0.000023 seconds.
  path: Assets/tiles/tiles_packed_163.asset
  artifactKey: Guid(d497e684103027a4da0d23fbf8b350d0) Importer(815301076,1909f56bfc062723c751e8b465ee728b)
Start importing Assets/tiles/tiles_packed_163.asset using Guid(d497e684103027a4da0d23fbf8b350d0) Importer(815301076,1909f56bfc062723c751e8b465ee728b) [PhysX] Initialized MultithreadedTaskDispatcher with 8 workers.
 -> (artifact id: 'b41113ba4fe76a44649b8a7b438905c8') in 0.006063 seconds
Number of updated asset objects reloaded before import = 0
Number of asset objects unloaded after import = 3
========================================================================
Received Import Request.
  Time since last request: 0.000022 seconds.
  path: Assets/tiles/tiles_packed_149.asset
  artifactKey: Guid(bfdda9991200c8b499dc5a070a6d2b94) Importer(815301076,1909f56bfc062723c751e8b465ee728b)
Start importing Assets/tiles/tiles_packed_149.asset using Guid(bfdda9991200c8b499dc5a070a6d2b94) Importer(815301076,1909f56bfc062723c751e8b465ee728b) [PhysX] Initialized MultithreadedTaskDispatcher with 8 workers.
 -> (artifact id: '74a6d48b44815152ffe5b222593a218c') in 0.007473 seconds
Number of updated asset objects reloaded before import = 0
Number of asset objects unloaded after import = 3
========================================================================
Received Import Request.
  Time since last request: 0.000026 seconds.
  path: Assets/tiles/tiles_packed_165.asset
  artifactKey: Guid(0f72d9d993586774e9dac908758eb756) Importer(815301076,1909f56bfc062723c751e8b465ee728b)
Start importing Assets/tiles/tiles_packed_165.asset using Guid(0f72d9d993586774e9dac908758eb756) Importer(815301076,1909f56bfc062723c751e8b465ee728b) [PhysX] Initialized MultithreadedTaskDispatcher with 8 workers.
 -> (artifact id: 'acc75b51d551b8217d3c957aae49ba9c') in 0.014150 seconds
Number of updated asset objects reloaded before import = 0
Number of asset objects unloaded after import = 3
========================================================================
Received Import Request.
  Time since last request: 0.000025 seconds.
  path: Assets/tiles/tiles_packed_148.asset
  artifactKey: Guid(a9240cba03078b44bbb3071da7a2128c) Importer(815301076,1909f56bfc062723c751e8b465ee728b)
Start importing Assets/tiles/tiles_packed_148.asset using Guid(a9240cba03078b44bbb3071da7a2128c) Importer(815301076,1909f56bfc062723c751e8b465ee728b) [PhysX] Initialized MultithreadedTaskDispatcher with 8 workers.
 -> (artifact id: '43c45e26901a9b65d92ddf7e55b4e200') in 0.007392 seconds
Number of updated asset objects reloaded before import = 0
Number of asset objects unloaded after import = 3
========================================================================
Received Import Request.
  Time since last request: 0.000027 seconds.
  path: Assets/tiles/tiles_packed_164.asset
  artifactKey: Guid(b5766c114e0763a42883ed4f911d1ce9) Importer(815301076,1909f56bfc062723c751e8b465ee728b)
Start importing Assets/tiles/tiles_packed_164.asset using Guid(b5766c114e0763a42883ed4f911d1ce9) Importer(815301076,1909f56bfc062723c751e8b465ee728b) [PhysX] Initialized MultithreadedTaskDispatcher with 8 workers.
 -> (artifact id: '8a8f318dcd29720f7f1b6cfd9d7a4b0a') in 0.015686 seconds
Number of updated asset objects reloaded before import = 0
Number of asset objects unloaded after import = 3
========================================================================
Received Import Request.
  Time since last request: 0.000024 seconds.
  path: Assets/tiles/tiles_packed_162.asset
  artifactKey: Guid(25c9bbb5acdc8b047aa81266c068b45a) Importer(815301076,1909f56bfc062723c751e8b465ee728b)
Start importing Assets/tiles/tiles_packed_162.asset using Guid(25c9bbb5acdc8b047aa81266c068b45a) Importer(815301076,1909f56bfc062723c751e8b465ee728b) [PhysX] Initialized MultithreadedTaskDispatcher with 8 workers.
 -> (artifact id: '1c271019fb2e0a8653bf240245a1302c') in 0.006316 seconds
Number of updated asset objects reloaded before import = 0
Number of asset objects unloaded after import = 3
========================================================================
Received Import Request.
  Time since last request: 0.000031 seconds.
  path: Assets/tiles/tiles_packed_140.asset
  artifactKey: Guid(9884c80bfc6a64f4e8a9af12ca862e99) Importer(815301076,1909f56bfc062723c751e8b465ee728b)
Start importing Assets/tiles/tiles_packed_140.asset using Guid(9884c80bfc6a64f4e8a9af12ca862e99) Importer(815301076,1909f56bfc062723c751e8b465ee728b) [PhysX] Initialized MultithreadedTaskDispatcher with 8 workers.
 -> (artifact id: '5191ee89f40841cfe2b62ee80a2fb2a7') in 0.006799 seconds
Number of updated asset objects reloaded before import = 0
Number of asset objects unloaded after import = 3
========================================================================
Received Import Request.
  Time since last request: 0.000032 seconds.
  path: Assets/tiles/tiles_packed_166.asset
  artifactKey: Guid(98acf35d15c09d642829a6ab42d84d1a) Importer(815301076,1909f56bfc062723c751e8b465ee728b)
Start importing Assets/tiles/tiles_packed_166.asset using Guid(98acf35d15c09d642829a6ab42d84d1a) Importer(815301076,1909f56bfc062723c751e8b465ee728b) [PhysX] Initialized MultithreadedTaskDispatcher with 8 workers.
 -> (artifact id: 'de0d882c73cb437a195829d9d32f8daa') in 0.007142 seconds
Number of updated asset objects reloaded before import = 0
Number of asset objects unloaded after import = 3
========================================================================
Received Import Request.
  Time since last request: 0.000025 seconds.
  path: Assets/tiles/tiles_packed_155.asset
  artifactKey: Guid(ae6dc49947517cf46bd5c7888159857c) Importer(815301076,1909f56bfc062723c751e8b465ee728b)
Start importing Assets/tiles/tiles_packed_155.asset using Guid(ae6dc49947517cf46bd5c7888159857c) Importer(815301076,1909f56bfc062723c751e8b465ee728b) [PhysX] Initialized MultithreadedTaskDispatcher with 8 workers.
 -> (artifact id: 'a0a031047c6a1b4dec28b53a02c6fb31') in 0.007872 seconds
Number of updated asset objects reloaded before import = 0
Number of asset objects unloaded after import = 3
