Using pre-set license
Built from '2022.3/staging' branch; Version is '2022.3.40f1 (cbdda657d2f0) revision 13360550'; Using compiler version '192829333'; Build Type 'Release'
OS: 'Windows 11  (10.0.26100) 64bit Professional' Language: 'uk' Physical Memory: 16167 MB
BatchMode: 1, IsHumanControllingUs: 0, StartBugReporterOnCrash: 0, Is64bit: 1, IsPro: 1

COMMAND LINE ARGUMENTS:
C:\Program Files\Unity\Hub\Editor\2022.3.40f1\Editor\Unity.exe
-adb2
-batchMode
-noUpm
-name
AssetImportWorker0
-projectPath
C:/Users/dacko/Unity/Procedural snake
-logFile
Logs/AssetImportWorker0.log
-srvPort
56180
Successfully changed project path to: C:/Users/dacko/Unity/Procedural snake
C:/Users/dacko/Unity/Procedural snake
[UnityMemory] Configuration Parameters - Can be set up in boot.config
    "memorysetup-bucket-allocator-granularity=16"
    "memorysetup-bucket-allocator-bucket-count=8"
    "memorysetup-bucket-allocator-block-size=33554432"
    "memorysetup-bucket-allocator-block-count=8"
    "memorysetup-main-allocator-block-size=16777216"
    "memorysetup-thread-allocator-block-size=16777216"
    "memorysetup-gfx-main-allocator-block-size=16777216"
    "memorysetup-gfx-thread-allocator-block-size=16777216"
    "memorysetup-cache-allocator-block-size=4194304"
    "memorysetup-typetree-allocator-block-size=2097152"
    "memorysetup-profiler-bucket-allocator-granularity=16"
    "memorysetup-profiler-bucket-allocator-bucket-count=8"
    "memorysetup-profiler-bucket-allocator-block-size=33554432"
    "memorysetup-profiler-bucket-allocator-block-count=8"
    "memorysetup-profiler-allocator-block-size=16777216"
    "memorysetup-profiler-editor-allocator-block-size=1048576"
    "memorysetup-temp-allocator-size-main=16777216"
    "memorysetup-job-temp-allocator-block-size=2097152"
    "memorysetup-job-temp-allocator-block-size-background=1048576"
    "memorysetup-job-temp-allocator-reduction-small-platforms=262144"
    "memorysetup-allocator-temp-initial-block-size-main=262144"
    "memorysetup-allocator-temp-initial-block-size-worker=262144"
    "memorysetup-temp-allocator-size-background-worker=32768"
    "memorysetup-temp-allocator-size-job-worker=262144"
    "memorysetup-temp-allocator-size-preload-manager=33554432"
    "memorysetup-temp-allocator-size-nav-mesh-worker=65536"
    "memorysetup-temp-allocator-size-audio-worker=65536"
    "memorysetup-temp-allocator-size-cloud-worker=32768"
    "memorysetup-temp-allocator-size-gi-baking-worker=262144"
    "memorysetup-temp-allocator-size-gfx=262144"
Player connection [3036]  Target information:

Player connection [3036]  * "[IP] 26.84.100.242 [Port] 0 [Flags] 2 [Guid] 1320759170 [EditorId] 1320759170 [Version] 1048832 [Id] WindowsEditor(7,DESKTOP-K4J78JE) [Debug] 1 [PackageName] WindowsEditor [ProjectName] Editor" 

Player connection [3036]  * "[IP] 192.168.0.223 [Port] 0 [Flags] 2 [Guid] 1320759170 [EditorId] 1320759170 [Version] 1048832 [Id] WindowsEditor(7,DESKTOP-K4J78JE) [Debug] 1 [PackageName] WindowsEditor [ProjectName] Editor" 

Player connection [3036] Host joined multi-casting on [225.0.0.222:54997]...
Player connection [3036] Host joined alternative multi-casting on [225.0.0.222:34997]...
[PhysX] Initialized MultithreadedTaskDispatcher with 8 workers.
Refreshing native plugins compatible for Editor in 8.40 ms, found 4 plugins.
Preloading 0 native plugins for Editor in 0.00 ms.
Initialize engine version: 2022.3.40f1 (cbdda657d2f0)
[Subsystems] Discovering subsystems at path C:/Program Files/Unity/Hub/Editor/2022.3.40f1/Editor/Data/Resources/UnitySubsystems
[Subsystems] Discovering subsystems at path C:/Users/dacko/Unity/Procedural snake/Assets
GfxDevice: creating device client; threaded=0; jobified=0
Direct3D:
    Version:  Direct3D 11.0 [level 11.1]
    Renderer: NVIDIA GeForce GTX 1650 (ID=0x1f9d)
    Vendor:   NVIDIA
    VRAM:     3938 MB
    Driver:   32.0.15.6614
Initialize mono
Mono path[0] = 'C:/Program Files/Unity/Hub/Editor/2022.3.40f1/Editor/Data/Managed'
Mono path[1] = 'C:/Program Files/Unity/Hub/Editor/2022.3.40f1/Editor/Data/MonoBleedingEdge/lib/mono/unityjit-win32'
Mono config path = 'C:/Program Files/Unity/Hub/Editor/2022.3.40f1/Editor/Data/MonoBleedingEdge/etc'
Using monoOptions --debugger-agent=transport=dt_socket,embedding=1,server=y,suspend=n,address=127.0.0.1:56180
Begin MonoManager ReloadAssembly
Registering precompiled unity dll's ...
Register platform support module: C:/Program Files/Unity/Hub/Editor/2022.3.40f1/Editor/Data/PlaybackEngines/AndroidPlayer/UnityEditor.Android.Extensions.dll
Register platform support module: C:/Program Files/Unity/Hub/Editor/2022.3.40f1/Editor/Data/PlaybackEngines/iOSSupport/UnityEditor.iOS.Extensions.dll
Register platform support module: C:/Program Files/Unity/Hub/Editor/2022.3.40f1/Editor/Data/PlaybackEngines/WindowsStandaloneSupport/UnityEditor.WindowsStandalone.Extensions.dll
Registered in 0.008812 seconds.
- Loaded All Assemblies, in  0.357 seconds
Native extension for WindowsStandalone target not found
[usbmuxd] Start listen thread
[usbmuxd] Listen thread started
Native extension for iOS target not found
Native extension for Android target not found
Android Extension - Scanning For ADB Devices 213 ms
Mono: successfully reloaded assembly
- Finished resetting the current domain, in  0.540 seconds
Domain Reload Profiling: 895ms
	BeginReloadAssembly (102ms)
		ExecutionOrderSort (0ms)
		DisableScriptedObjects (0ms)
		BackupInstance (0ms)
		ReleaseScriptingObjects (0ms)
		CreateAndSetChildDomain (1ms)
	RebuildCommonClasses (34ms)
	RebuildNativeTypeToScriptingClass (11ms)
	initialDomainReloadingComplete (59ms)
	LoadAllAssembliesAndSetupDomain (149ms)
		LoadAssemblies (100ms)
		RebuildTransferFunctionScriptingTraits (0ms)
		AnalyzeDomain (147ms)
			TypeCache.Refresh (145ms)
				TypeCache.ScanAssembly (130ms)
			ScanForSourceGeneratedMonoScriptInfo (1ms)
			ResolveRequiredComponents (1ms)
	FinalizeReload (540ms)
		ReleaseScriptCaches (0ms)
		RebuildScriptCaches (0ms)
		SetupLoadedEditorAssemblies (494ms)
			LogAssemblyErrors (0ms)
			InitializePlatformSupportModulesInManaged (336ms)
			SetLoadedEditorAssemblies (4ms)
			RefreshPlugins (0ms)
			BeforeProcessingInitializeOnLoad (2ms)
			ProcessInitializeOnLoadAttributes (100ms)
			ProcessInitializeOnLoadMethodAttributes (53ms)
			AfterProcessingInitializeOnLoad (0ms)
			EditorAssembliesLoaded (0ms)
		ExecutionOrderSort2 (0ms)
		AwakeInstancesAfterBackupRestoration (0ms)
========================================================================
Worker process is ready to serve import requests
Caller must complete domain reload
Begin MonoManager ReloadAssembly
- Loaded All Assemblies, in  0.823 seconds
Native extension for WindowsStandalone target not found
Native extension for iOS target not found
Native extension for Android target not found
Mono: successfully reloaded assembly
- Finished resetting the current domain, in  0.888 seconds
Domain Reload Profiling: 1709ms
	BeginReloadAssembly (209ms)
		ExecutionOrderSort (0ms)
		DisableScriptedObjects (10ms)
		BackupInstance (0ms)
		ReleaseScriptingObjects (0ms)
		CreateAndSetChildDomain (24ms)
	RebuildCommonClasses (48ms)
	RebuildNativeTypeToScriptingClass (11ms)
	initialDomainReloadingComplete (47ms)
	LoadAllAssembliesAndSetupDomain (505ms)
		LoadAssemblies (380ms)
		RebuildTransferFunctionScriptingTraits (0ms)
		AnalyzeDomain (256ms)
			TypeCache.Refresh (216ms)
				TypeCache.ScanAssembly (195ms)
			ScanForSourceGeneratedMonoScriptInfo (31ms)
			ResolveRequiredComponents (9ms)
	FinalizeReload (889ms)
		ReleaseScriptCaches (0ms)
		RebuildScriptCaches (0ms)
		SetupLoadedEditorAssemblies (685ms)
			LogAssemblyErrors (0ms)
			InitializePlatformSupportModulesInManaged (48ms)
			SetLoadedEditorAssemblies (6ms)
			RefreshPlugins (0ms)
			BeforeProcessingInitializeOnLoad (79ms)
			ProcessInitializeOnLoadAttributes (467ms)
			ProcessInitializeOnLoadMethodAttributes (81ms)
			AfterProcessingInitializeOnLoad (5ms)
			EditorAssembliesLoaded (0ms)
		ExecutionOrderSort2 (0ms)
		AwakeInstancesAfterBackupRestoration (5ms)
Launched and connected shader compiler UnityShaderCompiler.exe after 0.04 seconds
Refreshing native plugins compatible for Editor in 6.23 ms, found 4 plugins.
Preloading 0 native plugins for Editor in 0.00 ms.
Unloading 5714 Unused Serialized files (Serialized files now loaded: 0)
Unloading 48 unused Assets / (0.9 MB). Loaded Objects now: 6171.
Memory consumption went from 221.7 MB to 220.8 MB.
Total: 6.084500 ms (FindLiveObjects: 0.601500 ms CreateObjectMapping: 0.593500 ms MarkObjects: 4.315400 ms  DeleteObjects: 0.571600 ms)

AssetImportParameters requested are different than current active one (requested -> active):
  custom:container-demuxer-ogg: 62fdf1f143b41e24485cea50d1cbac27 -> 
  custom:video-decoder-ogg-theora: a1e56fd34408186e4bbccfd4996cb3dc -> 
  custom:framework-win-MediaFoundation: 216162199b28c13a410421893ffa2e32 -> 
  custom:CustomObjectIndexerAttribute: 72b91833f83ae208fae7752999fa3104 -> 
  custom:container-demuxer-webm: 4f35f7cbe854078d1ac9338744f61a02 -> 
  custom:container-muxer-webm: aa71ff27fc2769a1b78a27578f13a17b -> 
  custom:video-decoder-webm-vp8: 9c59270c3fd7afecdb556c50c9e8de78 -> 
  custom:SearchIndexIgnoredProperties: e643bd26f0fe6173181afceb89e7c659 -> 
  custom:AudioImporter_EditorPlatform: d09bf68614088b80899f8185d706f6e7 -> 
  custom:video-encoder-webm-vp8: eb34c28f22e8b96e1ab97ce403110664 -> 
  custom:audio-decoder-ogg-vorbis: bf7c407c2cedff20999df2af8eb42d56 -> 
  custom:audio-encoder-webm-vorbis: bf7c407c2cedff20999df2af8eb42d56 -> 
========================================================================
Received Import Request.
  Time since last request: 13300.557398 seconds.
  path: Assets/SnakeController.cs
  artifactKey: Guid(28c60c7bc41d2c24f84a280536701504) Importer(815301076,1909f56bfc062723c751e8b465ee728b)
Start importing Assets/SnakeController.cs using Guid(28c60c7bc41d2c24f84a280536701504) Importer(815301076,1909f56bfc062723c751e8b465ee728b) [PhysX] Initialized MultithreadedTaskDispatcher with 8 workers.
 -> (artifact id: '5a2e0bdabaad0904f99a474b8fcd921b') in 0.004740 seconds
Number of updated asset objects reloaded before import = 0
Number of asset objects unloaded after import = 0
========================================================================
Received Import Request.
  Time since last request: 341.998210 seconds.
  path: Assets/SnakeController.cs
  artifactKey: Guid(28c60c7bc41d2c24f84a280536701504) Importer(815301076,1909f56bfc062723c751e8b465ee728b)
Start importing Assets/SnakeController.cs using Guid(28c60c7bc41d2c24f84a280536701504) Importer(815301076,1909f56bfc062723c751e8b465ee728b) [PhysX] Initialized MultithreadedTaskDispatcher with 8 workers.
 -> (artifact id: 'aa45fe477ea8c75437b90fed026ac39c') in 0.000770 seconds
Number of updated asset objects reloaded before import = 0
Number of asset objects unloaded after import = 0
========================================================================
Received Import Request.
  Time since last request: 34.001516 seconds.
  path: Assets/SnakeController.cs
  artifactKey: Guid(28c60c7bc41d2c24f84a280536701504) Importer(815301076,1909f56bfc062723c751e8b465ee728b)
Start importing Assets/SnakeController.cs using Guid(28c60c7bc41d2c24f84a280536701504) Importer(815301076,1909f56bfc062723c751e8b465ee728b) [PhysX] Initialized MultithreadedTaskDispatcher with 8 workers.
 -> (artifact id: '51a8d9ce43f09f0bc0f7473ccd3ad4b7') in 0.000653 seconds
Number of updated asset objects reloaded before import = 0
Number of asset objects unloaded after import = 0
========================================================================
Received Prepare
Caller must complete domain reload
Begin MonoManager ReloadAssembly
- Loaded All Assemblies, in  1.078 seconds
Native extension for WindowsStandalone target not found
Native extension for iOS target not found
Native extension for Android target not found
Mono: successfully reloaded assembly
- Finished resetting the current domain, in  0.841 seconds
Domain Reload Profiling: 1919ms
	BeginReloadAssembly (679ms)
		ExecutionOrderSort (0ms)
		DisableScriptedObjects (498ms)
		BackupInstance (0ms)
		ReleaseScriptingObjects (0ms)
		CreateAndSetChildDomain (53ms)
	RebuildCommonClasses (36ms)
	RebuildNativeTypeToScriptingClass (15ms)
	initialDomainReloadingComplete (43ms)
	LoadAllAssembliesAndSetupDomain (304ms)
		LoadAssemblies (347ms)
		RebuildTransferFunctionScriptingTraits (0ms)
		AnalyzeDomain (48ms)
			TypeCache.Refresh (10ms)
				TypeCache.ScanAssembly (0ms)
			ScanForSourceGeneratedMonoScriptInfo (26ms)
			ResolveRequiredComponents (10ms)
	FinalizeReload (842ms)
		ReleaseScriptCaches (0ms)
		RebuildScriptCaches (0ms)
		SetupLoadedEditorAssemblies (617ms)
			LogAssemblyErrors (0ms)
			InitializePlatformSupportModulesInManaged (33ms)
			SetLoadedEditorAssemblies (5ms)
			RefreshPlugins (0ms)
			BeforeProcessingInitializeOnLoad (72ms)
			ProcessInitializeOnLoadAttributes (423ms)
			ProcessInitializeOnLoadMethodAttributes (78ms)
			AfterProcessingInitializeOnLoad (6ms)
			EditorAssembliesLoaded (0ms)
		ExecutionOrderSort2 (0ms)
		AwakeInstancesAfterBackupRestoration (14ms)
Refreshing native plugins compatible for Editor in 4.94 ms, found 4 plugins.
Preloading 0 native plugins for Editor in 0.00 ms.
Unloading 5575 Unused Serialized files (Serialized files now loaded: 0)
Unloading 35 unused Assets / (0.9 MB). Loaded Objects now: 6177.
Memory consumption went from 198.8 MB to 197.9 MB.
Total: 4.463600 ms (FindLiveObjects: 0.417400 ms CreateObjectMapping: 0.219100 ms MarkObjects: 3.429500 ms  DeleteObjects: 0.396000 ms)

Prepare: number of updated asset objects reloaded= 0
AssetImportParameters requested are different than current active one (requested -> active):
  custom:container-demuxer-ogg: 62fdf1f143b41e24485cea50d1cbac27 -> 
  custom:video-decoder-ogg-theora: a1e56fd34408186e4bbccfd4996cb3dc -> 
  custom:framework-win-MediaFoundation: 216162199b28c13a410421893ffa2e32 -> 
  custom:CustomObjectIndexerAttribute: 72b91833f83ae208fae7752999fa3104 -> 
  custom:container-demuxer-webm: 4f35f7cbe854078d1ac9338744f61a02 -> 
  custom:container-muxer-webm: aa71ff27fc2769a1b78a27578f13a17b -> 
  custom:video-decoder-webm-vp8: 9c59270c3fd7afecdb556c50c9e8de78 -> 
  custom:SearchIndexIgnoredProperties: e643bd26f0fe6173181afceb89e7c659 -> 
  custom:AudioImporter_EditorPlatform: d09bf68614088b80899f8185d706f6e7 -> 
  custom:video-encoder-webm-vp8: eb34c28f22e8b96e1ab97ce403110664 -> 
  custom:audio-decoder-ogg-vorbis: bf7c407c2cedff20999df2af8eb42d56 -> 
  custom:audio-encoder-webm-vorbis: bf7c407c2cedff20999df2af8eb42d56 -> 
========================================================================
Received Prepare
Caller must complete domain reload
Begin MonoManager ReloadAssembly
- Loaded All Assemblies, in  0.448 seconds
Native extension for WindowsStandalone target not found
Native extension for iOS target not found
Native extension for Android target not found
Mono: successfully reloaded assembly
- Finished resetting the current domain, in  1.515 seconds
Domain Reload Profiling: 1961ms
	BeginReloadAssembly (146ms)
		ExecutionOrderSort (0ms)
		DisableScriptedObjects (8ms)
		BackupInstance (0ms)
		ReleaseScriptingObjects (0ms)
		CreateAndSetChildDomain (41ms)
	RebuildCommonClasses (33ms)
	RebuildNativeTypeToScriptingClass (9ms)
	initialDomainReloadingComplete (22ms)
	LoadAllAssembliesAndSetupDomain (235ms)
		LoadAssemblies (281ms)
		RebuildTransferFunctionScriptingTraits (0ms)
		AnalyzeDomain (22ms)
			TypeCache.Refresh (10ms)
				TypeCache.ScanAssembly (0ms)
			ScanForSourceGeneratedMonoScriptInfo (0ms)
			ResolveRequiredComponents (11ms)
	FinalizeReload (1515ms)
		ReleaseScriptCaches (0ms)
		RebuildScriptCaches (0ms)
		SetupLoadedEditorAssemblies (661ms)
			LogAssemblyErrors (0ms)
			InitializePlatformSupportModulesInManaged (34ms)
			SetLoadedEditorAssemblies (4ms)
			RefreshPlugins (0ms)
			BeforeProcessingInitializeOnLoad (78ms)
			ProcessInitializeOnLoadAttributes (470ms)
			ProcessInitializeOnLoadMethodAttributes (69ms)
			AfterProcessingInitializeOnLoad (5ms)
			EditorAssembliesLoaded (0ms)
		ExecutionOrderSort2 (0ms)
		AwakeInstancesAfterBackupRestoration (16ms)
Refreshing native plugins compatible for Editor in 4.87 ms, found 4 plugins.
Preloading 0 native plugins for Editor in 0.00 ms.
Unloading 5575 Unused Serialized files (Serialized files now loaded: 0)
Unloading 35 unused Assets / (0.9 MB). Loaded Objects now: 6182.
Memory consumption went from 198.8 MB to 197.9 MB.
Total: 6.173200 ms (FindLiveObjects: 0.560600 ms CreateObjectMapping: 0.455600 ms MarkObjects: 4.710500 ms  DeleteObjects: 0.444700 ms)

Prepare: number of updated asset objects reloaded= 0
AssetImportParameters requested are different than current active one (requested -> active):
  custom:container-demuxer-ogg: 62fdf1f143b41e24485cea50d1cbac27 -> 
  custom:video-decoder-ogg-theora: a1e56fd34408186e4bbccfd4996cb3dc -> 
  custom:framework-win-MediaFoundation: 216162199b28c13a410421893ffa2e32 -> 
  custom:CustomObjectIndexerAttribute: 72b91833f83ae208fae7752999fa3104 -> 
  custom:container-demuxer-webm: 4f35f7cbe854078d1ac9338744f61a02 -> 
  custom:container-muxer-webm: aa71ff27fc2769a1b78a27578f13a17b -> 
  custom:video-decoder-webm-vp8: 9c59270c3fd7afecdb556c50c9e8de78 -> 
  custom:SearchIndexIgnoredProperties: e643bd26f0fe6173181afceb89e7c659 -> 
  custom:AudioImporter_EditorPlatform: d09bf68614088b80899f8185d706f6e7 -> 
  custom:video-encoder-webm-vp8: eb34c28f22e8b96e1ab97ce403110664 -> 
  custom:audio-decoder-ogg-vorbis: bf7c407c2cedff20999df2af8eb42d56 -> 
  custom:audio-encoder-webm-vorbis: bf7c407c2cedff20999df2af8eb42d56 -> 
========================================================================
Received Import Request.
  Time since last request: 153.767968 seconds.
  path: Assets/SnakeController.cs
  artifactKey: Guid(28c60c7bc41d2c24f84a280536701504) Importer(815301076,1909f56bfc062723c751e8b465ee728b)
Start importing Assets/SnakeController.cs using Guid(28c60c7bc41d2c24f84a280536701504) Importer(815301076,1909f56bfc062723c751e8b465ee728b) [PhysX] Initialized MultithreadedTaskDispatcher with 8 workers.
 -> (artifact id: '260e8304500bd9f96cf36182abfc0371') in 0.003540 seconds
Number of updated asset objects reloaded before import = 0
Number of asset objects unloaded after import = 0
========================================================================
Received Prepare
Caller must complete domain reload
Begin MonoManager ReloadAssembly
- Loaded All Assemblies, in  0.531 seconds
Native extension for WindowsStandalone target not found
Native extension for iOS target not found
Native extension for Android target not found
Mono: successfully reloaded assembly
- Finished resetting the current domain, in  1.557 seconds
Domain Reload Profiling: 2085ms
	BeginReloadAssembly (144ms)
		ExecutionOrderSort (0ms)
		DisableScriptedObjects (9ms)
		BackupInstance (0ms)
		ReleaseScriptingObjects (0ms)
		CreateAndSetChildDomain (39ms)
	RebuildCommonClasses (30ms)
	RebuildNativeTypeToScriptingClass (9ms)
	initialDomainReloadingComplete (27ms)
	LoadAllAssembliesAndSetupDomain (319ms)
		LoadAssemblies (321ms)
		RebuildTransferFunctionScriptingTraits (0ms)
		AnalyzeDomain (65ms)
			TypeCache.Refresh (12ms)
				TypeCache.ScanAssembly (0ms)
			ScanForSourceGeneratedMonoScriptInfo (34ms)
			ResolveRequiredComponents (17ms)
	FinalizeReload (1557ms)
		ReleaseScriptCaches (0ms)
		RebuildScriptCaches (0ms)
		SetupLoadedEditorAssemblies (656ms)
			LogAssemblyErrors (0ms)
			InitializePlatformSupportModulesInManaged (31ms)
			SetLoadedEditorAssemblies (4ms)
			RefreshPlugins (0ms)
			BeforeProcessingInitializeOnLoad (71ms)
			ProcessInitializeOnLoadAttributes (477ms)
			ProcessInitializeOnLoadMethodAttributes (65ms)
			AfterProcessingInitializeOnLoad (8ms)
			EditorAssembliesLoaded (1ms)
		ExecutionOrderSort2 (0ms)
		AwakeInstancesAfterBackupRestoration (17ms)
Refreshing native plugins compatible for Editor in 5.67 ms, found 4 plugins.
Preloading 0 native plugins for Editor in 0.00 ms.
Unloading 5575 Unused Serialized files (Serialized files now loaded: 0)
Unloading 35 unused Assets / (0.9 MB). Loaded Objects now: 6187.
Memory consumption went from 198.8 MB to 197.9 MB.
Total: 4.224000 ms (FindLiveObjects: 0.540800 ms CreateObjectMapping: 0.211700 ms MarkObjects: 3.058100 ms  DeleteObjects: 0.410500 ms)

Prepare: number of updated asset objects reloaded= 0
AssetImportParameters requested are different than current active one (requested -> active):
  custom:container-demuxer-ogg: 62fdf1f143b41e24485cea50d1cbac27 -> 
  custom:video-decoder-ogg-theora: a1e56fd34408186e4bbccfd4996cb3dc -> 
  custom:framework-win-MediaFoundation: 216162199b28c13a410421893ffa2e32 -> 
  custom:CustomObjectIndexerAttribute: 72b91833f83ae208fae7752999fa3104 -> 
  custom:container-demuxer-webm: 4f35f7cbe854078d1ac9338744f61a02 -> 
  custom:container-muxer-webm: aa71ff27fc2769a1b78a27578f13a17b -> 
  custom:video-decoder-webm-vp8: 9c59270c3fd7afecdb556c50c9e8de78 -> 
  custom:SearchIndexIgnoredProperties: e643bd26f0fe6173181afceb89e7c659 -> 
  custom:AudioImporter_EditorPlatform: d09bf68614088b80899f8185d706f6e7 -> 
  custom:video-encoder-webm-vp8: eb34c28f22e8b96e1ab97ce403110664 -> 
  custom:audio-decoder-ogg-vorbis: bf7c407c2cedff20999df2af8eb42d56 -> 
  custom:audio-encoder-webm-vorbis: bf7c407c2cedff20999df2af8eb42d56 -> 
========================================================================
Received Prepare
Caller must complete domain reload
Begin MonoManager ReloadAssembly
- Loaded All Assemblies, in  0.415 seconds
Native extension for WindowsStandalone target not found
Native extension for iOS target not found
Native extension for Android target not found
Mono: successfully reloaded assembly
- Finished resetting the current domain, in  1.464 seconds
Domain Reload Profiling: 1878ms
	BeginReloadAssembly (142ms)
		ExecutionOrderSort (0ms)
		DisableScriptedObjects (9ms)
		BackupInstance (0ms)
		ReleaseScriptingObjects (0ms)
		CreateAndSetChildDomain (40ms)
	RebuildCommonClasses (27ms)
	RebuildNativeTypeToScriptingClass (9ms)
	initialDomainReloadingComplete (24ms)
	LoadAllAssembliesAndSetupDomain (212ms)
		LoadAssemblies (259ms)
		RebuildTransferFunctionScriptingTraits (0ms)
		AnalyzeDomain (19ms)
			TypeCache.Refresh (7ms)
				TypeCache.ScanAssembly (0ms)
			ScanForSourceGeneratedMonoScriptInfo (0ms)
			ResolveRequiredComponents (9ms)
	FinalizeReload (1465ms)
		ReleaseScriptCaches (0ms)
		RebuildScriptCaches (0ms)
		SetupLoadedEditorAssemblies (643ms)
			LogAssemblyErrors (0ms)
			InitializePlatformSupportModulesInManaged (35ms)
			SetLoadedEditorAssemblies (4ms)
			RefreshPlugins (0ms)
			BeforeProcessingInitializeOnLoad (77ms)
			ProcessInitializeOnLoadAttributes (453ms)
			ProcessInitializeOnLoadMethodAttributes (69ms)
			AfterProcessingInitializeOnLoad (6ms)
			EditorAssembliesLoaded (0ms)
		ExecutionOrderSort2 (0ms)
		AwakeInstancesAfterBackupRestoration (17ms)
Refreshing native plugins compatible for Editor in 5.09 ms, found 4 plugins.
Preloading 0 native plugins for Editor in 0.00 ms.
Unloading 5575 Unused Serialized files (Serialized files now loaded: 0)
Unloading 35 unused Assets / (0.9 MB). Loaded Objects now: 6192.
Memory consumption went from 198.8 MB to 197.9 MB.
Total: 5.009400 ms (FindLiveObjects: 0.428700 ms CreateObjectMapping: 0.278400 ms MarkObjects: 3.864400 ms  DeleteObjects: 0.436500 ms)

Prepare: number of updated asset objects reloaded= 0
AssetImportParameters requested are different than current active one (requested -> active):
  custom:container-demuxer-ogg: 62fdf1f143b41e24485cea50d1cbac27 -> 
  custom:video-decoder-ogg-theora: a1e56fd34408186e4bbccfd4996cb3dc -> 
  custom:framework-win-MediaFoundation: 216162199b28c13a410421893ffa2e32 -> 
  custom:CustomObjectIndexerAttribute: 72b91833f83ae208fae7752999fa3104 -> 
  custom:container-demuxer-webm: 4f35f7cbe854078d1ac9338744f61a02 -> 
  custom:container-muxer-webm: aa71ff27fc2769a1b78a27578f13a17b -> 
  custom:video-decoder-webm-vp8: 9c59270c3fd7afecdb556c50c9e8de78 -> 
  custom:SearchIndexIgnoredProperties: e643bd26f0fe6173181afceb89e7c659 -> 
  custom:AudioImporter_EditorPlatform: d09bf68614088b80899f8185d706f6e7 -> 
  custom:video-encoder-webm-vp8: eb34c28f22e8b96e1ab97ce403110664 -> 
  custom:audio-decoder-ogg-vorbis: bf7c407c2cedff20999df2af8eb42d56 -> 
  custom:audio-encoder-webm-vorbis: bf7c407c2cedff20999df2af8eb42d56 -> 
========================================================================
Received Import Request.
  Time since last request: 177.851459 seconds.
  path: Assets/SnakeController.cs
  artifactKey: Guid(28c60c7bc41d2c24f84a280536701504) Importer(815301076,1909f56bfc062723c751e8b465ee728b)
Start importing Assets/SnakeController.cs using Guid(28c60c7bc41d2c24f84a280536701504) Importer(815301076,1909f56bfc062723c751e8b465ee728b) [PhysX] Initialized MultithreadedTaskDispatcher with 8 workers.
 -> (artifact id: '45b27ca6177eed7ef87c614831783def') in 0.002135 seconds
Number of updated asset objects reloaded before import = 0
Number of asset objects unloaded after import = 0
========================================================================
Received Prepare
Caller must complete domain reload
Begin MonoManager ReloadAssembly
- Loaded All Assemblies, in  0.501 seconds
Native extension for WindowsStandalone target not found
Native extension for iOS target not found
Native extension for Android target not found
Mono: successfully reloaded assembly
- Finished resetting the current domain, in  1.537 seconds
Domain Reload Profiling: 2037ms
	BeginReloadAssembly (149ms)
		ExecutionOrderSort (0ms)
		DisableScriptedObjects (10ms)
		BackupInstance (0ms)
		ReleaseScriptingObjects (0ms)
		CreateAndSetChildDomain (39ms)
	RebuildCommonClasses (31ms)
	RebuildNativeTypeToScriptingClass (10ms)
	initialDomainReloadingComplete (29ms)
	LoadAllAssembliesAndSetupDomain (279ms)
		LoadAssemblies (304ms)
		RebuildTransferFunctionScriptingTraits (0ms)
		AnalyzeDomain (45ms)
			TypeCache.Refresh (12ms)
				TypeCache.ScanAssembly (0ms)
			ScanForSourceGeneratedMonoScriptInfo (21ms)
			ResolveRequiredComponents (10ms)
	FinalizeReload (1538ms)
		ReleaseScriptCaches (0ms)
		RebuildScriptCaches (0ms)
		SetupLoadedEditorAssemblies (627ms)
			LogAssemblyErrors (0ms)
			InitializePlatformSupportModulesInManaged (39ms)
			SetLoadedEditorAssemblies (3ms)
			RefreshPlugins (0ms)
			BeforeProcessingInitializeOnLoad (76ms)
			ProcessInitializeOnLoadAttributes (441ms)
			ProcessInitializeOnLoadMethodAttributes (63ms)
			AfterProcessingInitializeOnLoad (5ms)
			EditorAssembliesLoaded (0ms)
		ExecutionOrderSort2 (0ms)
		AwakeInstancesAfterBackupRestoration (14ms)
Refreshing native plugins compatible for Editor in 3.74 ms, found 4 plugins.
Preloading 0 native plugins for Editor in 0.00 ms.
Unloading 5575 Unused Serialized files (Serialized files now loaded: 0)
Unloading 35 unused Assets / (0.9 MB). Loaded Objects now: 6197.
Memory consumption went from 198.7 MB to 197.9 MB.
Total: 5.660500 ms (FindLiveObjects: 0.446300 ms CreateObjectMapping: 0.247600 ms MarkObjects: 4.505200 ms  DeleteObjects: 0.459600 ms)

Prepare: number of updated asset objects reloaded= 0
AssetImportParameters requested are different than current active one (requested -> active):
  custom:container-demuxer-ogg: 62fdf1f143b41e24485cea50d1cbac27 -> 
  custom:video-decoder-ogg-theora: a1e56fd34408186e4bbccfd4996cb3dc -> 
  custom:framework-win-MediaFoundation: 216162199b28c13a410421893ffa2e32 -> 
  custom:CustomObjectIndexerAttribute: 72b91833f83ae208fae7752999fa3104 -> 
  custom:container-demuxer-webm: 4f35f7cbe854078d1ac9338744f61a02 -> 
  custom:container-muxer-webm: aa71ff27fc2769a1b78a27578f13a17b -> 
  custom:video-decoder-webm-vp8: 9c59270c3fd7afecdb556c50c9e8de78 -> 
  custom:SearchIndexIgnoredProperties: e643bd26f0fe6173181afceb89e7c659 -> 
  custom:AudioImporter_EditorPlatform: d09bf68614088b80899f8185d706f6e7 -> 
  custom:video-encoder-webm-vp8: eb34c28f22e8b96e1ab97ce403110664 -> 
  custom:audio-decoder-ogg-vorbis: bf7c407c2cedff20999df2af8eb42d56 -> 
  custom:audio-encoder-webm-vorbis: bf7c407c2cedff20999df2af8eb42d56 -> 
========================================================================
Received Prepare
Caller must complete domain reload
Begin MonoManager ReloadAssembly
- Loaded All Assemblies, in  0.450 seconds
Native extension for WindowsStandalone target not found
Native extension for iOS target not found
Native extension for Android target not found
Mono: successfully reloaded assembly
- Finished resetting the current domain, in  1.540 seconds
Domain Reload Profiling: 1988ms
	BeginReloadAssembly (168ms)
		ExecutionOrderSort (0ms)
		DisableScriptedObjects (8ms)
		BackupInstance (0ms)
		ReleaseScriptingObjects (0ms)
		CreateAndSetChildDomain (53ms)
	RebuildCommonClasses (27ms)
	RebuildNativeTypeToScriptingClass (10ms)
	initialDomainReloadingComplete (26ms)
	LoadAllAssembliesAndSetupDomain (217ms)
		LoadAssemblies (270ms)
		RebuildTransferFunctionScriptingTraits (0ms)
		AnalyzeDomain (23ms)
			TypeCache.Refresh (8ms)
				TypeCache.ScanAssembly (0ms)
			ScanForSourceGeneratedMonoScriptInfo (0ms)
			ResolveRequiredComponents (12ms)
	FinalizeReload (1540ms)
		ReleaseScriptCaches (0ms)
		RebuildScriptCaches (0ms)
		SetupLoadedEditorAssemblies (732ms)
			LogAssemblyErrors (0ms)
			InitializePlatformSupportModulesInManaged (36ms)
			SetLoadedEditorAssemblies (3ms)
			RefreshPlugins (0ms)
			BeforeProcessingInitializeOnLoad (78ms)
			ProcessInitializeOnLoadAttributes (526ms)
			ProcessInitializeOnLoadMethodAttributes (82ms)
			AfterProcessingInitializeOnLoad (7ms)
			EditorAssembliesLoaded (0ms)
		ExecutionOrderSort2 (0ms)
		AwakeInstancesAfterBackupRestoration (19ms)
Refreshing native plugins compatible for Editor in 6.33 ms, found 4 plugins.
Preloading 0 native plugins for Editor in 0.00 ms.
Unloading 5575 Unused Serialized files (Serialized files now loaded: 0)
Unloading 35 unused Assets / (0.9 MB). Loaded Objects now: 6202.
Memory consumption went from 198.8 MB to 197.9 MB.
Total: 4.290000 ms (FindLiveObjects: 0.565900 ms CreateObjectMapping: 0.298300 ms MarkObjects: 2.943100 ms  DeleteObjects: 0.481500 ms)

Prepare: number of updated asset objects reloaded= 0
AssetImportParameters requested are different than current active one (requested -> active):
  custom:container-demuxer-ogg: 62fdf1f143b41e24485cea50d1cbac27 -> 
  custom:video-decoder-ogg-theora: a1e56fd34408186e4bbccfd4996cb3dc -> 
  custom:framework-win-MediaFoundation: 216162199b28c13a410421893ffa2e32 -> 
  custom:CustomObjectIndexerAttribute: 72b91833f83ae208fae7752999fa3104 -> 
  custom:container-demuxer-webm: 4f35f7cbe854078d1ac9338744f61a02 -> 
  custom:container-muxer-webm: aa71ff27fc2769a1b78a27578f13a17b -> 
  custom:video-decoder-webm-vp8: 9c59270c3fd7afecdb556c50c9e8de78 -> 
  custom:SearchIndexIgnoredProperties: e643bd26f0fe6173181afceb89e7c659 -> 
  custom:AudioImporter_EditorPlatform: d09bf68614088b80899f8185d706f6e7 -> 
  custom:video-encoder-webm-vp8: eb34c28f22e8b96e1ab97ce403110664 -> 
  custom:audio-decoder-ogg-vorbis: bf7c407c2cedff20999df2af8eb42d56 -> 
  custom:audio-encoder-webm-vorbis: bf7c407c2cedff20999df2af8eb42d56 -> 
========================================================================
Received Import Request.
  Time since last request: 237.494232 seconds.
  path: Assets/SnakeController.cs
  artifactKey: Guid(28c60c7bc41d2c24f84a280536701504) Importer(815301076,1909f56bfc062723c751e8b465ee728b)
Start importing Assets/SnakeController.cs using Guid(28c60c7bc41d2c24f84a280536701504) Importer(815301076,1909f56bfc062723c751e8b465ee728b) [PhysX] Initialized MultithreadedTaskDispatcher with 8 workers.
 -> (artifact id: '6ad4ae854df85915de3451ab6d07f2f6') in 0.002151 seconds
Number of updated asset objects reloaded before import = 0
Number of asset objects unloaded after import = 0
========================================================================
Received Prepare
Caller must complete domain reload
Begin MonoManager ReloadAssembly
- Loaded All Assemblies, in  0.487 seconds
Native extension for WindowsStandalone target not found
Native extension for iOS target not found
Native extension for Android target not found
Mono: successfully reloaded assembly
- Finished resetting the current domain, in  1.673 seconds
Domain Reload Profiling: 2159ms
	BeginReloadAssembly (148ms)
		ExecutionOrderSort (0ms)
		DisableScriptedObjects (9ms)
		BackupInstance (0ms)
		ReleaseScriptingObjects (0ms)
		CreateAndSetChildDomain (41ms)
	RebuildCommonClasses (32ms)
	RebuildNativeTypeToScriptingClass (10ms)
	initialDomainReloadingComplete (26ms)
	LoadAllAssembliesAndSetupDomain (270ms)
		LoadAssemblies (317ms)
		RebuildTransferFunctionScriptingTraits (0ms)
		AnalyzeDomain (22ms)
			TypeCache.Refresh (7ms)
				TypeCache.ScanAssembly (0ms)
			ScanForSourceGeneratedMonoScriptInfo (0ms)
			ResolveRequiredComponents (11ms)
	FinalizeReload (1674ms)
		ReleaseScriptCaches (0ms)
		RebuildScriptCaches (0ms)
		SetupLoadedEditorAssemblies (700ms)
			LogAssemblyErrors (0ms)
			InitializePlatformSupportModulesInManaged (37ms)
			SetLoadedEditorAssemblies (3ms)
			RefreshPlugins (0ms)
			BeforeProcessingInitializeOnLoad (76ms)
			ProcessInitializeOnLoadAttributes (515ms)
			ProcessInitializeOnLoadMethodAttributes (63ms)
			AfterProcessingInitializeOnLoad (5ms)
			EditorAssembliesLoaded (0ms)
		ExecutionOrderSort2 (0ms)
		AwakeInstancesAfterBackupRestoration (14ms)
Refreshing native plugins compatible for Editor in 6.21 ms, found 4 plugins.
Preloading 0 native plugins for Editor in 0.00 ms.
Unloading 5575 Unused Serialized files (Serialized files now loaded: 0)
Unloading 35 unused Assets / (0.9 MB). Loaded Objects now: 6207.
Memory consumption went from 198.8 MB to 197.9 MB.
Total: 8.100400 ms (FindLiveObjects: 0.934600 ms CreateObjectMapping: 0.853900 ms MarkObjects: 5.546500 ms  DeleteObjects: 0.763700 ms)

Prepare: number of updated asset objects reloaded= 0
AssetImportParameters requested are different than current active one (requested -> active):
  custom:container-demuxer-ogg: 62fdf1f143b41e24485cea50d1cbac27 -> 
  custom:video-decoder-ogg-theora: a1e56fd34408186e4bbccfd4996cb3dc -> 
  custom:framework-win-MediaFoundation: 216162199b28c13a410421893ffa2e32 -> 
  custom:CustomObjectIndexerAttribute: 72b91833f83ae208fae7752999fa3104 -> 
  custom:container-demuxer-webm: 4f35f7cbe854078d1ac9338744f61a02 -> 
  custom:container-muxer-webm: aa71ff27fc2769a1b78a27578f13a17b -> 
  custom:video-decoder-webm-vp8: 9c59270c3fd7afecdb556c50c9e8de78 -> 
  custom:SearchIndexIgnoredProperties: e643bd26f0fe6173181afceb89e7c659 -> 
  custom:AudioImporter_EditorPlatform: d09bf68614088b80899f8185d706f6e7 -> 
  custom:video-encoder-webm-vp8: eb34c28f22e8b96e1ab97ce403110664 -> 
  custom:audio-decoder-ogg-vorbis: bf7c407c2cedff20999df2af8eb42d56 -> 
  custom:audio-encoder-webm-vorbis: bf7c407c2cedff20999df2af8eb42d56 -> 
========================================================================
Received Import Request.
  Time since last request: 104.722515 seconds.
  path: Assets/SnakeController.cs
  artifactKey: Guid(28c60c7bc41d2c24f84a280536701504) Importer(815301076,1909f56bfc062723c751e8b465ee728b)
Start importing Assets/SnakeController.cs using Guid(28c60c7bc41d2c24f84a280536701504) Importer(815301076,1909f56bfc062723c751e8b465ee728b) [PhysX] Initialized MultithreadedTaskDispatcher with 8 workers.
 -> (artifact id: 'ed47a100b62c18dfe2dac4f12d3bf618') in 0.003247 seconds
Number of updated asset objects reloaded before import = 0
Number of asset objects unloaded after import = 0
========================================================================
Received Prepare
Caller must complete domain reload
Begin MonoManager ReloadAssembly
- Loaded All Assemblies, in  0.514 seconds
Native extension for WindowsStandalone target not found
Native extension for iOS target not found
Native extension for Android target not found
Mono: successfully reloaded assembly
- Finished resetting the current domain, in  1.761 seconds
Domain Reload Profiling: 2273ms
	BeginReloadAssembly (154ms)
		ExecutionOrderSort (0ms)
		DisableScriptedObjects (9ms)
		BackupInstance (0ms)
		ReleaseScriptingObjects (0ms)
		CreateAndSetChildDomain (41ms)
	RebuildCommonClasses (28ms)
	RebuildNativeTypeToScriptingClass (10ms)
	initialDomainReloadingComplete (28ms)
	LoadAllAssembliesAndSetupDomain (291ms)
		LoadAssemblies (309ms)
		RebuildTransferFunctionScriptingTraits (0ms)
		AnalyzeDomain (59ms)
			TypeCache.Refresh (12ms)
				TypeCache.ScanAssembly (0ms)
			ScanForSourceGeneratedMonoScriptInfo (30ms)
			ResolveRequiredComponents (14ms)
	FinalizeReload (1762ms)
		ReleaseScriptCaches (0ms)
		RebuildScriptCaches (0ms)
		SetupLoadedEditorAssemblies (748ms)
			LogAssemblyErrors (0ms)
			InitializePlatformSupportModulesInManaged (33ms)
			SetLoadedEditorAssemblies (3ms)
			RefreshPlugins (0ms)
			BeforeProcessingInitializeOnLoad (76ms)
			ProcessInitializeOnLoadAttributes (547ms)
			ProcessInitializeOnLoadMethodAttributes (82ms)
			AfterProcessingInitializeOnLoad (5ms)
			EditorAssembliesLoaded (0ms)
		ExecutionOrderSort2 (0ms)
		AwakeInstancesAfterBackupRestoration (16ms)
Refreshing native plugins compatible for Editor in 4.89 ms, found 4 plugins.
Preloading 0 native plugins for Editor in 0.00 ms.
Unloading 5575 Unused Serialized files (Serialized files now loaded: 0)
Unloading 35 unused Assets / (0.9 MB). Loaded Objects now: 6212.
Memory consumption went from 198.8 MB to 197.9 MB.
Total: 4.497500 ms (FindLiveObjects: 0.430400 ms CreateObjectMapping: 0.213300 ms MarkObjects: 3.419000 ms  DeleteObjects: 0.432500 ms)

Prepare: number of updated asset objects reloaded= 0
AssetImportParameters requested are different than current active one (requested -> active):
  custom:container-demuxer-ogg: 62fdf1f143b41e24485cea50d1cbac27 -> 
  custom:video-decoder-ogg-theora: a1e56fd34408186e4bbccfd4996cb3dc -> 
  custom:framework-win-MediaFoundation: 216162199b28c13a410421893ffa2e32 -> 
  custom:CustomObjectIndexerAttribute: 72b91833f83ae208fae7752999fa3104 -> 
  custom:container-demuxer-webm: 4f35f7cbe854078d1ac9338744f61a02 -> 
  custom:container-muxer-webm: aa71ff27fc2769a1b78a27578f13a17b -> 
  custom:video-decoder-webm-vp8: 9c59270c3fd7afecdb556c50c9e8de78 -> 
  custom:SearchIndexIgnoredProperties: e643bd26f0fe6173181afceb89e7c659 -> 
  custom:AudioImporter_EditorPlatform: d09bf68614088b80899f8185d706f6e7 -> 
  custom:video-encoder-webm-vp8: eb34c28f22e8b96e1ab97ce403110664 -> 
  custom:audio-decoder-ogg-vorbis: bf7c407c2cedff20999df2af8eb42d56 -> 
  custom:audio-encoder-webm-vorbis: bf7c407c2cedff20999df2af8eb42d56 -> 
========================================================================
Received Prepare
Caller must complete domain reload
Begin MonoManager ReloadAssembly
- Loaded All Assemblies, in  0.468 seconds
Native extension for WindowsStandalone target not found
Native extension for iOS target not found
Native extension for Android target not found
Mono: successfully reloaded assembly
- Finished resetting the current domain, in  1.697 seconds
Domain Reload Profiling: 2163ms
	BeginReloadAssembly (165ms)
		ExecutionOrderSort (0ms)
		DisableScriptedObjects (10ms)
		BackupInstance (0ms)
		ReleaseScriptingObjects (0ms)
		CreateAndSetChildDomain (49ms)
	RebuildCommonClasses (29ms)
	RebuildNativeTypeToScriptingClass (10ms)
	initialDomainReloadingComplete (26ms)
	LoadAllAssembliesAndSetupDomain (235ms)
		LoadAssemblies (284ms)
		RebuildTransferFunctionScriptingTraits (0ms)
		AnalyzeDomain (26ms)
			TypeCache.Refresh (8ms)
				TypeCache.ScanAssembly (0ms)
			ScanForSourceGeneratedMonoScriptInfo (0ms)
			ResolveRequiredComponents (15ms)
	FinalizeReload (1698ms)
		ReleaseScriptCaches (0ms)
		RebuildScriptCaches (0ms)
		SetupLoadedEditorAssemblies (726ms)
			LogAssemblyErrors (0ms)
			InitializePlatformSupportModulesInManaged (37ms)
			SetLoadedEditorAssemblies (5ms)
			RefreshPlugins (0ms)
			BeforeProcessingInitializeOnLoad (87ms)
			ProcessInitializeOnLoadAttributes (516ms)
			ProcessInitializeOnLoadMethodAttributes (74ms)
			AfterProcessingInitializeOnLoad (6ms)
			EditorAssembliesLoaded (1ms)
		ExecutionOrderSort2 (0ms)
		AwakeInstancesAfterBackupRestoration (19ms)
Refreshing native plugins compatible for Editor in 6.14 ms, found 4 plugins.
Preloading 0 native plugins for Editor in 0.00 ms.
Unloading 5575 Unused Serialized files (Serialized files now loaded: 0)
Unloading 35 unused Assets / (0.9 MB). Loaded Objects now: 6217.
Memory consumption went from 198.8 MB to 197.9 MB.
Total: 5.571200 ms (FindLiveObjects: 0.454200 ms CreateObjectMapping: 0.311600 ms MarkObjects: 4.106500 ms  DeleteObjects: 0.697300 ms)

Prepare: number of updated asset objects reloaded= 0
AssetImportParameters requested are different than current active one (requested -> active):
  custom:container-demuxer-ogg: 62fdf1f143b41e24485cea50d1cbac27 -> 
  custom:video-decoder-ogg-theora: a1e56fd34408186e4bbccfd4996cb3dc -> 
  custom:framework-win-MediaFoundation: 216162199b28c13a410421893ffa2e32 -> 
  custom:CustomObjectIndexerAttribute: 72b91833f83ae208fae7752999fa3104 -> 
  custom:container-demuxer-webm: 4f35f7cbe854078d1ac9338744f61a02 -> 
  custom:container-muxer-webm: aa71ff27fc2769a1b78a27578f13a17b -> 
  custom:video-decoder-webm-vp8: 9c59270c3fd7afecdb556c50c9e8de78 -> 
  custom:SearchIndexIgnoredProperties: e643bd26f0fe6173181afceb89e7c659 -> 
  custom:AudioImporter_EditorPlatform: d09bf68614088b80899f8185d706f6e7 -> 
  custom:video-encoder-webm-vp8: eb34c28f22e8b96e1ab97ce403110664 -> 
  custom:audio-decoder-ogg-vorbis: bf7c407c2cedff20999df2af8eb42d56 -> 
  custom:audio-encoder-webm-vorbis: bf7c407c2cedff20999df2af8eb42d56 -> 
========================================================================
Received Prepare
Caller must complete domain reload
Begin MonoManager ReloadAssembly
- Loaded All Assemblies, in  0.459 seconds
Native extension for WindowsStandalone target not found
Native extension for iOS target not found
Native extension for Android target not found
Mono: successfully reloaded assembly
- Finished resetting the current domain, in  1.225 seconds
Domain Reload Profiling: 1682ms
	BeginReloadAssembly (150ms)
		ExecutionOrderSort (0ms)
		DisableScriptedObjects (8ms)
		BackupInstance (0ms)
		ReleaseScriptingObjects (0ms)
		CreateAndSetChildDomain (44ms)
	RebuildCommonClasses (28ms)
	RebuildNativeTypeToScriptingClass (10ms)
	initialDomainReloadingComplete (24ms)
	LoadAllAssembliesAndSetupDomain (244ms)
		LoadAssemblies (269ms)
		RebuildTransferFunctionScriptingTraits (0ms)
		AnalyzeDomain (45ms)
			TypeCache.Refresh (11ms)
				TypeCache.ScanAssembly (0ms)
			ScanForSourceGeneratedMonoScriptInfo (22ms)
			ResolveRequiredComponents (9ms)
	FinalizeReload (1225ms)
		ReleaseScriptCaches (0ms)
		RebuildScriptCaches (0ms)
		SetupLoadedEditorAssemblies (529ms)
			LogAssemblyErrors (0ms)
			InitializePlatformSupportModulesInManaged (26ms)
			SetLoadedEditorAssemblies (3ms)
			RefreshPlugins (0ms)
			BeforeProcessingInitializeOnLoad (64ms)
			ProcessInitializeOnLoadAttributes (371ms)
			ProcessInitializeOnLoadMethodAttributes (59ms)
			AfterProcessingInitializeOnLoad (6ms)
			EditorAssembliesLoaded (0ms)
		ExecutionOrderSort2 (0ms)
		AwakeInstancesAfterBackupRestoration (13ms)
Refreshing native plugins compatible for Editor in 3.62 ms, found 4 plugins.
Preloading 0 native plugins for Editor in 0.00 ms.
Unloading 5575 Unused Serialized files (Serialized files now loaded: 0)
Unloading 35 unused Assets / (0.9 MB). Loaded Objects now: 6222.
Memory consumption went from 198.8 MB to 197.9 MB.
Total: 4.449800 ms (FindLiveObjects: 0.414500 ms CreateObjectMapping: 0.232000 ms MarkObjects: 3.389400 ms  DeleteObjects: 0.412200 ms)

Prepare: number of updated asset objects reloaded= 0
AssetImportParameters requested are different than current active one (requested -> active):
  custom:container-demuxer-ogg: 62fdf1f143b41e24485cea50d1cbac27 -> 
  custom:video-decoder-ogg-theora: a1e56fd34408186e4bbccfd4996cb3dc -> 
  custom:framework-win-MediaFoundation: 216162199b28c13a410421893ffa2e32 -> 
  custom:CustomObjectIndexerAttribute: 72b91833f83ae208fae7752999fa3104 -> 
  custom:container-demuxer-webm: 4f35f7cbe854078d1ac9338744f61a02 -> 
  custom:container-muxer-webm: aa71ff27fc2769a1b78a27578f13a17b -> 
  custom:video-decoder-webm-vp8: 9c59270c3fd7afecdb556c50c9e8de78 -> 
  custom:SearchIndexIgnoredProperties: e643bd26f0fe6173181afceb89e7c659 -> 
  custom:AudioImporter_EditorPlatform: d09bf68614088b80899f8185d706f6e7 -> 
  custom:video-encoder-webm-vp8: eb34c28f22e8b96e1ab97ce403110664 -> 
  custom:audio-decoder-ogg-vorbis: bf7c407c2cedff20999df2af8eb42d56 -> 
  custom:audio-encoder-webm-vorbis: bf7c407c2cedff20999df2af8eb42d56 -> 
========================================================================
Received Prepare
Caller must complete domain reload
Begin MonoManager ReloadAssembly
- Loaded All Assemblies, in  0.413 seconds
Native extension for WindowsStandalone target not found
Native extension for iOS target not found
Native extension for Android target not found
Mono: successfully reloaded assembly
- Finished resetting the current domain, in  1.457 seconds
Domain Reload Profiling: 1867ms
	BeginReloadAssembly (143ms)
		ExecutionOrderSort (0ms)
		DisableScriptedObjects (9ms)
		BackupInstance (0ms)
		ReleaseScriptingObjects (0ms)
		CreateAndSetChildDomain (37ms)
	RebuildCommonClasses (28ms)
	RebuildNativeTypeToScriptingClass (9ms)
	initialDomainReloadingComplete (24ms)
	LoadAllAssembliesAndSetupDomain (206ms)
		LoadAssemblies (254ms)
		RebuildTransferFunctionScriptingTraits (0ms)
		AnalyzeDomain (20ms)
			TypeCache.Refresh (7ms)
				TypeCache.ScanAssembly (0ms)
			ScanForSourceGeneratedMonoScriptInfo (0ms)
			ResolveRequiredComponents (9ms)
	FinalizeReload (1457ms)
		ReleaseScriptCaches (0ms)
		RebuildScriptCaches (0ms)
		SetupLoadedEditorAssemblies (721ms)
			LogAssemblyErrors (0ms)
			InitializePlatformSupportModulesInManaged (37ms)
			SetLoadedEditorAssemblies (4ms)
			RefreshPlugins (0ms)
			BeforeProcessingInitializeOnLoad (82ms)
			ProcessInitializeOnLoadAttributes (509ms)
			ProcessInitializeOnLoadMethodAttributes (82ms)
			AfterProcessingInitializeOnLoad (6ms)
			EditorAssembliesLoaded (0ms)
		ExecutionOrderSort2 (0ms)
		AwakeInstancesAfterBackupRestoration (19ms)
Refreshing native plugins compatible for Editor in 8.52 ms, found 4 plugins.
Preloading 0 native plugins for Editor in 0.00 ms.
Unloading 5575 Unused Serialized files (Serialized files now loaded: 0)
Unloading 35 unused Assets / (0.9 MB). Loaded Objects now: 6227.
Memory consumption went from 198.8 MB to 198.0 MB.
Total: 5.133200 ms (FindLiveObjects: 0.504600 ms CreateObjectMapping: 0.255800 ms MarkObjects: 3.620400 ms  DeleteObjects: 0.750500 ms)

Prepare: number of updated asset objects reloaded= 0
AssetImportParameters requested are different than current active one (requested -> active):
  custom:container-demuxer-ogg: 62fdf1f143b41e24485cea50d1cbac27 -> 
  custom:video-decoder-ogg-theora: a1e56fd34408186e4bbccfd4996cb3dc -> 
  custom:framework-win-MediaFoundation: 216162199b28c13a410421893ffa2e32 -> 
  custom:CustomObjectIndexerAttribute: 72b91833f83ae208fae7752999fa3104 -> 
  custom:container-demuxer-webm: 4f35f7cbe854078d1ac9338744f61a02 -> 
  custom:container-muxer-webm: aa71ff27fc2769a1b78a27578f13a17b -> 
  custom:video-decoder-webm-vp8: 9c59270c3fd7afecdb556c50c9e8de78 -> 
  custom:SearchIndexIgnoredProperties: e643bd26f0fe6173181afceb89e7c659 -> 
  custom:AudioImporter_EditorPlatform: d09bf68614088b80899f8185d706f6e7 -> 
  custom:video-encoder-webm-vp8: eb34c28f22e8b96e1ab97ce403110664 -> 
  custom:audio-decoder-ogg-vorbis: bf7c407c2cedff20999df2af8eb42d56 -> 
  custom:audio-encoder-webm-vorbis: bf7c407c2cedff20999df2af8eb42d56 -> 
========================================================================
Received Prepare
Caller must complete domain reload
Begin MonoManager ReloadAssembly
- Loaded All Assemblies, in  0.464 seconds
Native extension for WindowsStandalone target not found
Native extension for iOS target not found
Native extension for Android target not found
Mono: successfully reloaded assembly
- Finished resetting the current domain, in  1.215 seconds
Domain Reload Profiling: 1676ms
	BeginReloadAssembly (144ms)
		ExecutionOrderSort (0ms)
		DisableScriptedObjects (9ms)
		BackupInstance (0ms)
		ReleaseScriptingObjects (0ms)
		CreateAndSetChildDomain (37ms)
	RebuildCommonClasses (28ms)
	RebuildNativeTypeToScriptingClass (10ms)
	initialDomainReloadingComplete (24ms)
	LoadAllAssembliesAndSetupDomain (255ms)
		LoadAssemblies (281ms)
		RebuildTransferFunctionScriptingTraits (0ms)
		AnalyzeDomain (43ms)
			TypeCache.Refresh (10ms)
				TypeCache.ScanAssembly (0ms)
			ScanForSourceGeneratedMonoScriptInfo (20ms)
			ResolveRequiredComponents (10ms)
	FinalizeReload (1215ms)
		ReleaseScriptCaches (0ms)
		RebuildScriptCaches (0ms)
		SetupLoadedEditorAssemblies (496ms)
			LogAssemblyErrors (0ms)
			InitializePlatformSupportModulesInManaged (28ms)
			SetLoadedEditorAssemblies (3ms)
			RefreshPlugins (0ms)
			BeforeProcessingInitializeOnLoad (64ms)
			ProcessInitializeOnLoadAttributes (346ms)
			ProcessInitializeOnLoadMethodAttributes (52ms)
			AfterProcessingInitializeOnLoad (4ms)
			EditorAssembliesLoaded (0ms)
		ExecutionOrderSort2 (0ms)
		AwakeInstancesAfterBackupRestoration (13ms)
Refreshing native plugins compatible for Editor in 4.95 ms, found 4 plugins.
Preloading 0 native plugins for Editor in 0.00 ms.
Unloading 5575 Unused Serialized files (Serialized files now loaded: 0)
Unloading 35 unused Assets / (0.9 MB). Loaded Objects now: 6232.
Memory consumption went from 198.8 MB to 198.0 MB.
Total: 5.900600 ms (FindLiveObjects: 0.473300 ms CreateObjectMapping: 0.287000 ms MarkObjects: 4.544000 ms  DeleteObjects: 0.594200 ms)

Prepare: number of updated asset objects reloaded= 0
AssetImportParameters requested are different than current active one (requested -> active):
  custom:container-demuxer-ogg: 62fdf1f143b41e24485cea50d1cbac27 -> 
  custom:video-decoder-ogg-theora: a1e56fd34408186e4bbccfd4996cb3dc -> 
  custom:framework-win-MediaFoundation: 216162199b28c13a410421893ffa2e32 -> 
  custom:CustomObjectIndexerAttribute: 72b91833f83ae208fae7752999fa3104 -> 
  custom:container-demuxer-webm: 4f35f7cbe854078d1ac9338744f61a02 -> 
  custom:container-muxer-webm: aa71ff27fc2769a1b78a27578f13a17b -> 
  custom:video-decoder-webm-vp8: 9c59270c3fd7afecdb556c50c9e8de78 -> 
  custom:SearchIndexIgnoredProperties: e643bd26f0fe6173181afceb89e7c659 -> 
  custom:AudioImporter_EditorPlatform: d09bf68614088b80899f8185d706f6e7 -> 
  custom:video-encoder-webm-vp8: eb34c28f22e8b96e1ab97ce403110664 -> 
  custom:audio-decoder-ogg-vorbis: bf7c407c2cedff20999df2af8eb42d56 -> 
  custom:audio-encoder-webm-vorbis: bf7c407c2cedff20999df2af8eb42d56 -> 
========================================================================
Received Prepare
Caller must complete domain reload
Begin MonoManager ReloadAssembly
- Loaded All Assemblies, in  0.420 seconds
Native extension for WindowsStandalone target not found
Native extension for iOS target not found
Native extension for Android target not found
Mono: successfully reloaded assembly
- Finished resetting the current domain, in  1.514 seconds
Domain Reload Profiling: 1932ms
	BeginReloadAssembly (140ms)
		ExecutionOrderSort (0ms)
		DisableScriptedObjects (9ms)
		BackupInstance (0ms)
		ReleaseScriptingObjects (0ms)
		CreateAndSetChildDomain (38ms)
	RebuildCommonClasses (29ms)
	RebuildNativeTypeToScriptingClass (9ms)
	initialDomainReloadingComplete (25ms)
	LoadAllAssembliesAndSetupDomain (214ms)
		LoadAssemblies (258ms)
		RebuildTransferFunctionScriptingTraits (0ms)
		AnalyzeDomain (20ms)
			TypeCache.Refresh (7ms)
				TypeCache.ScanAssembly (0ms)
			ScanForSourceGeneratedMonoScriptInfo (0ms)
			ResolveRequiredComponents (10ms)
	FinalizeReload (1515ms)
		ReleaseScriptCaches (0ms)
		RebuildScriptCaches (0ms)
		SetupLoadedEditorAssemblies (763ms)
			LogAssemblyErrors (0ms)
			InitializePlatformSupportModulesInManaged (34ms)
			SetLoadedEditorAssemblies (3ms)
			RefreshPlugins (0ms)
			BeforeProcessingInitializeOnLoad (85ms)
			ProcessInitializeOnLoadAttributes (545ms)
			ProcessInitializeOnLoadMethodAttributes (89ms)
			AfterProcessingInitializeOnLoad (7ms)
			EditorAssembliesLoaded (0ms)
		ExecutionOrderSort2 (0ms)
		AwakeInstancesAfterBackupRestoration (20ms)
Refreshing native plugins compatible for Editor in 5.85 ms, found 4 plugins.
Preloading 0 native plugins for Editor in 0.00 ms.
Unloading 5575 Unused Serialized files (Serialized files now loaded: 0)
Unloading 35 unused Assets / (0.9 MB). Loaded Objects now: 6237.
Memory consumption went from 198.8 MB to 198.0 MB.
Total: 6.194100 ms (FindLiveObjects: 0.701700 ms CreateObjectMapping: 0.477400 ms MarkObjects: 4.575300 ms  DeleteObjects: 0.437900 ms)

Prepare: number of updated asset objects reloaded= 0
AssetImportParameters requested are different than current active one (requested -> active):
  custom:container-demuxer-ogg: 62fdf1f143b41e24485cea50d1cbac27 -> 
  custom:video-decoder-ogg-theora: a1e56fd34408186e4bbccfd4996cb3dc -> 
  custom:framework-win-MediaFoundation: 216162199b28c13a410421893ffa2e32 -> 
  custom:CustomObjectIndexerAttribute: 72b91833f83ae208fae7752999fa3104 -> 
  custom:container-demuxer-webm: 4f35f7cbe854078d1ac9338744f61a02 -> 
  custom:container-muxer-webm: aa71ff27fc2769a1b78a27578f13a17b -> 
  custom:video-decoder-webm-vp8: 9c59270c3fd7afecdb556c50c9e8de78 -> 
  custom:SearchIndexIgnoredProperties: e643bd26f0fe6173181afceb89e7c659 -> 
  custom:AudioImporter_EditorPlatform: d09bf68614088b80899f8185d706f6e7 -> 
  custom:video-encoder-webm-vp8: eb34c28f22e8b96e1ab97ce403110664 -> 
  custom:audio-decoder-ogg-vorbis: bf7c407c2cedff20999df2af8eb42d56 -> 
  custom:audio-encoder-webm-vorbis: bf7c407c2cedff20999df2af8eb42d56 -> 
========================================================================
Received Prepare
Caller must complete domain reload
Begin MonoManager ReloadAssembly
- Loaded All Assemblies, in  0.458 seconds
Native extension for WindowsStandalone target not found
Native extension for iOS target not found
Native extension for Android target not found
Mono: successfully reloaded assembly
- Finished resetting the current domain, in  1.242 seconds
Domain Reload Profiling: 1698ms
	BeginReloadAssembly (142ms)
		ExecutionOrderSort (0ms)
		DisableScriptedObjects (8ms)
		BackupInstance (0ms)
		ReleaseScriptingObjects (0ms)
		CreateAndSetChildDomain (40ms)
	RebuildCommonClasses (28ms)
	RebuildNativeTypeToScriptingClass (9ms)
	initialDomainReloadingComplete (26ms)
	LoadAllAssembliesAndSetupDomain (250ms)
		LoadAssemblies (276ms)
		RebuildTransferFunctionScriptingTraits (0ms)
		AnalyzeDomain (41ms)
			TypeCache.Refresh (10ms)
				TypeCache.ScanAssembly (0ms)
			ScanForSourceGeneratedMonoScriptInfo (19ms)
			ResolveRequiredComponents (9ms)
	FinalizeReload (1242ms)
		ReleaseScriptCaches (0ms)
		RebuildScriptCaches (0ms)
		SetupLoadedEditorAssemblies (509ms)
			LogAssemblyErrors (0ms)
			InitializePlatformSupportModulesInManaged (31ms)
			SetLoadedEditorAssemblies (3ms)
			RefreshPlugins (0ms)
			BeforeProcessingInitializeOnLoad (63ms)
			ProcessInitializeOnLoadAttributes (354ms)
			ProcessInitializeOnLoadMethodAttributes (53ms)
			AfterProcessingInitializeOnLoad (5ms)
			EditorAssembliesLoaded (0ms)
		ExecutionOrderSort2 (0ms)
		AwakeInstancesAfterBackupRestoration (13ms)
Refreshing native plugins compatible for Editor in 3.18 ms, found 4 plugins.
Preloading 0 native plugins for Editor in 0.00 ms.
Unloading 5575 Unused Serialized files (Serialized files now loaded: 0)
Unloading 35 unused Assets / (0.9 MB). Loaded Objects now: 6242.
Memory consumption went from 198.8 MB to 198.0 MB.
Total: 3.613200 ms (FindLiveObjects: 0.374900 ms CreateObjectMapping: 0.211700 ms MarkObjects: 2.691800 ms  DeleteObjects: 0.333500 ms)

Prepare: number of updated asset objects reloaded= 0
AssetImportParameters requested are different than current active one (requested -> active):
  custom:container-demuxer-ogg: 62fdf1f143b41e24485cea50d1cbac27 -> 
  custom:video-decoder-ogg-theora: a1e56fd34408186e4bbccfd4996cb3dc -> 
  custom:framework-win-MediaFoundation: 216162199b28c13a410421893ffa2e32 -> 
  custom:CustomObjectIndexerAttribute: 72b91833f83ae208fae7752999fa3104 -> 
  custom:container-demuxer-webm: 4f35f7cbe854078d1ac9338744f61a02 -> 
  custom:container-muxer-webm: aa71ff27fc2769a1b78a27578f13a17b -> 
  custom:video-decoder-webm-vp8: 9c59270c3fd7afecdb556c50c9e8de78 -> 
  custom:SearchIndexIgnoredProperties: e643bd26f0fe6173181afceb89e7c659 -> 
  custom:AudioImporter_EditorPlatform: d09bf68614088b80899f8185d706f6e7 -> 
  custom:video-encoder-webm-vp8: eb34c28f22e8b96e1ab97ce403110664 -> 
  custom:audio-decoder-ogg-vorbis: bf7c407c2cedff20999df2af8eb42d56 -> 
  custom:audio-encoder-webm-vorbis: bf7c407c2cedff20999df2af8eb42d56 -> 
========================================================================
Received Prepare
Caller must complete domain reload
Begin MonoManager ReloadAssembly
- Loaded All Assemblies, in  0.416 seconds
Native extension for WindowsStandalone target not found
Native extension for iOS target not found
Native extension for Android target not found
Mono: successfully reloaded assembly
- Finished resetting the current domain, in  1.478 seconds
Domain Reload Profiling: 1891ms
	BeginReloadAssembly (139ms)
		ExecutionOrderSort (0ms)
		DisableScriptedObjects (8ms)
		BackupInstance (0ms)
		ReleaseScriptingObjects (0ms)
		CreateAndSetChildDomain (37ms)
	RebuildCommonClasses (28ms)
	RebuildNativeTypeToScriptingClass (10ms)
	initialDomainReloadingComplete (25ms)
	LoadAllAssembliesAndSetupDomain (211ms)
		LoadAssemblies (257ms)
		RebuildTransferFunctionScriptingTraits (0ms)
		AnalyzeDomain (20ms)
			TypeCache.Refresh (7ms)
				TypeCache.ScanAssembly (0ms)
			ScanForSourceGeneratedMonoScriptInfo (0ms)
			ResolveRequiredComponents (9ms)
	FinalizeReload (1479ms)
		ReleaseScriptCaches (0ms)
		RebuildScriptCaches (0ms)
		SetupLoadedEditorAssemblies (696ms)
			LogAssemblyErrors (0ms)
			InitializePlatformSupportModulesInManaged (39ms)
			SetLoadedEditorAssemblies (5ms)
			RefreshPlugins (0ms)
			BeforeProcessingInitializeOnLoad (84ms)
			ProcessInitializeOnLoadAttributes (488ms)
			ProcessInitializeOnLoadMethodAttributes (74ms)
			AfterProcessingInitializeOnLoad (6ms)
			EditorAssembliesLoaded (0ms)
		ExecutionOrderSort2 (0ms)
		AwakeInstancesAfterBackupRestoration (17ms)
Refreshing native plugins compatible for Editor in 5.30 ms, found 4 plugins.
Preloading 0 native plugins for Editor in 0.00 ms.
Unloading 5575 Unused Serialized files (Serialized files now loaded: 0)
Unloading 35 unused Assets / (0.9 MB). Loaded Objects now: 6247.
Memory consumption went from 198.8 MB to 197.9 MB.
Total: 4.904700 ms (FindLiveObjects: 0.633600 ms CreateObjectMapping: 0.475600 ms MarkObjects: 3.392800 ms  DeleteObjects: 0.401500 ms)

Prepare: number of updated asset objects reloaded= 0
AssetImportParameters requested are different than current active one (requested -> active):
  custom:container-demuxer-ogg: 62fdf1f143b41e24485cea50d1cbac27 -> 
  custom:video-decoder-ogg-theora: a1e56fd34408186e4bbccfd4996cb3dc -> 
  custom:framework-win-MediaFoundation: 216162199b28c13a410421893ffa2e32 -> 
  custom:CustomObjectIndexerAttribute: 72b91833f83ae208fae7752999fa3104 -> 
  custom:container-demuxer-webm: 4f35f7cbe854078d1ac9338744f61a02 -> 
  custom:container-muxer-webm: aa71ff27fc2769a1b78a27578f13a17b -> 
  custom:video-decoder-webm-vp8: 9c59270c3fd7afecdb556c50c9e8de78 -> 
  custom:SearchIndexIgnoredProperties: e643bd26f0fe6173181afceb89e7c659 -> 
  custom:AudioImporter_EditorPlatform: d09bf68614088b80899f8185d706f6e7 -> 
  custom:video-encoder-webm-vp8: eb34c28f22e8b96e1ab97ce403110664 -> 
  custom:audio-decoder-ogg-vorbis: bf7c407c2cedff20999df2af8eb42d56 -> 
  custom:audio-encoder-webm-vorbis: bf7c407c2cedff20999df2af8eb42d56 -> 
========================================================================
Received Prepare
Caller must complete domain reload
Begin MonoManager ReloadAssembly
- Loaded All Assemblies, in  0.510 seconds
Native extension for WindowsStandalone target not found
Native extension for iOS target not found
Native extension for Android target not found
Mono: successfully reloaded assembly
- Finished resetting the current domain, in  1.249 seconds
Domain Reload Profiling: 1756ms
	BeginReloadAssembly (156ms)
		ExecutionOrderSort (0ms)
		DisableScriptedObjects (9ms)
		BackupInstance (0ms)
		ReleaseScriptingObjects (0ms)
		CreateAndSetChildDomain (36ms)
	RebuildCommonClasses (62ms)
	RebuildNativeTypeToScriptingClass (17ms)
	initialDomainReloadingComplete (38ms)
	LoadAllAssembliesAndSetupDomain (233ms)
		LoadAssemblies (267ms)
		RebuildTransferFunctionScriptingTraits (0ms)
		AnalyzeDomain (45ms)
			TypeCache.Refresh (10ms)
				TypeCache.ScanAssembly (0ms)
			ScanForSourceGeneratedMonoScriptInfo (21ms)
			ResolveRequiredComponents (11ms)
	FinalizeReload (1250ms)
		ReleaseScriptCaches (0ms)
		RebuildScriptCaches (0ms)
		SetupLoadedEditorAssemblies (560ms)
			LogAssemblyErrors (0ms)
			InitializePlatformSupportModulesInManaged (27ms)
			SetLoadedEditorAssemblies (3ms)
			RefreshPlugins (0ms)
			BeforeProcessingInitializeOnLoad (68ms)
			ProcessInitializeOnLoadAttributes (402ms)
			ProcessInitializeOnLoadMethodAttributes (54ms)
			AfterProcessingInitializeOnLoad (5ms)
			EditorAssembliesLoaded (0ms)
		ExecutionOrderSort2 (0ms)
		AwakeInstancesAfterBackupRestoration (14ms)
Refreshing native plugins compatible for Editor in 3.07 ms, found 4 plugins.
Preloading 0 native plugins for Editor in 0.00 ms.
Unloading 5575 Unused Serialized files (Serialized files now loaded: 0)
Unloading 35 unused Assets / (0.9 MB). Loaded Objects now: 6252.
Memory consumption went from 198.9 MB to 198.0 MB.
Total: 4.605700 ms (FindLiveObjects: 0.439300 ms CreateObjectMapping: 0.254500 ms MarkObjects: 3.524100 ms  DeleteObjects: 0.386600 ms)

Prepare: number of updated asset objects reloaded= 0
AssetImportParameters requested are different than current active one (requested -> active):
  custom:container-demuxer-ogg: 62fdf1f143b41e24485cea50d1cbac27 -> 
  custom:video-decoder-ogg-theora: a1e56fd34408186e4bbccfd4996cb3dc -> 
  custom:framework-win-MediaFoundation: 216162199b28c13a410421893ffa2e32 -> 
  custom:CustomObjectIndexerAttribute: 72b91833f83ae208fae7752999fa3104 -> 
  custom:container-demuxer-webm: 4f35f7cbe854078d1ac9338744f61a02 -> 
  custom:container-muxer-webm: aa71ff27fc2769a1b78a27578f13a17b -> 
  custom:video-decoder-webm-vp8: 9c59270c3fd7afecdb556c50c9e8de78 -> 
  custom:SearchIndexIgnoredProperties: e643bd26f0fe6173181afceb89e7c659 -> 
  custom:AudioImporter_EditorPlatform: d09bf68614088b80899f8185d706f6e7 -> 
  custom:video-encoder-webm-vp8: eb34c28f22e8b96e1ab97ce403110664 -> 
  custom:audio-decoder-ogg-vorbis: bf7c407c2cedff20999df2af8eb42d56 -> 
  custom:audio-encoder-webm-vorbis: bf7c407c2cedff20999df2af8eb42d56 -> 
========================================================================
Received Prepare
Caller must complete domain reload
Begin MonoManager ReloadAssembly
- Loaded All Assemblies, in  0.541 seconds
Native extension for WindowsStandalone target not found
Native extension for iOS target not found
Native extension for Android target not found
Mono: successfully reloaded assembly
- Finished resetting the current domain, in  1.620 seconds
Domain Reload Profiling: 2158ms
	BeginReloadAssembly (174ms)
		ExecutionOrderSort (0ms)
		DisableScriptedObjects (9ms)
		BackupInstance (0ms)
		ReleaseScriptingObjects (0ms)
		CreateAndSetChildDomain (38ms)
	RebuildCommonClasses (29ms)
	RebuildNativeTypeToScriptingClass (11ms)
	initialDomainReloadingComplete (30ms)
	LoadAllAssembliesAndSetupDomain (293ms)
		LoadAssemblies (368ms)
		RebuildTransferFunctionScriptingTraits (0ms)
		AnalyzeDomain (22ms)
			TypeCache.Refresh (8ms)
				TypeCache.ScanAssembly (0ms)
			ScanForSourceGeneratedMonoScriptInfo (0ms)
			ResolveRequiredComponents (10ms)
	FinalizeReload (1621ms)
		ReleaseScriptCaches (0ms)
		RebuildScriptCaches (0ms)
		SetupLoadedEditorAssemblies (819ms)
			LogAssemblyErrors (0ms)
			InitializePlatformSupportModulesInManaged (40ms)
			SetLoadedEditorAssemblies (3ms)
			RefreshPlugins (0ms)
			BeforeProcessingInitializeOnLoad (95ms)
			ProcessInitializeOnLoadAttributes (596ms)
			ProcessInitializeOnLoadMethodAttributes (76ms)
			AfterProcessingInitializeOnLoad (7ms)
			EditorAssembliesLoaded (0ms)
		ExecutionOrderSort2 (0ms)
		AwakeInstancesAfterBackupRestoration (18ms)
Refreshing native plugins compatible for Editor in 4.71 ms, found 4 plugins.
Preloading 0 native plugins for Editor in 0.00 ms.
Unloading 5575 Unused Serialized files (Serialized files now loaded: 0)
Unloading 35 unused Assets / (0.9 MB). Loaded Objects now: 6257.
Memory consumption went from 198.9 MB to 198.0 MB.
Total: 4.526200 ms (FindLiveObjects: 0.499400 ms CreateObjectMapping: 0.396900 ms MarkObjects: 3.255400 ms  DeleteObjects: 0.373100 ms)

Prepare: number of updated asset objects reloaded= 0
AssetImportParameters requested are different than current active one (requested -> active):
  custom:container-demuxer-ogg: 62fdf1f143b41e24485cea50d1cbac27 -> 
  custom:video-decoder-ogg-theora: a1e56fd34408186e4bbccfd4996cb3dc -> 
  custom:framework-win-MediaFoundation: 216162199b28c13a410421893ffa2e32 -> 
  custom:CustomObjectIndexerAttribute: 72b91833f83ae208fae7752999fa3104 -> 
  custom:container-demuxer-webm: 4f35f7cbe854078d1ac9338744f61a02 -> 
  custom:container-muxer-webm: aa71ff27fc2769a1b78a27578f13a17b -> 
  custom:video-decoder-webm-vp8: 9c59270c3fd7afecdb556c50c9e8de78 -> 
  custom:SearchIndexIgnoredProperties: e643bd26f0fe6173181afceb89e7c659 -> 
  custom:AudioImporter_EditorPlatform: d09bf68614088b80899f8185d706f6e7 -> 
  custom:video-encoder-webm-vp8: eb34c28f22e8b96e1ab97ce403110664 -> 
  custom:audio-decoder-ogg-vorbis: bf7c407c2cedff20999df2af8eb42d56 -> 
  custom:audio-encoder-webm-vorbis: bf7c407c2cedff20999df2af8eb42d56 -> 
========================================================================
Received Prepare
Caller must complete domain reload
Begin MonoManager ReloadAssembly
- Loaded All Assemblies, in  0.452 seconds
Native extension for WindowsStandalone target not found
Native extension for iOS target not found
Native extension for Android target not found
Mono: successfully reloaded assembly
- Finished resetting the current domain, in  1.233 seconds
Domain Reload Profiling: 1681ms
	BeginReloadAssembly (142ms)
		ExecutionOrderSort (0ms)
		DisableScriptedObjects (10ms)
		BackupInstance (0ms)
		ReleaseScriptingObjects (0ms)
		CreateAndSetChildDomain (36ms)
	RebuildCommonClasses (31ms)
	RebuildNativeTypeToScriptingClass (10ms)
	initialDomainReloadingComplete (30ms)
	LoadAllAssembliesAndSetupDomain (234ms)
		LoadAssemblies (261ms)
		RebuildTransferFunctionScriptingTraits (0ms)
		AnalyzeDomain (42ms)
			TypeCache.Refresh (11ms)
				TypeCache.ScanAssembly (0ms)
			ScanForSourceGeneratedMonoScriptInfo (20ms)
			ResolveRequiredComponents (10ms)
	FinalizeReload (1234ms)
		ReleaseScriptCaches (0ms)
		RebuildScriptCaches (0ms)
		SetupLoadedEditorAssemblies (535ms)
			LogAssemblyErrors (0ms)
			InitializePlatformSupportModulesInManaged (28ms)
			SetLoadedEditorAssemblies (4ms)
			RefreshPlugins (0ms)
			BeforeProcessingInitializeOnLoad (71ms)
			ProcessInitializeOnLoadAttributes (372ms)
			ProcessInitializeOnLoadMethodAttributes (55ms)
			AfterProcessingInitializeOnLoad (4ms)
			EditorAssembliesLoaded (0ms)
		ExecutionOrderSort2 (0ms)
		AwakeInstancesAfterBackupRestoration (15ms)
Refreshing native plugins compatible for Editor in 4.60 ms, found 4 plugins.
Preloading 0 native plugins for Editor in 0.00 ms.
Unloading 5575 Unused Serialized files (Serialized files now loaded: 0)
Unloading 35 unused Assets / (0.9 MB). Loaded Objects now: 6262.
Memory consumption went from 198.9 MB to 198.0 MB.
Total: 4.100400 ms (FindLiveObjects: 0.400000 ms CreateObjectMapping: 0.233800 ms MarkObjects: 3.032900 ms  DeleteObjects: 0.432400 ms)

Prepare: number of updated asset objects reloaded= 0
AssetImportParameters requested are different than current active one (requested -> active):
  custom:container-demuxer-ogg: 62fdf1f143b41e24485cea50d1cbac27 -> 
  custom:video-decoder-ogg-theora: a1e56fd34408186e4bbccfd4996cb3dc -> 
  custom:framework-win-MediaFoundation: 216162199b28c13a410421893ffa2e32 -> 
  custom:CustomObjectIndexerAttribute: 72b91833f83ae208fae7752999fa3104 -> 
  custom:container-demuxer-webm: 4f35f7cbe854078d1ac9338744f61a02 -> 
  custom:container-muxer-webm: aa71ff27fc2769a1b78a27578f13a17b -> 
  custom:video-decoder-webm-vp8: 9c59270c3fd7afecdb556c50c9e8de78 -> 
  custom:SearchIndexIgnoredProperties: e643bd26f0fe6173181afceb89e7c659 -> 
  custom:AudioImporter_EditorPlatform: d09bf68614088b80899f8185d706f6e7 -> 
  custom:video-encoder-webm-vp8: eb34c28f22e8b96e1ab97ce403110664 -> 
  custom:audio-decoder-ogg-vorbis: bf7c407c2cedff20999df2af8eb42d56 -> 
  custom:audio-encoder-webm-vorbis: bf7c407c2cedff20999df2af8eb42d56 -> 
========================================================================
Received Prepare
Caller must complete domain reload
Begin MonoManager ReloadAssembly
- Loaded All Assemblies, in  0.484 seconds
Native extension for WindowsStandalone target not found
Native extension for iOS target not found
Native extension for Android target not found
Mono: successfully reloaded assembly
- Finished resetting the current domain, in  1.289 seconds
Domain Reload Profiling: 1771ms
	BeginReloadAssembly (142ms)
		ExecutionOrderSort (0ms)
		DisableScriptedObjects (12ms)
		BackupInstance (0ms)
		ReleaseScriptingObjects (0ms)
		CreateAndSetChildDomain (37ms)
	RebuildCommonClasses (28ms)
	RebuildNativeTypeToScriptingClass (11ms)
	initialDomainReloadingComplete (33ms)
	LoadAllAssembliesAndSetupDomain (268ms)
		LoadAssemblies (291ms)
		RebuildTransferFunctionScriptingTraits (0ms)
		AnalyzeDomain (42ms)
			TypeCache.Refresh (9ms)
				TypeCache.ScanAssembly (0ms)
			ScanForSourceGeneratedMonoScriptInfo (20ms)
			ResolveRequiredComponents (9ms)
	FinalizeReload (1289ms)
		ReleaseScriptCaches (0ms)
		RebuildScriptCaches (0ms)
		SetupLoadedEditorAssemblies (594ms)
			LogAssemblyErrors (0ms)
			InitializePlatformSupportModulesInManaged (29ms)
			SetLoadedEditorAssemblies (3ms)
			RefreshPlugins (0ms)
			BeforeProcessingInitializeOnLoad (66ms)
			ProcessInitializeOnLoadAttributes (432ms)
			ProcessInitializeOnLoadMethodAttributes (57ms)
			AfterProcessingInitializeOnLoad (6ms)
			EditorAssembliesLoaded (0ms)
		ExecutionOrderSort2 (0ms)
		AwakeInstancesAfterBackupRestoration (14ms)
Refreshing native plugins compatible for Editor in 3.59 ms, found 4 plugins.
Preloading 0 native plugins for Editor in 0.00 ms.
Unloading 5575 Unused Serialized files (Serialized files now loaded: 0)
Unloading 35 unused Assets / (0.9 MB). Loaded Objects now: 6267.
Memory consumption went from 198.9 MB to 198.0 MB.
Total: 4.222100 ms (FindLiveObjects: 0.462600 ms CreateObjectMapping: 0.286900 ms MarkObjects: 2.974500 ms  DeleteObjects: 0.496500 ms)

Prepare: number of updated asset objects reloaded= 0
AssetImportParameters requested are different than current active one (requested -> active):
  custom:container-demuxer-ogg: 62fdf1f143b41e24485cea50d1cbac27 -> 
  custom:video-decoder-ogg-theora: a1e56fd34408186e4bbccfd4996cb3dc -> 
  custom:framework-win-MediaFoundation: 216162199b28c13a410421893ffa2e32 -> 
  custom:CustomObjectIndexerAttribute: 72b91833f83ae208fae7752999fa3104 -> 
  custom:container-demuxer-webm: 4f35f7cbe854078d1ac9338744f61a02 -> 
  custom:container-muxer-webm: aa71ff27fc2769a1b78a27578f13a17b -> 
  custom:video-decoder-webm-vp8: 9c59270c3fd7afecdb556c50c9e8de78 -> 
  custom:SearchIndexIgnoredProperties: e643bd26f0fe6173181afceb89e7c659 -> 
  custom:AudioImporter_EditorPlatform: d09bf68614088b80899f8185d706f6e7 -> 
  custom:video-encoder-webm-vp8: eb34c28f22e8b96e1ab97ce403110664 -> 
  custom:audio-decoder-ogg-vorbis: bf7c407c2cedff20999df2af8eb42d56 -> 
  custom:audio-encoder-webm-vorbis: bf7c407c2cedff20999df2af8eb42d56 -> 
========================================================================
Received Prepare
Caller must complete domain reload
Begin MonoManager ReloadAssembly
- Loaded All Assemblies, in  0.437 seconds
Native extension for WindowsStandalone target not found
Native extension for iOS target not found
Native extension for Android target not found
Mono: successfully reloaded assembly
- Finished resetting the current domain, in  1.692 seconds
Domain Reload Profiling: 2126ms
	BeginReloadAssembly (141ms)
		ExecutionOrderSort (0ms)
		DisableScriptedObjects (8ms)
		BackupInstance (0ms)
		ReleaseScriptingObjects (0ms)
		CreateAndSetChildDomain (36ms)
	RebuildCommonClasses (39ms)
	RebuildNativeTypeToScriptingClass (13ms)
	initialDomainReloadingComplete (31ms)
	LoadAllAssembliesAndSetupDomain (210ms)
		LoadAssemblies (254ms)
		RebuildTransferFunctionScriptingTraits (0ms)
		AnalyzeDomain (24ms)
			TypeCache.Refresh (6ms)
				TypeCache.ScanAssembly (0ms)
			ScanForSourceGeneratedMonoScriptInfo (0ms)
			ResolveRequiredComponents (14ms)
	FinalizeReload (1692ms)
		ReleaseScriptCaches (0ms)
		RebuildScriptCaches (0ms)
		SetupLoadedEditorAssemblies (793ms)
			LogAssemblyErrors (0ms)
			InitializePlatformSupportModulesInManaged (48ms)
			SetLoadedEditorAssemblies (5ms)
			RefreshPlugins (0ms)
			BeforeProcessingInitializeOnLoad (87ms)
			ProcessInitializeOnLoadAttributes (564ms)
			ProcessInitializeOnLoadMethodAttributes (84ms)
			AfterProcessingInitializeOnLoad (5ms)
			EditorAssembliesLoaded (0ms)
		ExecutionOrderSort2 (0ms)
		AwakeInstancesAfterBackupRestoration (18ms)
Refreshing native plugins compatible for Editor in 16.21 ms, found 4 plugins.
Preloading 0 native plugins for Editor in 0.00 ms.
Unloading 5575 Unused Serialized files (Serialized files now loaded: 0)
Unloading 35 unused Assets / (0.9 MB). Loaded Objects now: 6272.
Memory consumption went from 198.8 MB to 197.9 MB.
Total: 9.161600 ms (FindLiveObjects: 1.244400 ms CreateObjectMapping: 0.967200 ms MarkObjects: 6.465900 ms  DeleteObjects: 0.482500 ms)

Prepare: number of updated asset objects reloaded= 0
AssetImportParameters requested are different than current active one (requested -> active):
  custom:container-demuxer-ogg: 62fdf1f143b41e24485cea50d1cbac27 -> 
  custom:video-decoder-ogg-theora: a1e56fd34408186e4bbccfd4996cb3dc -> 
  custom:framework-win-MediaFoundation: 216162199b28c13a410421893ffa2e32 -> 
  custom:CustomObjectIndexerAttribute: 72b91833f83ae208fae7752999fa3104 -> 
  custom:container-demuxer-webm: 4f35f7cbe854078d1ac9338744f61a02 -> 
  custom:container-muxer-webm: aa71ff27fc2769a1b78a27578f13a17b -> 
  custom:video-decoder-webm-vp8: 9c59270c3fd7afecdb556c50c9e8de78 -> 
  custom:SearchIndexIgnoredProperties: e643bd26f0fe6173181afceb89e7c659 -> 
  custom:AudioImporter_EditorPlatform: d09bf68614088b80899f8185d706f6e7 -> 
  custom:video-encoder-webm-vp8: eb34c28f22e8b96e1ab97ce403110664 -> 
  custom:audio-decoder-ogg-vorbis: bf7c407c2cedff20999df2af8eb42d56 -> 
  custom:audio-encoder-webm-vorbis: bf7c407c2cedff20999df2af8eb42d56 -> 
========================================================================
Received Prepare
Caller must complete domain reload
Begin MonoManager ReloadAssembly
- Loaded All Assemblies, in  0.513 seconds
Native extension for WindowsStandalone target not found
Native extension for iOS target not found
Native extension for Android target not found
Mono: successfully reloaded assembly
- Finished resetting the current domain, in  1.265 seconds
Domain Reload Profiling: 1775ms
	BeginReloadAssembly (157ms)
		ExecutionOrderSort (0ms)
		DisableScriptedObjects (12ms)
		BackupInstance (0ms)
		ReleaseScriptingObjects (0ms)
		CreateAndSetChildDomain (38ms)
	RebuildCommonClasses (36ms)
	RebuildNativeTypeToScriptingClass (13ms)
	initialDomainReloadingComplete (25ms)
	LoadAllAssembliesAndSetupDomain (279ms)
		LoadAssemblies (309ms)
		RebuildTransferFunctionScriptingTraits (0ms)
		AnalyzeDomain (54ms)
			TypeCache.Refresh (13ms)
				TypeCache.ScanAssembly (0ms)
			ScanForSourceGeneratedMonoScriptInfo (28ms)
			ResolveRequiredComponents (10ms)
	FinalizeReload (1265ms)
		ReleaseScriptCaches (0ms)
		RebuildScriptCaches (0ms)
		SetupLoadedEditorAssemblies (520ms)
			LogAssemblyErrors (0ms)
			InitializePlatformSupportModulesInManaged (30ms)
			SetLoadedEditorAssemblies (3ms)
			RefreshPlugins (0ms)
			BeforeProcessingInitializeOnLoad (65ms)
			ProcessInitializeOnLoadAttributes (361ms)
			ProcessInitializeOnLoadMethodAttributes (55ms)
			AfterProcessingInitializeOnLoad (5ms)
			EditorAssembliesLoaded (0ms)
		ExecutionOrderSort2 (0ms)
		AwakeInstancesAfterBackupRestoration (14ms)
Refreshing native plugins compatible for Editor in 3.62 ms, found 4 plugins.
Preloading 0 native plugins for Editor in 0.00 ms.
Unloading 5575 Unused Serialized files (Serialized files now loaded: 0)
Unloading 35 unused Assets / (0.9 MB). Loaded Objects now: 6277.
Memory consumption went from 198.9 MB to 198.0 MB.
Total: 4.517300 ms (FindLiveObjects: 0.408700 ms CreateObjectMapping: 0.220000 ms MarkObjects: 3.445600 ms  DeleteObjects: 0.441200 ms)

Prepare: number of updated asset objects reloaded= 0
AssetImportParameters requested are different than current active one (requested -> active):
  custom:container-demuxer-ogg: 62fdf1f143b41e24485cea50d1cbac27 -> 
  custom:video-decoder-ogg-theora: a1e56fd34408186e4bbccfd4996cb3dc -> 
  custom:framework-win-MediaFoundation: 216162199b28c13a410421893ffa2e32 -> 
  custom:CustomObjectIndexerAttribute: 72b91833f83ae208fae7752999fa3104 -> 
  custom:container-demuxer-webm: 4f35f7cbe854078d1ac9338744f61a02 -> 
  custom:container-muxer-webm: aa71ff27fc2769a1b78a27578f13a17b -> 
  custom:video-decoder-webm-vp8: 9c59270c3fd7afecdb556c50c9e8de78 -> 
  custom:SearchIndexIgnoredProperties: e643bd26f0fe6173181afceb89e7c659 -> 
  custom:AudioImporter_EditorPlatform: d09bf68614088b80899f8185d706f6e7 -> 
  custom:video-encoder-webm-vp8: eb34c28f22e8b96e1ab97ce403110664 -> 
  custom:audio-decoder-ogg-vorbis: bf7c407c2cedff20999df2af8eb42d56 -> 
  custom:audio-encoder-webm-vorbis: bf7c407c2cedff20999df2af8eb42d56 -> 
========================================================================
Received Prepare
Caller must complete domain reload
Begin MonoManager ReloadAssembly
- Loaded All Assemblies, in  0.429 seconds
Native extension for WindowsStandalone target not found
Native extension for iOS target not found
Native extension for Android target not found
Mono: successfully reloaded assembly
- Finished resetting the current domain, in  1.456 seconds
Domain Reload Profiling: 1883ms
	BeginReloadAssembly (143ms)
		ExecutionOrderSort (0ms)
		DisableScriptedObjects (11ms)
		BackupInstance (0ms)
		ReleaseScriptingObjects (0ms)
		CreateAndSetChildDomain (32ms)
	RebuildCommonClasses (32ms)
	RebuildNativeTypeToScriptingClass (9ms)
	initialDomainReloadingComplete (24ms)
	LoadAllAssembliesAndSetupDomain (218ms)
		LoadAssemblies (269ms)
		RebuildTransferFunctionScriptingTraits (0ms)
		AnalyzeDomain (19ms)
			TypeCache.Refresh (8ms)
				TypeCache.ScanAssembly (0ms)
			ScanForSourceGeneratedMonoScriptInfo (0ms)
			ResolveRequiredComponents (9ms)
	FinalizeReload (1457ms)
		ReleaseScriptCaches (0ms)
		RebuildScriptCaches (0ms)
		SetupLoadedEditorAssemblies (712ms)
			LogAssemblyErrors (0ms)
			InitializePlatformSupportModulesInManaged (35ms)
			SetLoadedEditorAssemblies (3ms)
			RefreshPlugins (0ms)
			BeforeProcessingInitializeOnLoad (76ms)
			ProcessInitializeOnLoadAttributes (510ms)
			ProcessInitializeOnLoadMethodAttributes (81ms)
			AfterProcessingInitializeOnLoad (7ms)
			EditorAssembliesLoaded (0ms)
		ExecutionOrderSort2 (0ms)
		AwakeInstancesAfterBackupRestoration (20ms)
Refreshing native plugins compatible for Editor in 5.60 ms, found 4 plugins.
Preloading 0 native plugins for Editor in 0.00 ms.
Unloading 5575 Unused Serialized files (Serialized files now loaded: 0)
Unloading 35 unused Assets / (0.9 MB). Loaded Objects now: 6282.
Memory consumption went from 198.9 MB to 198.0 MB.
Total: 4.689100 ms (FindLiveObjects: 0.538700 ms CreateObjectMapping: 0.272500 ms MarkObjects: 3.453000 ms  DeleteObjects: 0.423500 ms)

Prepare: number of updated asset objects reloaded= 0
AssetImportParameters requested are different than current active one (requested -> active):
  custom:container-demuxer-ogg: 62fdf1f143b41e24485cea50d1cbac27 -> 
  custom:video-decoder-ogg-theora: a1e56fd34408186e4bbccfd4996cb3dc -> 
  custom:framework-win-MediaFoundation: 216162199b28c13a410421893ffa2e32 -> 
  custom:CustomObjectIndexerAttribute: 72b91833f83ae208fae7752999fa3104 -> 
  custom:container-demuxer-webm: 4f35f7cbe854078d1ac9338744f61a02 -> 
  custom:container-muxer-webm: aa71ff27fc2769a1b78a27578f13a17b -> 
  custom:video-decoder-webm-vp8: 9c59270c3fd7afecdb556c50c9e8de78 -> 
  custom:SearchIndexIgnoredProperties: e643bd26f0fe6173181afceb89e7c659 -> 
  custom:AudioImporter_EditorPlatform: d09bf68614088b80899f8185d706f6e7 -> 
  custom:video-encoder-webm-vp8: eb34c28f22e8b96e1ab97ce403110664 -> 
  custom:audio-decoder-ogg-vorbis: bf7c407c2cedff20999df2af8eb42d56 -> 
  custom:audio-encoder-webm-vorbis: bf7c407c2cedff20999df2af8eb42d56 -> 
========================================================================
Received Prepare
Caller must complete domain reload
Begin MonoManager ReloadAssembly
- Loaded All Assemblies, in  0.410 seconds
Native extension for WindowsStandalone target not found
Native extension for iOS target not found
Native extension for Android target not found
Mono: successfully reloaded assembly
- Finished resetting the current domain, in  1.453 seconds
Domain Reload Profiling: 1861ms
	BeginReloadAssembly (145ms)
		ExecutionOrderSort (0ms)
		DisableScriptedObjects (9ms)
		BackupInstance (0ms)
		ReleaseScriptingObjects (0ms)
		CreateAndSetChildDomain (38ms)
	RebuildCommonClasses (27ms)
	RebuildNativeTypeToScriptingClass (9ms)
	initialDomainReloadingComplete (26ms)
	LoadAllAssembliesAndSetupDomain (201ms)
		LoadAssemblies (244ms)
		RebuildTransferFunctionScriptingTraits (0ms)
		AnalyzeDomain (19ms)
			TypeCache.Refresh (6ms)
				TypeCache.ScanAssembly (0ms)
			ScanForSourceGeneratedMonoScriptInfo (0ms)
			ResolveRequiredComponents (10ms)
	FinalizeReload (1454ms)
		ReleaseScriptCaches (0ms)
		RebuildScriptCaches (0ms)
		SetupLoadedEditorAssemblies (720ms)
			LogAssemblyErrors (0ms)
			InitializePlatformSupportModulesInManaged (42ms)
			SetLoadedEditorAssemblies (3ms)
			RefreshPlugins (0ms)
			BeforeProcessingInitializeOnLoad (83ms)
			ProcessInitializeOnLoadAttributes (501ms)
			ProcessInitializeOnLoadMethodAttributes (84ms)
			AfterProcessingInitializeOnLoad (7ms)
			EditorAssembliesLoaded (0ms)
		ExecutionOrderSort2 (0ms)
		AwakeInstancesAfterBackupRestoration (18ms)
Refreshing native plugins compatible for Editor in 5.34 ms, found 4 plugins.
Preloading 0 native plugins for Editor in 0.00 ms.
Unloading 5575 Unused Serialized files (Serialized files now loaded: 0)
Unloading 35 unused Assets / (0.9 MB). Loaded Objects now: 6287.
Memory consumption went from 198.9 MB to 198.0 MB.
Total: 6.339900 ms (FindLiveObjects: 0.469700 ms CreateObjectMapping: 0.314400 ms MarkObjects: 5.128500 ms  DeleteObjects: 0.424800 ms)

Prepare: number of updated asset objects reloaded= 0
AssetImportParameters requested are different than current active one (requested -> active):
  custom:container-demuxer-ogg: 62fdf1f143b41e24485cea50d1cbac27 -> 
  custom:video-decoder-ogg-theora: a1e56fd34408186e4bbccfd4996cb3dc -> 
  custom:framework-win-MediaFoundation: 216162199b28c13a410421893ffa2e32 -> 
  custom:CustomObjectIndexerAttribute: 72b91833f83ae208fae7752999fa3104 -> 
  custom:container-demuxer-webm: 4f35f7cbe854078d1ac9338744f61a02 -> 
  custom:container-muxer-webm: aa71ff27fc2769a1b78a27578f13a17b -> 
  custom:video-decoder-webm-vp8: 9c59270c3fd7afecdb556c50c9e8de78 -> 
  custom:SearchIndexIgnoredProperties: e643bd26f0fe6173181afceb89e7c659 -> 
  custom:AudioImporter_EditorPlatform: d09bf68614088b80899f8185d706f6e7 -> 
  custom:video-encoder-webm-vp8: eb34c28f22e8b96e1ab97ce403110664 -> 
  custom:audio-decoder-ogg-vorbis: bf7c407c2cedff20999df2af8eb42d56 -> 
  custom:audio-encoder-webm-vorbis: bf7c407c2cedff20999df2af8eb42d56 -> 
========================================================================
Received Prepare
Caller must complete domain reload
Begin MonoManager ReloadAssembly
- Loaded All Assemblies, in  0.443 seconds
Native extension for WindowsStandalone target not found
Native extension for iOS target not found
Native extension for Android target not found
Mono: successfully reloaded assembly
- Finished resetting the current domain, in  1.475 seconds
Domain Reload Profiling: 1915ms
	BeginReloadAssembly (165ms)
		ExecutionOrderSort (0ms)
		DisableScriptedObjects (9ms)
		BackupInstance (0ms)
		ReleaseScriptingObjects (0ms)
		CreateAndSetChildDomain (39ms)
	RebuildCommonClasses (27ms)
	RebuildNativeTypeToScriptingClass (9ms)
	initialDomainReloadingComplete (25ms)
	LoadAllAssembliesAndSetupDomain (214ms)
		LoadAssemblies (282ms)
		RebuildTransferFunctionScriptingTraits (0ms)
		AnalyzeDomain (19ms)
			TypeCache.Refresh (7ms)
				TypeCache.ScanAssembly (0ms)
			ScanForSourceGeneratedMonoScriptInfo (0ms)
			ResolveRequiredComponents (9ms)
	FinalizeReload (1476ms)
		ReleaseScriptCaches (0ms)
		RebuildScriptCaches (0ms)
		SetupLoadedEditorAssemblies (750ms)
			LogAssemblyErrors (0ms)
			InitializePlatformSupportModulesInManaged (36ms)
			SetLoadedEditorAssemblies (4ms)
			RefreshPlugins (0ms)
			BeforeProcessingInitializeOnLoad (99ms)
			ProcessInitializeOnLoadAttributes (526ms)
			ProcessInitializeOnLoadMethodAttributes (80ms)
			AfterProcessingInitializeOnLoad (5ms)
			EditorAssembliesLoaded (1ms)
		ExecutionOrderSort2 (0ms)
		AwakeInstancesAfterBackupRestoration (18ms)
Refreshing native plugins compatible for Editor in 4.81 ms, found 4 plugins.
Preloading 0 native plugins for Editor in 0.00 ms.
Unloading 5575 Unused Serialized files (Serialized files now loaded: 0)
Unloading 35 unused Assets / (0.9 MB). Loaded Objects now: 6292.
Memory consumption went from 198.9 MB to 198.0 MB.
Total: 5.811600 ms (FindLiveObjects: 0.555800 ms CreateObjectMapping: 0.300400 ms MarkObjects: 4.486600 ms  DeleteObjects: 0.467000 ms)

Prepare: number of updated asset objects reloaded= 0
AssetImportParameters requested are different than current active one (requested -> active):
  custom:container-demuxer-ogg: 62fdf1f143b41e24485cea50d1cbac27 -> 
  custom:video-decoder-ogg-theora: a1e56fd34408186e4bbccfd4996cb3dc -> 
  custom:framework-win-MediaFoundation: 216162199b28c13a410421893ffa2e32 -> 
  custom:CustomObjectIndexerAttribute: 72b91833f83ae208fae7752999fa3104 -> 
  custom:container-demuxer-webm: 4f35f7cbe854078d1ac9338744f61a02 -> 
  custom:container-muxer-webm: aa71ff27fc2769a1b78a27578f13a17b -> 
  custom:video-decoder-webm-vp8: 9c59270c3fd7afecdb556c50c9e8de78 -> 
  custom:SearchIndexIgnoredProperties: e643bd26f0fe6173181afceb89e7c659 -> 
  custom:AudioImporter_EditorPlatform: d09bf68614088b80899f8185d706f6e7 -> 
  custom:video-encoder-webm-vp8: eb34c28f22e8b96e1ab97ce403110664 -> 
  custom:audio-decoder-ogg-vorbis: bf7c407c2cedff20999df2af8eb42d56 -> 
  custom:audio-encoder-webm-vorbis: bf7c407c2cedff20999df2af8eb42d56 -> 
========================================================================
Received Prepare
Caller must complete domain reload
Begin MonoManager ReloadAssembly
- Loaded All Assemblies, in  0.439 seconds
Native extension for WindowsStandalone target not found
Native extension for iOS target not found
Native extension for Android target not found
Mono: successfully reloaded assembly
- Finished resetting the current domain, in  1.699 seconds
Domain Reload Profiling: 2136ms
	BeginReloadAssembly (141ms)
		ExecutionOrderSort (0ms)
		DisableScriptedObjects (10ms)
		BackupInstance (0ms)
		ReleaseScriptingObjects (0ms)
		CreateAndSetChildDomain (36ms)
	RebuildCommonClasses (28ms)
	RebuildNativeTypeToScriptingClass (9ms)
	initialDomainReloadingComplete (25ms)
	LoadAllAssembliesAndSetupDomain (233ms)
		LoadAssemblies (257ms)
		RebuildTransferFunctionScriptingTraits (0ms)
		AnalyzeDomain (42ms)
			TypeCache.Refresh (11ms)
				TypeCache.ScanAssembly (0ms)
			ScanForSourceGeneratedMonoScriptInfo (20ms)
			ResolveRequiredComponents (9ms)
	FinalizeReload (1699ms)
		ReleaseScriptCaches (0ms)
		RebuildScriptCaches (0ms)
		SetupLoadedEditorAssemblies (916ms)
			LogAssemblyErrors (0ms)
			InitializePlatformSupportModulesInManaged (63ms)
			SetLoadedEditorAssemblies (8ms)
			RefreshPlugins (0ms)
			BeforeProcessingInitializeOnLoad (96ms)
			ProcessInitializeOnLoadAttributes (661ms)
			ProcessInitializeOnLoadMethodAttributes (84ms)
			AfterProcessingInitializeOnLoad (5ms)
			EditorAssembliesLoaded (0ms)
		ExecutionOrderSort2 (0ms)
		AwakeInstancesAfterBackupRestoration (13ms)
Refreshing native plugins compatible for Editor in 4.73 ms, found 4 plugins.
Preloading 0 native plugins for Editor in 0.00 ms.
Unloading 5575 Unused Serialized files (Serialized files now loaded: 0)
Unloading 35 unused Assets / (0.9 MB). Loaded Objects now: 6297.
Memory consumption went from 198.8 MB to 198.0 MB.
Total: 6.953700 ms (FindLiveObjects: 0.430700 ms CreateObjectMapping: 0.227800 ms MarkObjects: 5.563200 ms  DeleteObjects: 0.730000 ms)

Prepare: number of updated asset objects reloaded= 0
AssetImportParameters requested are different than current active one (requested -> active):
  custom:container-demuxer-ogg: 62fdf1f143b41e24485cea50d1cbac27 -> 
  custom:video-decoder-ogg-theora: a1e56fd34408186e4bbccfd4996cb3dc -> 
  custom:framework-win-MediaFoundation: 216162199b28c13a410421893ffa2e32 -> 
  custom:CustomObjectIndexerAttribute: 72b91833f83ae208fae7752999fa3104 -> 
  custom:container-demuxer-webm: 4f35f7cbe854078d1ac9338744f61a02 -> 
  custom:container-muxer-webm: aa71ff27fc2769a1b78a27578f13a17b -> 
  custom:video-decoder-webm-vp8: 9c59270c3fd7afecdb556c50c9e8de78 -> 
  custom:SearchIndexIgnoredProperties: e643bd26f0fe6173181afceb89e7c659 -> 
  custom:AudioImporter_EditorPlatform: d09bf68614088b80899f8185d706f6e7 -> 
  custom:video-encoder-webm-vp8: eb34c28f22e8b96e1ab97ce403110664 -> 
  custom:audio-decoder-ogg-vorbis: bf7c407c2cedff20999df2af8eb42d56 -> 
  custom:audio-encoder-webm-vorbis: bf7c407c2cedff20999df2af8eb42d56 -> 
========================================================================
Received Prepare
Caller must complete domain reload
Begin MonoManager ReloadAssembly
- Loaded All Assemblies, in  0.429 seconds
Native extension for WindowsStandalone target not found
Native extension for iOS target not found
Native extension for Android target not found
Mono: successfully reloaded assembly
- Finished resetting the current domain, in  1.469 seconds
Domain Reload Profiling: 1896ms
	BeginReloadAssembly (142ms)
		ExecutionOrderSort (0ms)
		DisableScriptedObjects (12ms)
		BackupInstance (0ms)
		ReleaseScriptingObjects (0ms)
		CreateAndSetChildDomain (41ms)
	RebuildCommonClasses (29ms)
	RebuildNativeTypeToScriptingClass (9ms)
	initialDomainReloadingComplete (24ms)
	LoadAllAssembliesAndSetupDomain (222ms)
		LoadAssemblies (257ms)
		RebuildTransferFunctionScriptingTraits (0ms)
		AnalyzeDomain (25ms)
			TypeCache.Refresh (8ms)
				TypeCache.ScanAssembly (0ms)
			ScanForSourceGeneratedMonoScriptInfo (0ms)
			ResolveRequiredComponents (14ms)
	FinalizeReload (1470ms)
		ReleaseScriptCaches (0ms)
		RebuildScriptCaches (0ms)
		SetupLoadedEditorAssemblies (717ms)
			LogAssemblyErrors (0ms)
			InitializePlatformSupportModulesInManaged (36ms)
			SetLoadedEditorAssemblies (4ms)
			RefreshPlugins (0ms)
			BeforeProcessingInitializeOnLoad (82ms)
			ProcessInitializeOnLoadAttributes (511ms)
			ProcessInitializeOnLoadMethodAttributes (78ms)
			AfterProcessingInitializeOnLoad (6ms)
			EditorAssembliesLoaded (0ms)
		ExecutionOrderSort2 (0ms)
		AwakeInstancesAfterBackupRestoration (17ms)
Refreshing native plugins compatible for Editor in 5.84 ms, found 4 plugins.
Preloading 0 native plugins for Editor in 0.00 ms.
Unloading 5575 Unused Serialized files (Serialized files now loaded: 0)
Unloading 35 unused Assets / (0.9 MB). Loaded Objects now: 6302.
Memory consumption went from 198.9 MB to 198.0 MB.
Total: 11.863000 ms (FindLiveObjects: 0.738800 ms CreateObjectMapping: 0.857800 ms MarkObjects: 9.362700 ms  DeleteObjects: 0.901400 ms)

Prepare: number of updated asset objects reloaded= 0
AssetImportParameters requested are different than current active one (requested -> active):
  custom:container-demuxer-ogg: 62fdf1f143b41e24485cea50d1cbac27 -> 
  custom:video-decoder-ogg-theora: a1e56fd34408186e4bbccfd4996cb3dc -> 
  custom:framework-win-MediaFoundation: 216162199b28c13a410421893ffa2e32 -> 
  custom:CustomObjectIndexerAttribute: 72b91833f83ae208fae7752999fa3104 -> 
  custom:container-demuxer-webm: 4f35f7cbe854078d1ac9338744f61a02 -> 
  custom:container-muxer-webm: aa71ff27fc2769a1b78a27578f13a17b -> 
  custom:video-decoder-webm-vp8: 9c59270c3fd7afecdb556c50c9e8de78 -> 
  custom:SearchIndexIgnoredProperties: e643bd26f0fe6173181afceb89e7c659 -> 
  custom:AudioImporter_EditorPlatform: d09bf68614088b80899f8185d706f6e7 -> 
  custom:video-encoder-webm-vp8: eb34c28f22e8b96e1ab97ce403110664 -> 
  custom:audio-decoder-ogg-vorbis: bf7c407c2cedff20999df2af8eb42d56 -> 
  custom:audio-encoder-webm-vorbis: bf7c407c2cedff20999df2af8eb42d56 -> 
========================================================================
Received Import Request.
  Time since last request: 2732.083981 seconds.
  path: Assets/snake.png
  artifactKey: Guid(cf7b08857c68611438416678d16d1faa) Importer(815301076,1909f56bfc062723c751e8b465ee728b)
Start importing Assets/snake.png using Guid(cf7b08857c68611438416678d16d1faa) Importer(815301076,1909f56bfc062723c751e8b465ee728b) [PhysX] Initialized MultithreadedTaskDispatcher with 8 workers.
[PhysX] Initialized MultithreadedTaskDispatcher with 8 workers.
 -> (artifact id: 'f41eed9faa5ba90fb841c925ea62bcab') in 0.339545 seconds
Number of updated asset objects reloaded before import = 0
Number of asset objects unloaded after import = 3
========================================================================
Received Import Request.
  Time since last request: 23.032255 seconds.
  path: Assets/snake.png
  artifactKey: Guid(cf7b08857c68611438416678d16d1faa) Importer(815301076,1909f56bfc062723c751e8b465ee728b)
Start importing Assets/snake.png using Guid(cf7b08857c68611438416678d16d1faa) Importer(815301076,1909f56bfc062723c751e8b465ee728b) [PhysX] Initialized MultithreadedTaskDispatcher with 8 workers.
[PhysX] Initialized MultithreadedTaskDispatcher with 8 workers.
 -> (artifact id: 'bc01e54c47d1f92f52343df1647c3b4f') in 0.013359 seconds
Number of updated asset objects reloaded before import = 0
Number of asset objects unloaded after import = 3
========================================================================
Received Prepare
Caller must complete domain reload
Begin MonoManager ReloadAssembly
- Loaded All Assemblies, in  0.565 seconds
Native extension for WindowsStandalone target not found
Native extension for iOS target not found
Native extension for Android target not found
Mono: successfully reloaded assembly
- Finished resetting the current domain, in  8.258 seconds
Domain Reload Profiling: 8821ms
	BeginReloadAssembly (176ms)
		ExecutionOrderSort (0ms)
		DisableScriptedObjects (13ms)
		BackupInstance (0ms)
		ReleaseScriptingObjects (0ms)
		CreateAndSetChildDomain (57ms)
	RebuildCommonClasses (36ms)
	RebuildNativeTypeToScriptingClass (9ms)
	initialDomainReloadingComplete (31ms)
	LoadAllAssembliesAndSetupDomain (310ms)
		LoadAssemblies (361ms)
		RebuildTransferFunctionScriptingTraits (0ms)
		AnalyzeDomain (23ms)
			TypeCache.Refresh (8ms)
				TypeCache.ScanAssembly (0ms)
			ScanForSourceGeneratedMonoScriptInfo (0ms)
			ResolveRequiredComponents (12ms)
	FinalizeReload (8259ms)
		ReleaseScriptCaches (0ms)
		RebuildScriptCaches (0ms)
		SetupLoadedEditorAssemblies (661ms)
			LogAssemblyErrors (0ms)
			InitializePlatformSupportModulesInManaged (30ms)
			SetLoadedEditorAssemblies (4ms)
			RefreshPlugins (0ms)
			BeforeProcessingInitializeOnLoad (69ms)
			ProcessInitializeOnLoadAttributes (475ms)
			ProcessInitializeOnLoadMethodAttributes (79ms)
			AfterProcessingInitializeOnLoad (5ms)
			EditorAssembliesLoaded (0ms)
		ExecutionOrderSort2 (0ms)
		AwakeInstancesAfterBackupRestoration (12ms)
Refreshing native plugins compatible for Editor in 3.68 ms, found 4 plugins.
Preloading 0 native plugins for Editor in 0.00 ms.
Unloading 5575 Unused Serialized files (Serialized files now loaded: 0)
Unloading 35 unused Assets / (0.9 MB). Loaded Objects now: 6312.
Memory consumption went from 199.0 MB to 198.1 MB.
Total: 6.143700 ms (FindLiveObjects: 0.479500 ms CreateObjectMapping: 0.222400 ms MarkObjects: 5.048500 ms  DeleteObjects: 0.391700 ms)

Prepare: number of updated asset objects reloaded= 0
AssetImportParameters requested are different than current active one (requested -> active):
  custom:container-demuxer-ogg: 62fdf1f143b41e24485cea50d1cbac27 -> 
  custom:video-decoder-ogg-theora: a1e56fd34408186e4bbccfd4996cb3dc -> 
  custom:framework-win-MediaFoundation: 216162199b28c13a410421893ffa2e32 -> 
  custom:CustomObjectIndexerAttribute: 72b91833f83ae208fae7752999fa3104 -> 
  custom:container-demuxer-webm: 4f35f7cbe854078d1ac9338744f61a02 -> 
  custom:container-muxer-webm: aa71ff27fc2769a1b78a27578f13a17b -> 
  custom:video-decoder-webm-vp8: 9c59270c3fd7afecdb556c50c9e8de78 -> 
  custom:SearchIndexIgnoredProperties: e643bd26f0fe6173181afceb89e7c659 -> 
  custom:AudioImporter_EditorPlatform: d09bf68614088b80899f8185d706f6e7 -> 
  custom:video-encoder-webm-vp8: eb34c28f22e8b96e1ab97ce403110664 -> 
  custom:audio-decoder-ogg-vorbis: bf7c407c2cedff20999df2af8eb42d56 -> 
  custom:audio-encoder-webm-vorbis: bf7c407c2cedff20999df2af8eb42d56 -> 
========================================================================
Received Prepare
Caller must complete domain reload
Begin MonoManager ReloadAssembly
- Loaded All Assemblies, in  0.445 seconds
Native extension for WindowsStandalone target not found
Native extension for iOS target not found
Native extension for Android target not found
Mono: successfully reloaded assembly
- Finished resetting the current domain, in  1.505 seconds
Domain Reload Profiling: 1948ms
	BeginReloadAssembly (147ms)
		ExecutionOrderSort (0ms)
		DisableScriptedObjects (9ms)
		BackupInstance (0ms)
		ReleaseScriptingObjects (0ms)
		CreateAndSetChildDomain (39ms)
	RebuildCommonClasses (32ms)
	RebuildNativeTypeToScriptingClass (12ms)
	initialDomainReloadingComplete (27ms)
	LoadAllAssembliesAndSetupDomain (223ms)
		LoadAssemblies (273ms)
		RebuildTransferFunctionScriptingTraits (0ms)
		AnalyzeDomain (20ms)
			TypeCache.Refresh (7ms)
				TypeCache.ScanAssembly (0ms)
			ScanForSourceGeneratedMonoScriptInfo (0ms)
			ResolveRequiredComponents (10ms)
	FinalizeReload (1506ms)
		ReleaseScriptCaches (0ms)
		RebuildScriptCaches (0ms)
		SetupLoadedEditorAssemblies (715ms)
			LogAssemblyErrors (0ms)
			InitializePlatformSupportModulesInManaged (38ms)
			SetLoadedEditorAssemblies (4ms)
			RefreshPlugins (0ms)
			BeforeProcessingInitializeOnLoad (80ms)
			ProcessInitializeOnLoadAttributes (499ms)
			ProcessInitializeOnLoadMethodAttributes (84ms)
			AfterProcessingInitializeOnLoad (8ms)
			EditorAssembliesLoaded (0ms)
		ExecutionOrderSort2 (0ms)
		AwakeInstancesAfterBackupRestoration (24ms)
Refreshing native plugins compatible for Editor in 5.39 ms, found 4 plugins.
Preloading 0 native plugins for Editor in 0.00 ms.
Unloading 5575 Unused Serialized files (Serialized files now loaded: 0)
Unloading 35 unused Assets / (0.9 MB). Loaded Objects now: 6317.
Memory consumption went from 199.0 MB to 198.1 MB.
Total: 7.458400 ms (FindLiveObjects: 1.177600 ms CreateObjectMapping: 0.871800 ms MarkObjects: 4.811700 ms  DeleteObjects: 0.595100 ms)

Prepare: number of updated asset objects reloaded= 0
AssetImportParameters requested are different than current active one (requested -> active):
  custom:container-demuxer-ogg: 62fdf1f143b41e24485cea50d1cbac27 -> 
  custom:video-decoder-ogg-theora: a1e56fd34408186e4bbccfd4996cb3dc -> 
  custom:framework-win-MediaFoundation: 216162199b28c13a410421893ffa2e32 -> 
  custom:CustomObjectIndexerAttribute: 72b91833f83ae208fae7752999fa3104 -> 
  custom:container-demuxer-webm: 4f35f7cbe854078d1ac9338744f61a02 -> 
  custom:container-muxer-webm: aa71ff27fc2769a1b78a27578f13a17b -> 
  custom:video-decoder-webm-vp8: 9c59270c3fd7afecdb556c50c9e8de78 -> 
  custom:SearchIndexIgnoredProperties: e643bd26f0fe6173181afceb89e7c659 -> 
  custom:AudioImporter_EditorPlatform: d09bf68614088b80899f8185d706f6e7 -> 
  custom:video-encoder-webm-vp8: eb34c28f22e8b96e1ab97ce403110664 -> 
  custom:audio-decoder-ogg-vorbis: bf7c407c2cedff20999df2af8eb42d56 -> 
  custom:audio-encoder-webm-vorbis: bf7c407c2cedff20999df2af8eb42d56 -> 
========================================================================
Received Prepare
Caller must complete domain reload
Begin MonoManager ReloadAssembly
- Loaded All Assemblies, in  0.451 seconds
Native extension for WindowsStandalone target not found
Native extension for iOS target not found
Native extension for Android target not found
Mono: successfully reloaded assembly
- Finished resetting the current domain, in  1.645 seconds
Domain Reload Profiling: 2094ms
	BeginReloadAssembly (152ms)
		ExecutionOrderSort (0ms)
		DisableScriptedObjects (9ms)
		BackupInstance (0ms)
		ReleaseScriptingObjects (0ms)
		CreateAndSetChildDomain (36ms)
	RebuildCommonClasses (34ms)
	RebuildNativeTypeToScriptingClass (15ms)
	initialDomainReloadingComplete (27ms)
	LoadAllAssembliesAndSetupDomain (221ms)
		LoadAssemblies (276ms)
		RebuildTransferFunctionScriptingTraits (0ms)
		AnalyzeDomain (21ms)
			TypeCache.Refresh (7ms)
				TypeCache.ScanAssembly (0ms)
			ScanForSourceGeneratedMonoScriptInfo (0ms)
			ResolveRequiredComponents (10ms)
	FinalizeReload (1646ms)
		ReleaseScriptCaches (0ms)
		RebuildScriptCaches (0ms)
		SetupLoadedEditorAssemblies (726ms)
			LogAssemblyErrors (0ms)
			InitializePlatformSupportModulesInManaged (38ms)
			SetLoadedEditorAssemblies (4ms)
			RefreshPlugins (0ms)
			BeforeProcessingInitializeOnLoad (84ms)
			ProcessInitializeOnLoadAttributes (515ms)
			ProcessInitializeOnLoadMethodAttributes (79ms)
			AfterProcessingInitializeOnLoad (6ms)
			EditorAssembliesLoaded (0ms)
		ExecutionOrderSort2 (0ms)
		AwakeInstancesAfterBackupRestoration (19ms)
Refreshing native plugins compatible for Editor in 5.94 ms, found 4 plugins.
Preloading 0 native plugins for Editor in 0.00 ms.
Unloading 5575 Unused Serialized files (Serialized files now loaded: 0)
Unloading 35 unused Assets / (0.9 MB). Loaded Objects now: 6322.
Memory consumption went from 199.0 MB to 198.1 MB.
Total: 4.425600 ms (FindLiveObjects: 0.472100 ms CreateObjectMapping: 0.201500 ms MarkObjects: 3.288600 ms  DeleteObjects: 0.462000 ms)

Prepare: number of updated asset objects reloaded= 0
AssetImportParameters requested are different than current active one (requested -> active):
  custom:container-demuxer-ogg: 62fdf1f143b41e24485cea50d1cbac27 -> 
  custom:video-decoder-ogg-theora: a1e56fd34408186e4bbccfd4996cb3dc -> 
  custom:framework-win-MediaFoundation: 216162199b28c13a410421893ffa2e32 -> 
  custom:CustomObjectIndexerAttribute: 72b91833f83ae208fae7752999fa3104 -> 
  custom:container-demuxer-webm: 4f35f7cbe854078d1ac9338744f61a02 -> 
  custom:container-muxer-webm: aa71ff27fc2769a1b78a27578f13a17b -> 
  custom:video-decoder-webm-vp8: 9c59270c3fd7afecdb556c50c9e8de78 -> 
  custom:SearchIndexIgnoredProperties: e643bd26f0fe6173181afceb89e7c659 -> 
  custom:AudioImporter_EditorPlatform: d09bf68614088b80899f8185d706f6e7 -> 
  custom:video-encoder-webm-vp8: eb34c28f22e8b96e1ab97ce403110664 -> 
  custom:audio-decoder-ogg-vorbis: bf7c407c2cedff20999df2af8eb42d56 -> 
  custom:audio-encoder-webm-vorbis: bf7c407c2cedff20999df2af8eb42d56 -> 
========================================================================
Received Prepare
Caller must complete domain reload
Begin MonoManager ReloadAssembly
- Loaded All Assemblies, in  0.558 seconds
Native extension for WindowsStandalone target not found
Native extension for iOS target not found
Native extension for Android target not found
Mono: successfully reloaded assembly
- Finished resetting the current domain, in  1.228 seconds
Domain Reload Profiling: 1783ms
	BeginReloadAssembly (187ms)
		ExecutionOrderSort (0ms)
		DisableScriptedObjects (10ms)
		BackupInstance (0ms)
		ReleaseScriptingObjects (0ms)
		CreateAndSetChildDomain (42ms)
	RebuildCommonClasses (32ms)
	RebuildNativeTypeToScriptingClass (13ms)
	initialDomainReloadingComplete (28ms)
	LoadAllAssembliesAndSetupDomain (295ms)
		LoadAssemblies (326ms)
		RebuildTransferFunctionScriptingTraits (0ms)
		AnalyzeDomain (75ms)
			TypeCache.Refresh (15ms)
				TypeCache.ScanAssembly (0ms)
			ScanForSourceGeneratedMonoScriptInfo (40ms)
			ResolveRequiredComponents (17ms)
	FinalizeReload (1228ms)
		ReleaseScriptCaches (0ms)
		RebuildScriptCaches (0ms)
		SetupLoadedEditorAssemblies (535ms)
			LogAssemblyErrors (0ms)
			InitializePlatformSupportModulesInManaged (25ms)
			SetLoadedEditorAssemblies (3ms)
			RefreshPlugins (0ms)
			BeforeProcessingInitializeOnLoad (61ms)
			ProcessInitializeOnLoadAttributes (354ms)
			ProcessInitializeOnLoadMethodAttributes (86ms)
			AfterProcessingInitializeOnLoad (6ms)
			EditorAssembliesLoaded (0ms)
		ExecutionOrderSort2 (0ms)
		AwakeInstancesAfterBackupRestoration (13ms)
Refreshing native plugins compatible for Editor in 3.51 ms, found 4 plugins.
Preloading 0 native plugins for Editor in 0.00 ms.
Unloading 5575 Unused Serialized files (Serialized files now loaded: 0)
Unloading 35 unused Assets / (0.9 MB). Loaded Objects now: 6327.
Memory consumption went from 198.9 MB to 198.1 MB.
Total: 4.943600 ms (FindLiveObjects: 0.544300 ms CreateObjectMapping: 0.504700 ms MarkObjects: 3.451700 ms  DeleteObjects: 0.440700 ms)

Prepare: number of updated asset objects reloaded= 0
AssetImportParameters requested are different than current active one (requested -> active):
  custom:container-demuxer-ogg: 62fdf1f143b41e24485cea50d1cbac27 -> 
  custom:video-decoder-ogg-theora: a1e56fd34408186e4bbccfd4996cb3dc -> 
  custom:framework-win-MediaFoundation: 216162199b28c13a410421893ffa2e32 -> 
  custom:CustomObjectIndexerAttribute: 72b91833f83ae208fae7752999fa3104 -> 
  custom:container-demuxer-webm: 4f35f7cbe854078d1ac9338744f61a02 -> 
  custom:container-muxer-webm: aa71ff27fc2769a1b78a27578f13a17b -> 
  custom:video-decoder-webm-vp8: 9c59270c3fd7afecdb556c50c9e8de78 -> 
  custom:SearchIndexIgnoredProperties: e643bd26f0fe6173181afceb89e7c659 -> 
  custom:AudioImporter_EditorPlatform: d09bf68614088b80899f8185d706f6e7 -> 
  custom:video-encoder-webm-vp8: eb34c28f22e8b96e1ab97ce403110664 -> 
  custom:audio-decoder-ogg-vorbis: bf7c407c2cedff20999df2af8eb42d56 -> 
  custom:audio-encoder-webm-vorbis: bf7c407c2cedff20999df2af8eb42d56 -> 
========================================================================
Received Prepare
Caller must complete domain reload
Begin MonoManager ReloadAssembly
- Loaded All Assemblies, in  0.485 seconds
Native extension for WindowsStandalone target not found
Native extension for iOS target not found
Native extension for Android target not found
Mono: successfully reloaded assembly
- Finished resetting the current domain, in  1.942 seconds
Domain Reload Profiling: 2425ms
	BeginReloadAssembly (174ms)
		ExecutionOrderSort (0ms)
		DisableScriptedObjects (15ms)
		BackupInstance (0ms)
		ReleaseScriptingObjects (0ms)
		CreateAndSetChildDomain (51ms)
	RebuildCommonClasses (32ms)
	RebuildNativeTypeToScriptingClass (10ms)
	initialDomainReloadingComplete (25ms)
	LoadAllAssembliesAndSetupDomain (241ms)
		LoadAssemblies (293ms)
		RebuildTransferFunctionScriptingTraits (0ms)
		AnalyzeDomain (23ms)
			TypeCache.Refresh (8ms)
				TypeCache.ScanAssembly (0ms)
			ScanForSourceGeneratedMonoScriptInfo (0ms)
			ResolveRequiredComponents (12ms)
	FinalizeReload (1943ms)
		ReleaseScriptCaches (0ms)
		RebuildScriptCaches (0ms)
		SetupLoadedEditorAssemblies (890ms)
			LogAssemblyErrors (0ms)
			InitializePlatformSupportModulesInManaged (44ms)
			SetLoadedEditorAssemblies (5ms)
			RefreshPlugins (0ms)
			BeforeProcessingInitializeOnLoad (107ms)
			ProcessInitializeOnLoadAttributes (647ms)
			ProcessInitializeOnLoadMethodAttributes (81ms)
			AfterProcessingInitializeOnLoad (6ms)
			EditorAssembliesLoaded (0ms)
		ExecutionOrderSort2 (0ms)
		AwakeInstancesAfterBackupRestoration (17ms)
Refreshing native plugins compatible for Editor in 4.73 ms, found 4 plugins.
Preloading 0 native plugins for Editor in 0.00 ms.
Unloading 5575 Unused Serialized files (Serialized files now loaded: 0)
Unloading 35 unused Assets / (0.9 MB). Loaded Objects now: 6332.
Memory consumption went from 199.0 MB to 198.1 MB.
Total: 5.069900 ms (FindLiveObjects: 0.546700 ms CreateObjectMapping: 0.225700 ms MarkObjects: 3.701600 ms  DeleteObjects: 0.594100 ms)

Prepare: number of updated asset objects reloaded= 0
AssetImportParameters requested are different than current active one (requested -> active):
  custom:container-demuxer-ogg: 62fdf1f143b41e24485cea50d1cbac27 -> 
  custom:video-decoder-ogg-theora: a1e56fd34408186e4bbccfd4996cb3dc -> 
  custom:framework-win-MediaFoundation: 216162199b28c13a410421893ffa2e32 -> 
  custom:CustomObjectIndexerAttribute: 72b91833f83ae208fae7752999fa3104 -> 
  custom:container-demuxer-webm: 4f35f7cbe854078d1ac9338744f61a02 -> 
  custom:container-muxer-webm: aa71ff27fc2769a1b78a27578f13a17b -> 
  custom:video-decoder-webm-vp8: 9c59270c3fd7afecdb556c50c9e8de78 -> 
  custom:SearchIndexIgnoredProperties: e643bd26f0fe6173181afceb89e7c659 -> 
  custom:AudioImporter_EditorPlatform: d09bf68614088b80899f8185d706f6e7 -> 
  custom:video-encoder-webm-vp8: eb34c28f22e8b96e1ab97ce403110664 -> 
  custom:audio-decoder-ogg-vorbis: bf7c407c2cedff20999df2af8eb42d56 -> 
  custom:audio-encoder-webm-vorbis: bf7c407c2cedff20999df2af8eb42d56 -> 
========================================================================
Received Prepare
Caller must complete domain reload
Begin MonoManager ReloadAssembly
- Loaded All Assemblies, in  0.477 seconds
Native extension for WindowsStandalone target not found
Native extension for iOS target not found
Native extension for Android target not found
Mono: successfully reloaded assembly
- Finished resetting the current domain, in  1.175 seconds
Domain Reload Profiling: 1650ms
	BeginReloadAssembly (158ms)
		ExecutionOrderSort (0ms)
		DisableScriptedObjects (11ms)
		BackupInstance (0ms)
		ReleaseScriptingObjects (0ms)
		CreateAndSetChildDomain (41ms)
	RebuildCommonClasses (32ms)
	RebuildNativeTypeToScriptingClass (10ms)
	initialDomainReloadingComplete (25ms)
	LoadAllAssembliesAndSetupDomain (249ms)
		LoadAssemblies (268ms)
		RebuildTransferFunctionScriptingTraits (0ms)
		AnalyzeDomain (57ms)
			TypeCache.Refresh (13ms)
				TypeCache.ScanAssembly (0ms)
			ScanForSourceGeneratedMonoScriptInfo (29ms)
			ResolveRequiredComponents (11ms)
	FinalizeReload (1176ms)
		ReleaseScriptCaches (0ms)
		RebuildScriptCaches (0ms)
		SetupLoadedEditorAssemblies (528ms)
			LogAssemblyErrors (0ms)
			InitializePlatformSupportModulesInManaged (33ms)
			SetLoadedEditorAssemblies (4ms)
			RefreshPlugins (0ms)
			BeforeProcessingInitializeOnLoad (68ms)
			ProcessInitializeOnLoadAttributes (365ms)
			ProcessInitializeOnLoadMethodAttributes (54ms)
			AfterProcessingInitializeOnLoad (4ms)
			EditorAssembliesLoaded (0ms)
		ExecutionOrderSort2 (0ms)
		AwakeInstancesAfterBackupRestoration (14ms)
Refreshing native plugins compatible for Editor in 6.06 ms, found 4 plugins.
Preloading 0 native plugins for Editor in 0.00 ms.
Unloading 5575 Unused Serialized files (Serialized files now loaded: 0)
Unloading 35 unused Assets / (0.9 MB). Loaded Objects now: 6337.
Memory consumption went from 199.0 MB to 198.1 MB.
Total: 4.525700 ms (FindLiveObjects: 0.444700 ms CreateObjectMapping: 0.242100 ms MarkObjects: 3.333400 ms  DeleteObjects: 0.503600 ms)

Prepare: number of updated asset objects reloaded= 0
AssetImportParameters requested are different than current active one (requested -> active):
  custom:container-demuxer-ogg: 62fdf1f143b41e24485cea50d1cbac27 -> 
  custom:video-decoder-ogg-theora: a1e56fd34408186e4bbccfd4996cb3dc -> 
  custom:framework-win-MediaFoundation: 216162199b28c13a410421893ffa2e32 -> 
  custom:CustomObjectIndexerAttribute: 72b91833f83ae208fae7752999fa3104 -> 
  custom:container-demuxer-webm: 4f35f7cbe854078d1ac9338744f61a02 -> 
  custom:container-muxer-webm: aa71ff27fc2769a1b78a27578f13a17b -> 
  custom:video-decoder-webm-vp8: 9c59270c3fd7afecdb556c50c9e8de78 -> 
  custom:SearchIndexIgnoredProperties: e643bd26f0fe6173181afceb89e7c659 -> 
  custom:AudioImporter_EditorPlatform: d09bf68614088b80899f8185d706f6e7 -> 
  custom:video-encoder-webm-vp8: eb34c28f22e8b96e1ab97ce403110664 -> 
  custom:audio-decoder-ogg-vorbis: bf7c407c2cedff20999df2af8eb42d56 -> 
  custom:audio-encoder-webm-vorbis: bf7c407c2cedff20999df2af8eb42d56 -> 
========================================================================
Received Prepare
Caller must complete domain reload
Begin MonoManager ReloadAssembly
- Loaded All Assemblies, in  0.497 seconds
Native extension for WindowsStandalone target not found
Native extension for iOS target not found
Native extension for Android target not found
Mono: successfully reloaded assembly
- Finished resetting the current domain, in  1.201 seconds
Domain Reload Profiling: 1696ms
	BeginReloadAssembly (157ms)
		ExecutionOrderSort (0ms)
		DisableScriptedObjects (12ms)
		BackupInstance (0ms)
		ReleaseScriptingObjects (0ms)
		CreateAndSetChildDomain (40ms)
	RebuildCommonClasses (34ms)
	RebuildNativeTypeToScriptingClass (9ms)
	initialDomainReloadingComplete (26ms)
	LoadAllAssembliesAndSetupDomain (268ms)
		LoadAssemblies (292ms)
		RebuildTransferFunctionScriptingTraits (0ms)
		AnalyzeDomain (51ms)
			TypeCache.Refresh (17ms)
				TypeCache.ScanAssembly (0ms)
			ScanForSourceGeneratedMonoScriptInfo (23ms)
			ResolveRequiredComponents (9ms)
	FinalizeReload (1201ms)
		ReleaseScriptCaches (0ms)
		RebuildScriptCaches (0ms)
		SetupLoadedEditorAssemblies (526ms)
			LogAssemblyErrors (0ms)
			InitializePlatformSupportModulesInManaged (31ms)
			SetLoadedEditorAssemblies (4ms)
			RefreshPlugins (0ms)
			BeforeProcessingInitializeOnLoad (66ms)
			ProcessInitializeOnLoadAttributes (365ms)
			ProcessInitializeOnLoadMethodAttributes (54ms)
			AfterProcessingInitializeOnLoad (5ms)
			EditorAssembliesLoaded (0ms)
		ExecutionOrderSort2 (0ms)
		AwakeInstancesAfterBackupRestoration (13ms)
Refreshing native plugins compatible for Editor in 3.35 ms, found 4 plugins.
Preloading 0 native plugins for Editor in 0.00 ms.
Unloading 5575 Unused Serialized files (Serialized files now loaded: 0)
Unloading 35 unused Assets / (0.9 MB). Loaded Objects now: 6342.
Memory consumption went from 199.0 MB to 198.1 MB.
Total: 3.936800 ms (FindLiveObjects: 0.416400 ms CreateObjectMapping: 0.259400 ms MarkObjects: 2.904400 ms  DeleteObjects: 0.355400 ms)

Prepare: number of updated asset objects reloaded= 0
AssetImportParameters requested are different than current active one (requested -> active):
  custom:container-demuxer-ogg: 62fdf1f143b41e24485cea50d1cbac27 -> 
  custom:video-decoder-ogg-theora: a1e56fd34408186e4bbccfd4996cb3dc -> 
  custom:framework-win-MediaFoundation: 216162199b28c13a410421893ffa2e32 -> 
  custom:CustomObjectIndexerAttribute: 72b91833f83ae208fae7752999fa3104 -> 
  custom:container-demuxer-webm: 4f35f7cbe854078d1ac9338744f61a02 -> 
  custom:container-muxer-webm: aa71ff27fc2769a1b78a27578f13a17b -> 
  custom:video-decoder-webm-vp8: 9c59270c3fd7afecdb556c50c9e8de78 -> 
  custom:SearchIndexIgnoredProperties: e643bd26f0fe6173181afceb89e7c659 -> 
  custom:AudioImporter_EditorPlatform: d09bf68614088b80899f8185d706f6e7 -> 
  custom:video-encoder-webm-vp8: eb34c28f22e8b96e1ab97ce403110664 -> 
  custom:audio-decoder-ogg-vorbis: bf7c407c2cedff20999df2af8eb42d56 -> 
  custom:audio-encoder-webm-vorbis: bf7c407c2cedff20999df2af8eb42d56 -> 
========================================================================
Received Prepare
Caller must complete domain reload
Begin MonoManager ReloadAssembly
- Loaded All Assemblies, in  0.467 seconds
Native extension for WindowsStandalone target not found
Native extension for iOS target not found
Native extension for Android target not found
Mono: successfully reloaded assembly
- Finished resetting the current domain, in  1.429 seconds
Domain Reload Profiling: 1894ms
	BeginReloadAssembly (139ms)
		ExecutionOrderSort (0ms)
		DisableScriptedObjects (10ms)
		BackupInstance (0ms)
		ReleaseScriptingObjects (0ms)
		CreateAndSetChildDomain (37ms)
	RebuildCommonClasses (30ms)
	RebuildNativeTypeToScriptingClass (9ms)
	initialDomainReloadingComplete (24ms)
	LoadAllAssembliesAndSetupDomain (263ms)
		LoadAssemblies (276ms)
		RebuildTransferFunctionScriptingTraits (0ms)
		AnalyzeDomain (50ms)
			TypeCache.Refresh (11ms)
				TypeCache.ScanAssembly (0ms)
			ScanForSourceGeneratedMonoScriptInfo (24ms)
			ResolveRequiredComponents (12ms)
	FinalizeReload (1429ms)
		ReleaseScriptCaches (0ms)
		RebuildScriptCaches (0ms)
		SetupLoadedEditorAssemblies (529ms)
			LogAssemblyErrors (0ms)
			InitializePlatformSupportModulesInManaged (42ms)
			SetLoadedEditorAssemblies (5ms)
			RefreshPlugins (0ms)
			BeforeProcessingInitializeOnLoad (70ms)
			ProcessInitializeOnLoadAttributes (348ms)
			ProcessInitializeOnLoadMethodAttributes (57ms)
			AfterProcessingInitializeOnLoad (6ms)
			EditorAssembliesLoaded (0ms)
		ExecutionOrderSort2 (0ms)
		AwakeInstancesAfterBackupRestoration (12ms)
Refreshing native plugins compatible for Editor in 6.70 ms, found 4 plugins.
Preloading 0 native plugins for Editor in 0.00 ms.
Unloading 5575 Unused Serialized files (Serialized files now loaded: 0)
Unloading 35 unused Assets / (0.9 MB). Loaded Objects now: 6347.
Memory consumption went from 199.0 MB to 198.2 MB.
Total: 3.813100 ms (FindLiveObjects: 0.443300 ms CreateObjectMapping: 0.231200 ms MarkObjects: 2.767200 ms  DeleteObjects: 0.370200 ms)

Prepare: number of updated asset objects reloaded= 0
AssetImportParameters requested are different than current active one (requested -> active):
  custom:container-demuxer-ogg: 62fdf1f143b41e24485cea50d1cbac27 -> 
  custom:video-decoder-ogg-theora: a1e56fd34408186e4bbccfd4996cb3dc -> 
  custom:framework-win-MediaFoundation: 216162199b28c13a410421893ffa2e32 -> 
  custom:CustomObjectIndexerAttribute: 72b91833f83ae208fae7752999fa3104 -> 
  custom:container-demuxer-webm: 4f35f7cbe854078d1ac9338744f61a02 -> 
  custom:container-muxer-webm: aa71ff27fc2769a1b78a27578f13a17b -> 
  custom:video-decoder-webm-vp8: 9c59270c3fd7afecdb556c50c9e8de78 -> 
  custom:SearchIndexIgnoredProperties: e643bd26f0fe6173181afceb89e7c659 -> 
  custom:AudioImporter_EditorPlatform: d09bf68614088b80899f8185d706f6e7 -> 
  custom:video-encoder-webm-vp8: eb34c28f22e8b96e1ab97ce403110664 -> 
  custom:audio-decoder-ogg-vorbis: bf7c407c2cedff20999df2af8eb42d56 -> 
  custom:audio-encoder-webm-vorbis: bf7c407c2cedff20999df2af8eb42d56 -> 
========================================================================
Received Prepare
Caller must complete domain reload
Begin MonoManager ReloadAssembly
- Loaded All Assemblies, in  0.446 seconds
Native extension for WindowsStandalone target not found
Native extension for iOS target not found
Native extension for Android target not found
Mono: successfully reloaded assembly
- Finished resetting the current domain, in  1.157 seconds
Domain Reload Profiling: 1601ms
	BeginReloadAssembly (141ms)
		ExecutionOrderSort (0ms)
		DisableScriptedObjects (10ms)
		BackupInstance (0ms)
		ReleaseScriptingObjects (0ms)
		CreateAndSetChildDomain (36ms)
	RebuildCommonClasses (30ms)
	RebuildNativeTypeToScriptingClass (10ms)
	initialDomainReloadingComplete (24ms)
	LoadAllAssembliesAndSetupDomain (238ms)
		LoadAssemblies (261ms)
		RebuildTransferFunctionScriptingTraits (0ms)
		AnalyzeDomain (45ms)
			TypeCache.Refresh (12ms)
				TypeCache.ScanAssembly (0ms)
			ScanForSourceGeneratedMonoScriptInfo (21ms)
			ResolveRequiredComponents (9ms)
	FinalizeReload (1158ms)
		ReleaseScriptCaches (0ms)
		RebuildScriptCaches (0ms)
		SetupLoadedEditorAssemblies (510ms)
			LogAssemblyErrors (0ms)
			InitializePlatformSupportModulesInManaged (28ms)
			SetLoadedEditorAssemblies (3ms)
			RefreshPlugins (0ms)
			BeforeProcessingInitializeOnLoad (66ms)
			ProcessInitializeOnLoadAttributes (355ms)
			ProcessInitializeOnLoadMethodAttributes (54ms)
			AfterProcessingInitializeOnLoad (4ms)
			EditorAssembliesLoaded (0ms)
		ExecutionOrderSort2 (0ms)
		AwakeInstancesAfterBackupRestoration (12ms)
Refreshing native plugins compatible for Editor in 4.29 ms, found 4 plugins.
Preloading 0 native plugins for Editor in 0.00 ms.
Unloading 5575 Unused Serialized files (Serialized files now loaded: 0)
Unloading 35 unused Assets / (0.9 MB). Loaded Objects now: 6352.
Memory consumption went from 199.0 MB to 198.1 MB.
Total: 4.615900 ms (FindLiveObjects: 0.507200 ms CreateObjectMapping: 0.351200 ms MarkObjects: 3.167100 ms  DeleteObjects: 0.588200 ms)

Prepare: number of updated asset objects reloaded= 0
AssetImportParameters requested are different than current active one (requested -> active):
  custom:container-demuxer-ogg: 62fdf1f143b41e24485cea50d1cbac27 -> 
  custom:video-decoder-ogg-theora: a1e56fd34408186e4bbccfd4996cb3dc -> 
  custom:framework-win-MediaFoundation: 216162199b28c13a410421893ffa2e32 -> 
  custom:CustomObjectIndexerAttribute: 72b91833f83ae208fae7752999fa3104 -> 
  custom:container-demuxer-webm: 4f35f7cbe854078d1ac9338744f61a02 -> 
  custom:container-muxer-webm: aa71ff27fc2769a1b78a27578f13a17b -> 
  custom:video-decoder-webm-vp8: 9c59270c3fd7afecdb556c50c9e8de78 -> 
  custom:SearchIndexIgnoredProperties: e643bd26f0fe6173181afceb89e7c659 -> 
  custom:AudioImporter_EditorPlatform: d09bf68614088b80899f8185d706f6e7 -> 
  custom:video-encoder-webm-vp8: eb34c28f22e8b96e1ab97ce403110664 -> 
  custom:audio-decoder-ogg-vorbis: bf7c407c2cedff20999df2af8eb42d56 -> 
  custom:audio-encoder-webm-vorbis: bf7c407c2cedff20999df2af8eb42d56 -> 
========================================================================
Received Import Request.
  Time since last request: 11824.145035 seconds.
  path: ProjectSettings/TagManager.asset
  artifactKey: Guid(00000000000000003000000000000000) Importer(815301076,1909f56bfc062723c751e8b465ee728b)
Start importing ProjectSettings/TagManager.asset using Guid(00000000000000003000000000000000) Importer(815301076,1909f56bfc062723c751e8b465ee728b) [PhysX] Initialized MultithreadedTaskDispatcher with 8 workers.
 -> (artifact id: 'bb3613dfb19501e7ab11dae2cd0f9373') in 0.013595 seconds
Number of updated asset objects reloaded before import = 0
Number of asset objects unloaded after import = 0
========================================================================
Received Prepare
Caller must complete domain reload
Begin MonoManager ReloadAssembly
- Loaded All Assemblies, in  0.424 seconds
Native extension for WindowsStandalone target not found
Native extension for iOS target not found
Native extension for Android target not found
Mono: successfully reloaded assembly
- Finished resetting the current domain, in  1.460 seconds
Domain Reload Profiling: 1882ms
	BeginReloadAssembly (140ms)
		ExecutionOrderSort (0ms)
		DisableScriptedObjects (9ms)
		BackupInstance (0ms)
		ReleaseScriptingObjects (0ms)
		CreateAndSetChildDomain (34ms)
	RebuildCommonClasses (28ms)
	RebuildNativeTypeToScriptingClass (9ms)
	initialDomainReloadingComplete (23ms)
	LoadAllAssembliesAndSetupDomain (222ms)
		LoadAssemblies (270ms)
		RebuildTransferFunctionScriptingTraits (0ms)
		AnalyzeDomain (20ms)
			TypeCache.Refresh (7ms)
				TypeCache.ScanAssembly (0ms)
			ScanForSourceGeneratedMonoScriptInfo (0ms)
			ResolveRequiredComponents (10ms)
	FinalizeReload (1460ms)
		ReleaseScriptCaches (0ms)
		RebuildScriptCaches (0ms)
		SetupLoadedEditorAssemblies (699ms)
			LogAssemblyErrors (0ms)
			InitializePlatformSupportModulesInManaged (37ms)
			SetLoadedEditorAssemblies (5ms)
			RefreshPlugins (0ms)
			BeforeProcessingInitializeOnLoad (81ms)
			ProcessInitializeOnLoadAttributes (497ms)
			ProcessInitializeOnLoadMethodAttributes (73ms)
			AfterProcessingInitializeOnLoad (5ms)
			EditorAssembliesLoaded (0ms)
		ExecutionOrderSort2 (0ms)
		AwakeInstancesAfterBackupRestoration (18ms)
Refreshing native plugins compatible for Editor in 5.02 ms, found 4 plugins.
Preloading 0 native plugins for Editor in 0.00 ms.
Unloading 5575 Unused Serialized files (Serialized files now loaded: 0)
Unloading 35 unused Assets / (0.9 MB). Loaded Objects now: 6357.
Memory consumption went from 199.0 MB to 198.2 MB.
Total: 5.297100 ms (FindLiveObjects: 0.476800 ms CreateObjectMapping: 0.277700 ms MarkObjects: 4.005300 ms  DeleteObjects: 0.536000 ms)

Prepare: number of updated asset objects reloaded= 0
AssetImportParameters requested are different than current active one (requested -> active):
  custom:container-demuxer-ogg: 62fdf1f143b41e24485cea50d1cbac27 -> 
  custom:video-decoder-ogg-theora: a1e56fd34408186e4bbccfd4996cb3dc -> 
  custom:framework-win-MediaFoundation: 216162199b28c13a410421893ffa2e32 -> 
  custom:CustomObjectIndexerAttribute: 72b91833f83ae208fae7752999fa3104 -> 
  custom:container-demuxer-webm: 4f35f7cbe854078d1ac9338744f61a02 -> 
  custom:container-muxer-webm: aa71ff27fc2769a1b78a27578f13a17b -> 
  custom:video-decoder-webm-vp8: 9c59270c3fd7afecdb556c50c9e8de78 -> 
  custom:SearchIndexIgnoredProperties: e643bd26f0fe6173181afceb89e7c659 -> 
  custom:AudioImporter_EditorPlatform: d09bf68614088b80899f8185d706f6e7 -> 
  custom:video-encoder-webm-vp8: eb34c28f22e8b96e1ab97ce403110664 -> 
  custom:audio-decoder-ogg-vorbis: bf7c407c2cedff20999df2af8eb42d56 -> 
  custom:audio-encoder-webm-vorbis: bf7c407c2cedff20999df2af8eb42d56 -> 
========================================================================
Received Prepare
Caller must complete domain reload
Begin MonoManager ReloadAssembly
- Loaded All Assemblies, in  0.438 seconds
Native extension for WindowsStandalone target not found
Native extension for iOS target not found
Native extension for Android target not found
Mono: successfully reloaded assembly
- Finished resetting the current domain, in  1.402 seconds
Domain Reload Profiling: 1838ms
	BeginReloadAssembly (150ms)
		ExecutionOrderSort (0ms)
		DisableScriptedObjects (9ms)
		BackupInstance (0ms)
		ReleaseScriptingObjects (0ms)
		CreateAndSetChildDomain (44ms)
	RebuildCommonClasses (33ms)
	RebuildNativeTypeToScriptingClass (9ms)
	initialDomainReloadingComplete (24ms)
	LoadAllAssembliesAndSetupDomain (220ms)
		LoadAssemblies (265ms)
		RebuildTransferFunctionScriptingTraits (0ms)
		AnalyzeDomain (22ms)
			TypeCache.Refresh (9ms)
				TypeCache.ScanAssembly (0ms)
			ScanForSourceGeneratedMonoScriptInfo (0ms)
			ResolveRequiredComponents (10ms)
	FinalizeReload (1402ms)
		ReleaseScriptCaches (0ms)
		RebuildScriptCaches (0ms)
		SetupLoadedEditorAssemblies (681ms)
			LogAssemblyErrors (0ms)
			InitializePlatformSupportModulesInManaged (39ms)
			SetLoadedEditorAssemblies (4ms)
			RefreshPlugins (0ms)
			BeforeProcessingInitializeOnLoad (77ms)
			ProcessInitializeOnLoadAttributes (481ms)
			ProcessInitializeOnLoadMethodAttributes (74ms)
			AfterProcessingInitializeOnLoad (5ms)
			EditorAssembliesLoaded (0ms)
		ExecutionOrderSort2 (0ms)
		AwakeInstancesAfterBackupRestoration (16ms)
Refreshing native plugins compatible for Editor in 5.51 ms, found 4 plugins.
Preloading 0 native plugins for Editor in 0.00 ms.
Unloading 5575 Unused Serialized files (Serialized files now loaded: 0)
Unloading 35 unused Assets / (0.9 MB). Loaded Objects now: 6362.
Memory consumption went from 199.0 MB to 198.2 MB.
Total: 5.332100 ms (FindLiveObjects: 0.582000 ms CreateObjectMapping: 0.527500 ms MarkObjects: 3.785800 ms  DeleteObjects: 0.435300 ms)

Prepare: number of updated asset objects reloaded= 0
AssetImportParameters requested are different than current active one (requested -> active):
  custom:container-demuxer-ogg: 62fdf1f143b41e24485cea50d1cbac27 -> 
  custom:video-decoder-ogg-theora: a1e56fd34408186e4bbccfd4996cb3dc -> 
  custom:framework-win-MediaFoundation: 216162199b28c13a410421893ffa2e32 -> 
  custom:CustomObjectIndexerAttribute: 72b91833f83ae208fae7752999fa3104 -> 
  custom:container-demuxer-webm: 4f35f7cbe854078d1ac9338744f61a02 -> 
  custom:container-muxer-webm: aa71ff27fc2769a1b78a27578f13a17b -> 
  custom:video-decoder-webm-vp8: 9c59270c3fd7afecdb556c50c9e8de78 -> 
  custom:SearchIndexIgnoredProperties: e643bd26f0fe6173181afceb89e7c659 -> 
  custom:AudioImporter_EditorPlatform: d09bf68614088b80899f8185d706f6e7 -> 
  custom:video-encoder-webm-vp8: eb34c28f22e8b96e1ab97ce403110664 -> 
  custom:audio-decoder-ogg-vorbis: bf7c407c2cedff20999df2af8eb42d56 -> 
  custom:audio-encoder-webm-vorbis: bf7c407c2cedff20999df2af8eb42d56 -> 
========================================================================
Received Prepare
Caller must complete domain reload
Begin MonoManager ReloadAssembly
- Loaded All Assemblies, in  0.484 seconds
Native extension for WindowsStandalone target not found
Native extension for iOS target not found
Native extension for Android target not found
Mono: successfully reloaded assembly
- Finished resetting the current domain, in  1.827 seconds
Domain Reload Profiling: 2309ms
	BeginReloadAssembly (160ms)
		ExecutionOrderSort (0ms)
		DisableScriptedObjects (11ms)
		BackupInstance (0ms)
		ReleaseScriptingObjects (0ms)
		CreateAndSetChildDomain (54ms)
	RebuildCommonClasses (32ms)
	RebuildNativeTypeToScriptingClass (9ms)
	initialDomainReloadingComplete (24ms)
	LoadAllAssembliesAndSetupDomain (257ms)
		LoadAssemblies (269ms)
		RebuildTransferFunctionScriptingTraits (0ms)
		AnalyzeDomain (54ms)
			TypeCache.Refresh (12ms)
				TypeCache.ScanAssembly (0ms)
			ScanForSourceGeneratedMonoScriptInfo (27ms)
			ResolveRequiredComponents (12ms)
	FinalizeReload (1828ms)
		ReleaseScriptCaches (0ms)
		RebuildScriptCaches (0ms)
		SetupLoadedEditorAssemblies (622ms)
			LogAssemblyErrors (0ms)
			InitializePlatformSupportModulesInManaged (45ms)
			SetLoadedEditorAssemblies (3ms)
			RefreshPlugins (0ms)
			BeforeProcessingInitializeOnLoad (84ms)
			ProcessInitializeOnLoadAttributes (425ms)
			ProcessInitializeOnLoadMethodAttributes (60ms)
			AfterProcessingInitializeOnLoad (5ms)
			EditorAssembliesLoaded (0ms)
		ExecutionOrderSort2 (0ms)
		AwakeInstancesAfterBackupRestoration (13ms)
Refreshing native plugins compatible for Editor in 4.04 ms, found 4 plugins.
Preloading 0 native plugins for Editor in 0.00 ms.
Unloading 5575 Unused Serialized files (Serialized files now loaded: 0)
Unloading 35 unused Assets / (0.9 MB). Loaded Objects now: 6367.
Memory consumption went from 199.0 MB to 198.2 MB.
Total: 4.204800 ms (FindLiveObjects: 0.444700 ms CreateObjectMapping: 0.214600 ms MarkObjects: 3.140900 ms  DeleteObjects: 0.402800 ms)

Prepare: number of updated asset objects reloaded= 0
AssetImportParameters requested are different than current active one (requested -> active):
  custom:container-demuxer-ogg: 62fdf1f143b41e24485cea50d1cbac27 -> 
  custom:video-decoder-ogg-theora: a1e56fd34408186e4bbccfd4996cb3dc -> 
  custom:framework-win-MediaFoundation: 216162199b28c13a410421893ffa2e32 -> 
  custom:CustomObjectIndexerAttribute: 72b91833f83ae208fae7752999fa3104 -> 
  custom:container-demuxer-webm: 4f35f7cbe854078d1ac9338744f61a02 -> 
  custom:container-muxer-webm: aa71ff27fc2769a1b78a27578f13a17b -> 
  custom:video-decoder-webm-vp8: 9c59270c3fd7afecdb556c50c9e8de78 -> 
  custom:SearchIndexIgnoredProperties: e643bd26f0fe6173181afceb89e7c659 -> 
  custom:AudioImporter_EditorPlatform: d09bf68614088b80899f8185d706f6e7 -> 
  custom:video-encoder-webm-vp8: eb34c28f22e8b96e1ab97ce403110664 -> 
  custom:audio-decoder-ogg-vorbis: bf7c407c2cedff20999df2af8eb42d56 -> 
  custom:audio-encoder-webm-vorbis: bf7c407c2cedff20999df2af8eb42d56 -> 
========================================================================
Received Prepare
Caller must complete domain reload
Begin MonoManager ReloadAssembly
- Loaded All Assemblies, in  0.440 seconds
Native extension for WindowsStandalone target not found
Native extension for iOS target not found
Native extension for Android target not found
Mono: successfully reloaded assembly
- Finished resetting the current domain, in  1.399 seconds
Domain Reload Profiling: 1836ms
	BeginReloadAssembly (154ms)
		ExecutionOrderSort (0ms)
		DisableScriptedObjects (10ms)
		BackupInstance (0ms)
		ReleaseScriptingObjects (0ms)
		CreateAndSetChildDomain (37ms)
	RebuildCommonClasses (30ms)
	RebuildNativeTypeToScriptingClass (9ms)
	initialDomainReloadingComplete (30ms)
	LoadAllAssembliesAndSetupDomain (213ms)
		LoadAssemblies (271ms)
		RebuildTransferFunctionScriptingTraits (0ms)
		AnalyzeDomain (20ms)
			TypeCache.Refresh (6ms)
				TypeCache.ScanAssembly (0ms)
			ScanForSourceGeneratedMonoScriptInfo (0ms)
			ResolveRequiredComponents (11ms)
	FinalizeReload (1399ms)
		ReleaseScriptCaches (0ms)
		RebuildScriptCaches (0ms)
		SetupLoadedEditorAssemblies (696ms)
			LogAssemblyErrors (0ms)
			InitializePlatformSupportModulesInManaged (36ms)
			SetLoadedEditorAssemblies (4ms)
			RefreshPlugins (0ms)
			BeforeProcessingInitializeOnLoad (79ms)
			ProcessInitializeOnLoadAttributes (497ms)
			ProcessInitializeOnLoadMethodAttributes (74ms)
			AfterProcessingInitializeOnLoad (6ms)
			EditorAssembliesLoaded (0ms)
		ExecutionOrderSort2 (0ms)
		AwakeInstancesAfterBackupRestoration (18ms)
Refreshing native plugins compatible for Editor in 5.84 ms, found 4 plugins.
Preloading 0 native plugins for Editor in 0.00 ms.
Unloading 5575 Unused Serialized files (Serialized files now loaded: 0)
Unloading 35 unused Assets / (0.9 MB). Loaded Objects now: 6372.
Memory consumption went from 199.0 MB to 198.2 MB.
Total: 4.487900 ms (FindLiveObjects: 0.468700 ms CreateObjectMapping: 0.274100 ms MarkObjects: 3.358600 ms  DeleteObjects: 0.385500 ms)

Prepare: number of updated asset objects reloaded= 0
AssetImportParameters requested are different than current active one (requested -> active):
  custom:container-demuxer-ogg: 62fdf1f143b41e24485cea50d1cbac27 -> 
  custom:video-decoder-ogg-theora: a1e56fd34408186e4bbccfd4996cb3dc -> 
  custom:framework-win-MediaFoundation: 216162199b28c13a410421893ffa2e32 -> 
  custom:CustomObjectIndexerAttribute: 72b91833f83ae208fae7752999fa3104 -> 
  custom:container-demuxer-webm: 4f35f7cbe854078d1ac9338744f61a02 -> 
  custom:container-muxer-webm: aa71ff27fc2769a1b78a27578f13a17b -> 
  custom:video-decoder-webm-vp8: 9c59270c3fd7afecdb556c50c9e8de78 -> 
  custom:SearchIndexIgnoredProperties: e643bd26f0fe6173181afceb89e7c659 -> 
  custom:AudioImporter_EditorPlatform: d09bf68614088b80899f8185d706f6e7 -> 
  custom:video-encoder-webm-vp8: eb34c28f22e8b96e1ab97ce403110664 -> 
  custom:audio-decoder-ogg-vorbis: bf7c407c2cedff20999df2af8eb42d56 -> 
  custom:audio-encoder-webm-vorbis: bf7c407c2cedff20999df2af8eb42d56 -> 
========================================================================
Received Prepare
Caller must complete domain reload
Begin MonoManager ReloadAssembly
- Loaded All Assemblies, in  0.498 seconds
Native extension for WindowsStandalone target not found
Native extension for iOS target not found
Native extension for Android target not found
Mono: successfully reloaded assembly
- Finished resetting the current domain, in  1.252 seconds
Domain Reload Profiling: 1746ms
	BeginReloadAssembly (161ms)
		ExecutionOrderSort (0ms)
		DisableScriptedObjects (12ms)
		BackupInstance (0ms)
		ReleaseScriptingObjects (0ms)
		CreateAndSetChildDomain (37ms)
	RebuildCommonClasses (33ms)
	RebuildNativeTypeToScriptingClass (9ms)
	initialDomainReloadingComplete (28ms)
	LoadAllAssembliesAndSetupDomain (263ms)
		LoadAssemblies (299ms)
		RebuildTransferFunctionScriptingTraits (0ms)
		AnalyzeDomain (46ms)
			TypeCache.Refresh (12ms)
				TypeCache.ScanAssembly (0ms)
			ScanForSourceGeneratedMonoScriptInfo (22ms)
			ResolveRequiredComponents (9ms)
	FinalizeReload (1252ms)
		ReleaseScriptCaches (0ms)
		RebuildScriptCaches (0ms)
		SetupLoadedEditorAssemblies (567ms)
			LogAssemblyErrors (0ms)
			InitializePlatformSupportModulesInManaged (30ms)
			SetLoadedEditorAssemblies (3ms)
			RefreshPlugins (0ms)
			BeforeProcessingInitializeOnLoad (72ms)
			ProcessInitializeOnLoadAttributes (394ms)
			ProcessInitializeOnLoadMethodAttributes (61ms)
			AfterProcessingInitializeOnLoad (6ms)
			EditorAssembliesLoaded (0ms)
		ExecutionOrderSort2 (0ms)
		AwakeInstancesAfterBackupRestoration (17ms)
Refreshing native plugins compatible for Editor in 3.36 ms, found 4 plugins.
Preloading 0 native plugins for Editor in 0.00 ms.
Unloading 5575 Unused Serialized files (Serialized files now loaded: 0)
Unloading 35 unused Assets / (0.9 MB). Loaded Objects now: 6377.
Memory consumption went from 199.0 MB to 198.1 MB.
Total: 5.156800 ms (FindLiveObjects: 0.440800 ms CreateObjectMapping: 0.235400 ms MarkObjects: 3.937100 ms  DeleteObjects: 0.541500 ms)

Prepare: number of updated asset objects reloaded= 0
AssetImportParameters requested are different than current active one (requested -> active):
  custom:container-demuxer-ogg: 62fdf1f143b41e24485cea50d1cbac27 -> 
  custom:video-decoder-ogg-theora: a1e56fd34408186e4bbccfd4996cb3dc -> 
  custom:framework-win-MediaFoundation: 216162199b28c13a410421893ffa2e32 -> 
  custom:CustomObjectIndexerAttribute: 72b91833f83ae208fae7752999fa3104 -> 
  custom:container-demuxer-webm: 4f35f7cbe854078d1ac9338744f61a02 -> 
  custom:container-muxer-webm: aa71ff27fc2769a1b78a27578f13a17b -> 
  custom:video-decoder-webm-vp8: 9c59270c3fd7afecdb556c50c9e8de78 -> 
  custom:SearchIndexIgnoredProperties: e643bd26f0fe6173181afceb89e7c659 -> 
  custom:AudioImporter_EditorPlatform: d09bf68614088b80899f8185d706f6e7 -> 
  custom:video-encoder-webm-vp8: eb34c28f22e8b96e1ab97ce403110664 -> 
  custom:audio-decoder-ogg-vorbis: bf7c407c2cedff20999df2af8eb42d56 -> 
  custom:audio-encoder-webm-vorbis: bf7c407c2cedff20999df2af8eb42d56 -> 
========================================================================
Received Prepare
Caller must complete domain reload
Begin MonoManager ReloadAssembly
- Loaded All Assemblies, in  0.451 seconds
Native extension for WindowsStandalone target not found
Native extension for iOS target not found
Native extension for Android target not found
Mono: successfully reloaded assembly
- Finished resetting the current domain, in  1.418 seconds
Domain Reload Profiling: 1867ms
	BeginReloadAssembly (156ms)
		ExecutionOrderSort (0ms)
		DisableScriptedObjects (12ms)
		BackupInstance (0ms)
		ReleaseScriptingObjects (0ms)
		CreateAndSetChildDomain (43ms)
	RebuildCommonClasses (27ms)
	RebuildNativeTypeToScriptingClass (10ms)
	initialDomainReloadingComplete (26ms)
	LoadAllAssembliesAndSetupDomain (230ms)
		LoadAssemblies (273ms)
		RebuildTransferFunctionScriptingTraits (0ms)
		AnalyzeDomain (23ms)
			TypeCache.Refresh (8ms)
				TypeCache.ScanAssembly (0ms)
			ScanForSourceGeneratedMonoScriptInfo (0ms)
			ResolveRequiredComponents (12ms)
	FinalizeReload (1418ms)
		ReleaseScriptCaches (0ms)
		RebuildScriptCaches (0ms)
		SetupLoadedEditorAssemblies (727ms)
			LogAssemblyErrors (0ms)
			InitializePlatformSupportModulesInManaged (37ms)
			SetLoadedEditorAssemblies (3ms)
			RefreshPlugins (0ms)
			BeforeProcessingInitializeOnLoad (77ms)
			ProcessInitializeOnLoadAttributes (516ms)
			ProcessInitializeOnLoadMethodAttributes (87ms)
			AfterProcessingInitializeOnLoad (5ms)
			EditorAssembliesLoaded (0ms)
		ExecutionOrderSort2 (0ms)
		AwakeInstancesAfterBackupRestoration (16ms)
Refreshing native plugins compatible for Editor in 5.44 ms, found 4 plugins.
Preloading 0 native plugins for Editor in 0.00 ms.
Unloading 5575 Unused Serialized files (Serialized files now loaded: 0)
Unloading 35 unused Assets / (0.9 MB). Loaded Objects now: 6382.
Memory consumption went from 199.1 MB to 198.2 MB.
Total: 5.087700 ms (FindLiveObjects: 0.467400 ms CreateObjectMapping: 0.379000 ms MarkObjects: 3.770200 ms  DeleteObjects: 0.469400 ms)

Prepare: number of updated asset objects reloaded= 0
AssetImportParameters requested are different than current active one (requested -> active):
  custom:container-demuxer-ogg: 62fdf1f143b41e24485cea50d1cbac27 -> 
  custom:video-decoder-ogg-theora: a1e56fd34408186e4bbccfd4996cb3dc -> 
  custom:framework-win-MediaFoundation: 216162199b28c13a410421893ffa2e32 -> 
  custom:CustomObjectIndexerAttribute: 72b91833f83ae208fae7752999fa3104 -> 
  custom:container-demuxer-webm: 4f35f7cbe854078d1ac9338744f61a02 -> 
  custom:container-muxer-webm: aa71ff27fc2769a1b78a27578f13a17b -> 
  custom:video-decoder-webm-vp8: 9c59270c3fd7afecdb556c50c9e8de78 -> 
  custom:SearchIndexIgnoredProperties: e643bd26f0fe6173181afceb89e7c659 -> 
  custom:AudioImporter_EditorPlatform: d09bf68614088b80899f8185d706f6e7 -> 
  custom:video-encoder-webm-vp8: eb34c28f22e8b96e1ab97ce403110664 -> 
  custom:audio-decoder-ogg-vorbis: bf7c407c2cedff20999df2af8eb42d56 -> 
  custom:audio-encoder-webm-vorbis: bf7c407c2cedff20999df2af8eb42d56 -> 
========================================================================
Received Prepare
Caller must complete domain reload
Begin MonoManager ReloadAssembly
- Loaded All Assemblies, in  0.463 seconds
Native extension for WindowsStandalone target not found
Native extension for iOS target not found
Native extension for Android target not found
Mono: successfully reloaded assembly
- Finished resetting the current domain, in  1.193 seconds
Domain Reload Profiling: 1655ms
	BeginReloadAssembly (136ms)
		ExecutionOrderSort (0ms)
		DisableScriptedObjects (9ms)
		BackupInstance (0ms)
		ReleaseScriptingObjects (0ms)
		CreateAndSetChildDomain (34ms)
	RebuildCommonClasses (31ms)
	RebuildNativeTypeToScriptingClass (10ms)
	initialDomainReloadingComplete (25ms)
	LoadAllAssembliesAndSetupDomain (260ms)
		LoadAssemblies (261ms)
		RebuildTransferFunctionScriptingTraits (0ms)
		AnalyzeDomain (62ms)
			TypeCache.Refresh (16ms)
				TypeCache.ScanAssembly (0ms)
			ScanForSourceGeneratedMonoScriptInfo (33ms)
			ResolveRequiredComponents (9ms)
	FinalizeReload (1194ms)
		ReleaseScriptCaches (0ms)
		RebuildScriptCaches (0ms)
		SetupLoadedEditorAssemblies (517ms)
			LogAssemblyErrors (0ms)
			InitializePlatformSupportModulesInManaged (27ms)
			SetLoadedEditorAssemblies (3ms)
			RefreshPlugins (0ms)
			BeforeProcessingInitializeOnLoad (65ms)
			ProcessInitializeOnLoadAttributes (360ms)
			ProcessInitializeOnLoadMethodAttributes (57ms)
			AfterProcessingInitializeOnLoad (4ms)
			EditorAssembliesLoaded (0ms)
		ExecutionOrderSort2 (0ms)
		AwakeInstancesAfterBackupRestoration (13ms)
Refreshing native plugins compatible for Editor in 3.77 ms, found 4 plugins.
Preloading 0 native plugins for Editor in 0.00 ms.
Unloading 5575 Unused Serialized files (Serialized files now loaded: 0)
Unloading 35 unused Assets / (0.9 MB). Loaded Objects now: 6387.
Memory consumption went from 199.1 MB to 198.2 MB.
Total: 4.777200 ms (FindLiveObjects: 0.419900 ms CreateObjectMapping: 0.219500 ms MarkObjects: 3.702700 ms  DeleteObjects: 0.433800 ms)

Prepare: number of updated asset objects reloaded= 0
AssetImportParameters requested are different than current active one (requested -> active):
  custom:container-demuxer-ogg: 62fdf1f143b41e24485cea50d1cbac27 -> 
  custom:video-decoder-ogg-theora: a1e56fd34408186e4bbccfd4996cb3dc -> 
  custom:framework-win-MediaFoundation: 216162199b28c13a410421893ffa2e32 -> 
  custom:CustomObjectIndexerAttribute: 72b91833f83ae208fae7752999fa3104 -> 
  custom:container-demuxer-webm: 4f35f7cbe854078d1ac9338744f61a02 -> 
  custom:container-muxer-webm: aa71ff27fc2769a1b78a27578f13a17b -> 
  custom:video-decoder-webm-vp8: 9c59270c3fd7afecdb556c50c9e8de78 -> 
  custom:SearchIndexIgnoredProperties: e643bd26f0fe6173181afceb89e7c659 -> 
  custom:AudioImporter_EditorPlatform: d09bf68614088b80899f8185d706f6e7 -> 
  custom:video-encoder-webm-vp8: eb34c28f22e8b96e1ab97ce403110664 -> 
  custom:audio-decoder-ogg-vorbis: bf7c407c2cedff20999df2af8eb42d56 -> 
  custom:audio-encoder-webm-vorbis: bf7c407c2cedff20999df2af8eb42d56 -> 
========================================================================
Received Prepare
Caller must complete domain reload
Begin MonoManager ReloadAssembly
- Loaded All Assemblies, in  0.465 seconds
Native extension for WindowsStandalone target not found
Native extension for iOS target not found
Native extension for Android target not found
Mono: successfully reloaded assembly
- Finished resetting the current domain, in  1.239 seconds
Domain Reload Profiling: 1702ms
	BeginReloadAssembly (155ms)
		ExecutionOrderSort (0ms)
		DisableScriptedObjects (9ms)
		BackupInstance (0ms)
		ReleaseScriptingObjects (0ms)
		CreateAndSetChildDomain (36ms)
	RebuildCommonClasses (30ms)
	RebuildNativeTypeToScriptingClass (11ms)
	initialDomainReloadingComplete (25ms)
	LoadAllAssembliesAndSetupDomain (242ms)
		LoadAssemblies (277ms)
		RebuildTransferFunctionScriptingTraits (0ms)
		AnalyzeDomain (47ms)
			TypeCache.Refresh (10ms)
				TypeCache.ScanAssembly (0ms)
			ScanForSourceGeneratedMonoScriptInfo (22ms)
			ResolveRequiredComponents (11ms)
	FinalizeReload (1240ms)
		ReleaseScriptCaches (0ms)
		RebuildScriptCaches (0ms)
		SetupLoadedEditorAssemblies (518ms)
			LogAssemblyErrors (0ms)
			InitializePlatformSupportModulesInManaged (27ms)
			SetLoadedEditorAssemblies (3ms)
			RefreshPlugins (0ms)
			BeforeProcessingInitializeOnLoad (64ms)
			ProcessInitializeOnLoadAttributes (361ms)
			ProcessInitializeOnLoadMethodAttributes (58ms)
			AfterProcessingInitializeOnLoad (5ms)
			EditorAssembliesLoaded (0ms)
		ExecutionOrderSort2 (0ms)
		AwakeInstancesAfterBackupRestoration (13ms)
Refreshing native plugins compatible for Editor in 3.56 ms, found 4 plugins.
Preloading 0 native plugins for Editor in 0.00 ms.
Unloading 5575 Unused Serialized files (Serialized files now loaded: 0)
Unloading 35 unused Assets / (0.9 MB). Loaded Objects now: 6392.
Memory consumption went from 199.1 MB to 198.2 MB.
Total: 4.215900 ms (FindLiveObjects: 0.446000 ms CreateObjectMapping: 0.237100 ms MarkObjects: 3.139800 ms  DeleteObjects: 0.391100 ms)

Prepare: number of updated asset objects reloaded= 0
AssetImportParameters requested are different than current active one (requested -> active):
  custom:container-demuxer-ogg: 62fdf1f143b41e24485cea50d1cbac27 -> 
  custom:video-decoder-ogg-theora: a1e56fd34408186e4bbccfd4996cb3dc -> 
  custom:framework-win-MediaFoundation: 216162199b28c13a410421893ffa2e32 -> 
  custom:CustomObjectIndexerAttribute: 72b91833f83ae208fae7752999fa3104 -> 
  custom:container-demuxer-webm: 4f35f7cbe854078d1ac9338744f61a02 -> 
  custom:container-muxer-webm: aa71ff27fc2769a1b78a27578f13a17b -> 
  custom:video-decoder-webm-vp8: 9c59270c3fd7afecdb556c50c9e8de78 -> 
  custom:SearchIndexIgnoredProperties: e643bd26f0fe6173181afceb89e7c659 -> 
  custom:AudioImporter_EditorPlatform: d09bf68614088b80899f8185d706f6e7 -> 
  custom:video-encoder-webm-vp8: eb34c28f22e8b96e1ab97ce403110664 -> 
  custom:audio-decoder-ogg-vorbis: bf7c407c2cedff20999df2af8eb42d56 -> 
  custom:audio-encoder-webm-vorbis: bf7c407c2cedff20999df2af8eb42d56 -> 
========================================================================
Received Prepare
Caller must complete domain reload
Begin MonoManager ReloadAssembly
- Loaded All Assemblies, in  0.415 seconds
Native extension for WindowsStandalone target not found
Native extension for iOS target not found
Native extension for Android target not found
Mono: successfully reloaded assembly
- Finished resetting the current domain, in  1.415 seconds
Domain Reload Profiling: 1826ms
	BeginReloadAssembly (139ms)
		ExecutionOrderSort (0ms)
		DisableScriptedObjects (9ms)
		BackupInstance (0ms)
		ReleaseScriptingObjects (0ms)
		CreateAndSetChildDomain (34ms)
	RebuildCommonClasses (27ms)
	RebuildNativeTypeToScriptingClass (14ms)
	initialDomainReloadingComplete (26ms)
	LoadAllAssembliesAndSetupDomain (205ms)
		LoadAssemblies (253ms)
		RebuildTransferFunctionScriptingTraits (0ms)
		AnalyzeDomain (19ms)
			TypeCache.Refresh (7ms)
				TypeCache.ScanAssembly (0ms)
			ScanForSourceGeneratedMonoScriptInfo (0ms)
			ResolveRequiredComponents (9ms)
	FinalizeReload (1415ms)
		ReleaseScriptCaches (0ms)
		RebuildScriptCaches (0ms)
		SetupLoadedEditorAssemblies (698ms)
			LogAssemblyErrors (0ms)
			InitializePlatformSupportModulesInManaged (37ms)
			SetLoadedEditorAssemblies (4ms)
			RefreshPlugins (0ms)
			BeforeProcessingInitializeOnLoad (78ms)
			ProcessInitializeOnLoadAttributes (497ms)
			ProcessInitializeOnLoadMethodAttributes (76ms)
			AfterProcessingInitializeOnLoad (7ms)
			EditorAssembliesLoaded (0ms)
		ExecutionOrderSort2 (0ms)
		AwakeInstancesAfterBackupRestoration (24ms)
Refreshing native plugins compatible for Editor in 5.68 ms, found 4 plugins.
Preloading 0 native plugins for Editor in 0.00 ms.
Unloading 5575 Unused Serialized files (Serialized files now loaded: 0)
Unloading 35 unused Assets / (0.9 MB). Loaded Objects now: 6397.
Memory consumption went from 199.1 MB to 198.2 MB.
Total: 6.502600 ms (FindLiveObjects: 1.239000 ms CreateObjectMapping: 0.632100 ms MarkObjects: 3.932500 ms  DeleteObjects: 0.697100 ms)

Prepare: number of updated asset objects reloaded= 0
AssetImportParameters requested are different than current active one (requested -> active):
  custom:container-demuxer-ogg: 62fdf1f143b41e24485cea50d1cbac27 -> 
  custom:video-decoder-ogg-theora: a1e56fd34408186e4bbccfd4996cb3dc -> 
  custom:framework-win-MediaFoundation: 216162199b28c13a410421893ffa2e32 -> 
  custom:CustomObjectIndexerAttribute: 72b91833f83ae208fae7752999fa3104 -> 
  custom:container-demuxer-webm: 4f35f7cbe854078d1ac9338744f61a02 -> 
  custom:container-muxer-webm: aa71ff27fc2769a1b78a27578f13a17b -> 
  custom:video-decoder-webm-vp8: 9c59270c3fd7afecdb556c50c9e8de78 -> 
  custom:SearchIndexIgnoredProperties: e643bd26f0fe6173181afceb89e7c659 -> 
  custom:AudioImporter_EditorPlatform: d09bf68614088b80899f8185d706f6e7 -> 
  custom:video-encoder-webm-vp8: eb34c28f22e8b96e1ab97ce403110664 -> 
  custom:audio-decoder-ogg-vorbis: bf7c407c2cedff20999df2af8eb42d56 -> 
  custom:audio-encoder-webm-vorbis: bf7c407c2cedff20999df2af8eb42d56 -> 
========================================================================
Received Prepare
Caller must complete domain reload
Begin MonoManager ReloadAssembly
- Loaded All Assemblies, in  0.532 seconds
Native extension for WindowsStandalone target not found
Native extension for iOS target not found
Native extension for Android target not found
Mono: successfully reloaded assembly
- Finished resetting the current domain, in  1.261 seconds
Domain Reload Profiling: 1791ms
	BeginReloadAssembly (148ms)
		ExecutionOrderSort (0ms)
		DisableScriptedObjects (9ms)
		BackupInstance (0ms)
		ReleaseScriptingObjects (0ms)
		CreateAndSetChildDomain (41ms)
	RebuildCommonClasses (45ms)
	RebuildNativeTypeToScriptingClass (9ms)
	initialDomainReloadingComplete (30ms)
	LoadAllAssembliesAndSetupDomain (297ms)
		LoadAssemblies (316ms)
		RebuildTransferFunctionScriptingTraits (0ms)
		AnalyzeDomain (50ms)
			TypeCache.Refresh (12ms)
				TypeCache.ScanAssembly (0ms)
			ScanForSourceGeneratedMonoScriptInfo (25ms)
			ResolveRequiredComponents (9ms)
	FinalizeReload (1261ms)
		ReleaseScriptCaches (0ms)
		RebuildScriptCaches (0ms)
		SetupLoadedEditorAssemblies (551ms)
			LogAssemblyErrors (0ms)
			InitializePlatformSupportModulesInManaged (26ms)
			SetLoadedEditorAssemblies (3ms)
			RefreshPlugins (0ms)
			BeforeProcessingInitializeOnLoad (75ms)
			ProcessInitializeOnLoadAttributes (388ms)
			ProcessInitializeOnLoadMethodAttributes (53ms)
			AfterProcessingInitializeOnLoad (5ms)
			EditorAssembliesLoaded (0ms)
		ExecutionOrderSort2 (0ms)
		AwakeInstancesAfterBackupRestoration (15ms)
Refreshing native plugins compatible for Editor in 4.04 ms, found 4 plugins.
Preloading 0 native plugins for Editor in 0.00 ms.
Unloading 5575 Unused Serialized files (Serialized files now loaded: 0)
Unloading 35 unused Assets / (0.9 MB). Loaded Objects now: 6402.
Memory consumption went from 199.0 MB to 198.1 MB.
Total: 7.475400 ms (FindLiveObjects: 0.981000 ms CreateObjectMapping: 1.081000 ms MarkObjects: 4.981600 ms  DeleteObjects: 0.429500 ms)

Prepare: number of updated asset objects reloaded= 0
AssetImportParameters requested are different than current active one (requested -> active):
  custom:container-demuxer-ogg: 62fdf1f143b41e24485cea50d1cbac27 -> 
  custom:video-decoder-ogg-theora: a1e56fd34408186e4bbccfd4996cb3dc -> 
  custom:framework-win-MediaFoundation: 216162199b28c13a410421893ffa2e32 -> 
  custom:CustomObjectIndexerAttribute: 72b91833f83ae208fae7752999fa3104 -> 
  custom:container-demuxer-webm: 4f35f7cbe854078d1ac9338744f61a02 -> 
  custom:container-muxer-webm: aa71ff27fc2769a1b78a27578f13a17b -> 
  custom:video-decoder-webm-vp8: 9c59270c3fd7afecdb556c50c9e8de78 -> 
  custom:SearchIndexIgnoredProperties: e643bd26f0fe6173181afceb89e7c659 -> 
  custom:AudioImporter_EditorPlatform: d09bf68614088b80899f8185d706f6e7 -> 
  custom:video-encoder-webm-vp8: eb34c28f22e8b96e1ab97ce403110664 -> 
  custom:audio-decoder-ogg-vorbis: bf7c407c2cedff20999df2af8eb42d56 -> 
  custom:audio-encoder-webm-vorbis: bf7c407c2cedff20999df2af8eb42d56 -> 
========================================================================
Received Prepare
Caller must complete domain reload
Begin MonoManager ReloadAssembly
- Loaded All Assemblies, in  0.961 seconds
Native extension for WindowsStandalone target not found
Native extension for iOS target not found
Native extension for Android target not found
Mono: successfully reloaded assembly
- Finished resetting the current domain, in  1.267 seconds
Domain Reload Profiling: 2222ms
	BeginReloadAssembly (163ms)
		ExecutionOrderSort (0ms)
		DisableScriptedObjects (9ms)
		BackupInstance (0ms)
		ReleaseScriptingObjects (0ms)
		CreateAndSetChildDomain (37ms)
	RebuildCommonClasses (41ms)
	RebuildNativeTypeToScriptingClass (10ms)
	initialDomainReloadingComplete (37ms)
	LoadAllAssembliesAndSetupDomain (703ms)
		LoadAssemblies (717ms)
		RebuildTransferFunctionScriptingTraits (0ms)
		AnalyzeDomain (67ms)
			TypeCache.Refresh (24ms)
				TypeCache.ScanAssembly (0ms)
			ScanForSourceGeneratedMonoScriptInfo (26ms)
			ResolveRequiredComponents (14ms)
	FinalizeReload (1268ms)
		ReleaseScriptCaches (0ms)
		RebuildScriptCaches (0ms)
		SetupLoadedEditorAssemblies (506ms)
			LogAssemblyErrors (0ms)
			InitializePlatformSupportModulesInManaged (27ms)
			SetLoadedEditorAssemblies (3ms)
			RefreshPlugins (0ms)
			BeforeProcessingInitializeOnLoad (64ms)
			ProcessInitializeOnLoadAttributes (357ms)
			ProcessInitializeOnLoadMethodAttributes (52ms)
			AfterProcessingInitializeOnLoad (4ms)
			EditorAssembliesLoaded (0ms)
		ExecutionOrderSort2 (0ms)
		AwakeInstancesAfterBackupRestoration (12ms)
Refreshing native plugins compatible for Editor in 3.09 ms, found 4 plugins.
Preloading 0 native plugins for Editor in 0.00 ms.
Unloading 5575 Unused Serialized files (Serialized files now loaded: 0)
Unloading 35 unused Assets / (0.9 MB). Loaded Objects now: 6407.
Memory consumption went from 199.1 MB to 198.2 MB.
Total: 4.057100 ms (FindLiveObjects: 0.462300 ms CreateObjectMapping: 0.254200 ms MarkObjects: 2.997500 ms  DeleteObjects: 0.341700 ms)

Prepare: number of updated asset objects reloaded= 0
AssetImportParameters requested are different than current active one (requested -> active):
  custom:container-demuxer-ogg: 62fdf1f143b41e24485cea50d1cbac27 -> 
  custom:video-decoder-ogg-theora: a1e56fd34408186e4bbccfd4996cb3dc -> 
  custom:framework-win-MediaFoundation: 216162199b28c13a410421893ffa2e32 -> 
  custom:CustomObjectIndexerAttribute: 72b91833f83ae208fae7752999fa3104 -> 
  custom:container-demuxer-webm: 4f35f7cbe854078d1ac9338744f61a02 -> 
  custom:container-muxer-webm: aa71ff27fc2769a1b78a27578f13a17b -> 
  custom:video-decoder-webm-vp8: 9c59270c3fd7afecdb556c50c9e8de78 -> 
  custom:SearchIndexIgnoredProperties: e643bd26f0fe6173181afceb89e7c659 -> 
  custom:AudioImporter_EditorPlatform: d09bf68614088b80899f8185d706f6e7 -> 
  custom:video-encoder-webm-vp8: eb34c28f22e8b96e1ab97ce403110664 -> 
  custom:audio-decoder-ogg-vorbis: bf7c407c2cedff20999df2af8eb42d56 -> 
  custom:audio-encoder-webm-vorbis: bf7c407c2cedff20999df2af8eb42d56 -> 
========================================================================
Received Prepare
Caller must complete domain reload
Begin MonoManager ReloadAssembly
- Loaded All Assemblies, in  0.431 seconds
Native extension for WindowsStandalone target not found
Native extension for iOS target not found
Native extension for Android target not found
Mono: successfully reloaded assembly
- Finished resetting the current domain, in  1.422 seconds
Domain Reload Profiling: 1850ms
	BeginReloadAssembly (158ms)
		ExecutionOrderSort (0ms)
		DisableScriptedObjects (13ms)
		BackupInstance (0ms)
		ReleaseScriptingObjects (0ms)
		CreateAndSetChildDomain (35ms)
	RebuildCommonClasses (28ms)
	RebuildNativeTypeToScriptingClass (10ms)
	initialDomainReloadingComplete (28ms)
	LoadAllAssembliesAndSetupDomain (205ms)
		LoadAssemblies (266ms)
		RebuildTransferFunctionScriptingTraits (0ms)
		AnalyzeDomain (19ms)
			TypeCache.Refresh (6ms)
				TypeCache.ScanAssembly (0ms)
			ScanForSourceGeneratedMonoScriptInfo (0ms)
			ResolveRequiredComponents (9ms)
	FinalizeReload (1423ms)
		ReleaseScriptCaches (0ms)
		RebuildScriptCaches (0ms)
		SetupLoadedEditorAssemblies (732ms)
			LogAssemblyErrors (0ms)
			InitializePlatformSupportModulesInManaged (51ms)
			SetLoadedEditorAssemblies (4ms)
			RefreshPlugins (0ms)
			BeforeProcessingInitializeOnLoad (79ms)
			ProcessInitializeOnLoadAttributes (511ms)
			ProcessInitializeOnLoadMethodAttributes (80ms)
			AfterProcessingInitializeOnLoad (6ms)
			EditorAssembliesLoaded (0ms)
		ExecutionOrderSort2 (0ms)
		AwakeInstancesAfterBackupRestoration (17ms)
Refreshing native plugins compatible for Editor in 5.40 ms, found 4 plugins.
Preloading 0 native plugins for Editor in 0.00 ms.
Unloading 5575 Unused Serialized files (Serialized files now loaded: 0)
Unloading 35 unused Assets / (0.9 MB). Loaded Objects now: 6412.
Memory consumption went from 199.1 MB to 198.2 MB.
Total: 5.626700 ms (FindLiveObjects: 0.540500 ms CreateObjectMapping: 0.334000 ms MarkObjects: 4.265700 ms  DeleteObjects: 0.485000 ms)

Prepare: number of updated asset objects reloaded= 0
AssetImportParameters requested are different than current active one (requested -> active):
  custom:container-demuxer-ogg: 62fdf1f143b41e24485cea50d1cbac27 -> 
  custom:video-decoder-ogg-theora: a1e56fd34408186e4bbccfd4996cb3dc -> 
  custom:framework-win-MediaFoundation: 216162199b28c13a410421893ffa2e32 -> 
  custom:CustomObjectIndexerAttribute: 72b91833f83ae208fae7752999fa3104 -> 
  custom:container-demuxer-webm: 4f35f7cbe854078d1ac9338744f61a02 -> 
  custom:container-muxer-webm: aa71ff27fc2769a1b78a27578f13a17b -> 
  custom:video-decoder-webm-vp8: 9c59270c3fd7afecdb556c50c9e8de78 -> 
  custom:SearchIndexIgnoredProperties: e643bd26f0fe6173181afceb89e7c659 -> 
  custom:AudioImporter_EditorPlatform: d09bf68614088b80899f8185d706f6e7 -> 
  custom:video-encoder-webm-vp8: eb34c28f22e8b96e1ab97ce403110664 -> 
  custom:audio-decoder-ogg-vorbis: bf7c407c2cedff20999df2af8eb42d56 -> 
  custom:audio-encoder-webm-vorbis: bf7c407c2cedff20999df2af8eb42d56 -> 
========================================================================
Received Prepare
Caller must complete domain reload
Begin MonoManager ReloadAssembly
- Loaded All Assemblies, in  0.413 seconds
Native extension for WindowsStandalone target not found
Native extension for iOS target not found
Native extension for Android target not found
Mono: successfully reloaded assembly
- Finished resetting the current domain, in  1.381 seconds
Domain Reload Profiling: 1792ms
	BeginReloadAssembly (149ms)
		ExecutionOrderSort (0ms)
		DisableScriptedObjects (9ms)
		BackupInstance (0ms)
		ReleaseScriptingObjects (0ms)
		CreateAndSetChildDomain (37ms)
	RebuildCommonClasses (28ms)
	RebuildNativeTypeToScriptingClass (9ms)
	initialDomainReloadingComplete (29ms)
	LoadAllAssembliesAndSetupDomain (196ms)
		LoadAssemblies (248ms)
		RebuildTransferFunctionScriptingTraits (0ms)
		AnalyzeDomain (21ms)
			TypeCache.Refresh (7ms)
				TypeCache.ScanAssembly (0ms)
			ScanForSourceGeneratedMonoScriptInfo (0ms)
			ResolveRequiredComponents (10ms)
	FinalizeReload (1382ms)
		ReleaseScriptCaches (0ms)
		RebuildScriptCaches (0ms)
		SetupLoadedEditorAssemblies (696ms)
			LogAssemblyErrors (0ms)
			InitializePlatformSupportModulesInManaged (35ms)
			SetLoadedEditorAssemblies (4ms)
			RefreshPlugins (0ms)
			BeforeProcessingInitializeOnLoad (76ms)
			ProcessInitializeOnLoadAttributes (468ms)
			ProcessInitializeOnLoadMethodAttributes (100ms)
			AfterProcessingInitializeOnLoad (13ms)
			EditorAssembliesLoaded (1ms)
		ExecutionOrderSort2 (0ms)
		AwakeInstancesAfterBackupRestoration (17ms)
Refreshing native plugins compatible for Editor in 5.46 ms, found 4 plugins.
Preloading 0 native plugins for Editor in 0.00 ms.
Unloading 5575 Unused Serialized files (Serialized files now loaded: 0)
Unloading 35 unused Assets / (0.9 MB). Loaded Objects now: 6417.
Memory consumption went from 199.1 MB to 198.2 MB.
Total: 5.638300 ms (FindLiveObjects: 0.518600 ms CreateObjectMapping: 0.407000 ms MarkObjects: 4.125700 ms  DeleteObjects: 0.585400 ms)

Prepare: number of updated asset objects reloaded= 0
AssetImportParameters requested are different than current active one (requested -> active):
  custom:container-demuxer-ogg: 62fdf1f143b41e24485cea50d1cbac27 -> 
  custom:video-decoder-ogg-theora: a1e56fd34408186e4bbccfd4996cb3dc -> 
  custom:framework-win-MediaFoundation: 216162199b28c13a410421893ffa2e32 -> 
  custom:CustomObjectIndexerAttribute: 72b91833f83ae208fae7752999fa3104 -> 
  custom:container-demuxer-webm: 4f35f7cbe854078d1ac9338744f61a02 -> 
  custom:container-muxer-webm: aa71ff27fc2769a1b78a27578f13a17b -> 
  custom:video-decoder-webm-vp8: 9c59270c3fd7afecdb556c50c9e8de78 -> 
  custom:SearchIndexIgnoredProperties: e643bd26f0fe6173181afceb89e7c659 -> 
  custom:AudioImporter_EditorPlatform: d09bf68614088b80899f8185d706f6e7 -> 
  custom:video-encoder-webm-vp8: eb34c28f22e8b96e1ab97ce403110664 -> 
  custom:audio-decoder-ogg-vorbis: bf7c407c2cedff20999df2af8eb42d56 -> 
  custom:audio-encoder-webm-vorbis: bf7c407c2cedff20999df2af8eb42d56 -> 
========================================================================
Received Import Request.
  Time since last request: 3583.540091 seconds.
  path: Assets/tiles_packed.png
  artifactKey: Guid(927edcffc8fe29e4ea8eab4ac04ebc6e) Importer(815301076,1909f56bfc062723c751e8b465ee728b)
Start importing Assets/tiles_packed.png using Guid(927edcffc8fe29e4ea8eab4ac04ebc6e) Importer(815301076,1909f56bfc062723c751e8b465ee728b) [PhysX] Initialized MultithreadedTaskDispatcher with 8 workers.
[PhysX] Initialized MultithreadedTaskDispatcher with 8 workers.
 -> (artifact id: 'e71331196c954379a8223970febb9dec') in 0.080454 seconds
Number of updated asset objects reloaded before import = 0
Number of asset objects unloaded after import = 3
========================================================================
Received Import Request.
  Time since last request: 7.237660 seconds.
  path: Assets/tiles_packed.png
  artifactKey: Guid(927edcffc8fe29e4ea8eab4ac04ebc6e) Importer(815301076,1909f56bfc062723c751e8b465ee728b)
Start importing Assets/tiles_packed.png using Guid(927edcffc8fe29e4ea8eab4ac04ebc6e) Importer(815301076,1909f56bfc062723c751e8b465ee728b) [PhysX] Initialized MultithreadedTaskDispatcher with 8 workers.
[PhysX] Initialized MultithreadedTaskDispatcher with 8 workers.
 -> (artifact id: 'c4196fa3fcf2a88cc3452c952ff5ac13') in 0.018555 seconds
Number of updated asset objects reloaded before import = 0
Number of asset objects unloaded after import = 2
========================================================================
Received Import Request.
  Time since last request: 131.062887 seconds.
  path: Assets/tiles_packed.png
  artifactKey: Guid(927edcffc8fe29e4ea8eab4ac04ebc6e) Importer(815301076,1909f56bfc062723c751e8b465ee728b)
Start importing Assets/tiles_packed.png using Guid(927edcffc8fe29e4ea8eab4ac04ebc6e) Importer(815301076,1909f56bfc062723c751e8b465ee728b) [PhysX] Initialized MultithreadedTaskDispatcher with 8 workers.
[PhysX] Initialized MultithreadedTaskDispatcher with 8 workers.
 -> (artifact id: 'e19c3cdb19bb83814e7d50fa39d47923') in 0.362592 seconds
Number of updated asset objects reloaded before import = 0
Number of asset objects unloaded after import = 176
========================================================================
Received Import Request.
  Time since last request: 37.642578 seconds.
  path: Assets/world1.prefab
  artifactKey: Guid(cbd1ef8e3c030124b8a4408b85ba125f) Importer(815301076,1909f56bfc062723c751e8b465ee728b)
Start importing Assets/world1.prefab using Guid(cbd1ef8e3c030124b8a4408b85ba125f) Importer(815301076,1909f56bfc062723c751e8b465ee728b) [PhysX] Initialized MultithreadedTaskDispatcher with 8 workers.
[PhysX] Initialized MultithreadedTaskDispatcher with 8 workers.
 -> (artifact id: 'e113be7fbc259089b6f6a2823f781a7a') in 0.237178 seconds
Number of updated asset objects reloaded before import = 0
Number of asset objects unloaded after import = 29
========================================================================
Received Import Request.
  Time since last request: 88.620897 seconds.
  path: Assets/tiles_packed_0.asset
  artifactKey: Guid(ba9a2a1bb6711b54dbaef2c1b3e84ccc) Importer(815301076,1909f56bfc062723c751e8b465ee728b)
Start importing Assets/tiles_packed_0.asset using Guid(ba9a2a1bb6711b54dbaef2c1b3e84ccc) Importer(815301076,1909f56bfc062723c751e8b465ee728b) [PhysX] Initialized MultithreadedTaskDispatcher with 8 workers.
 -> (artifact id: '28376f2d1c9d008a4752e4903e91f783') in 0.151530 seconds
Number of updated asset objects reloaded before import = 0
Number of asset objects unloaded after import = 3
========================================================================
Received Import Request.
  Time since last request: 0.000033 seconds.
  path: Assets/tiles_packed_18.asset
  artifactKey: Guid(f95e6bb8a0fbd3642a91e6bd3e145f2f) Importer(815301076,1909f56bfc062723c751e8b465ee728b)
Start importing Assets/tiles_packed_18.asset using Guid(f95e6bb8a0fbd3642a91e6bd3e145f2f) Importer(815301076,1909f56bfc062723c751e8b465ee728b) [PhysX] Initialized MultithreadedTaskDispatcher with 8 workers.
 -> (artifact id: 'f9759eb519ed3631b5323a26178f1b4b') in 0.020645 seconds
Number of updated asset objects reloaded before import = 0
Number of asset objects unloaded after import = 3
========================================================================
Received Import Request.
  Time since last request: 0.000055 seconds.
  path: Assets/tiles_packed_7.asset
  artifactKey: Guid(ce3dce43352b28642891d7ad02ec22d7) Importer(815301076,1909f56bfc062723c751e8b465ee728b)
Start importing Assets/tiles_packed_7.asset using Guid(ce3dce43352b28642891d7ad02ec22d7) Importer(815301076,1909f56bfc062723c751e8b465ee728b) [PhysX] Initialized MultithreadedTaskDispatcher with 8 workers.
 -> (artifact id: '7c470430599ee16dc4bd86bade9ecf0f') in 0.018335 seconds
Number of updated asset objects reloaded before import = 0
Number of asset objects unloaded after import = 3
========================================================================
Received Import Request.
  Time since last request: 0.000022 seconds.
  path: Assets/tiles_packed_6.asset
  artifactKey: Guid(bca53e34601f13b4fb4a9bae39b24589) Importer(815301076,1909f56bfc062723c751e8b465ee728b)
Start importing Assets/tiles_packed_6.asset using Guid(bca53e34601f13b4fb4a9bae39b24589) Importer(815301076,1909f56bfc062723c751e8b465ee728b) [PhysX] Initialized MultithreadedTaskDispatcher with 8 workers.
 -> (artifact id: 'a0b9ff31a9f6dadd803b37a680f3f9c4') in 0.015308 seconds
Number of updated asset objects reloaded before import = 0
Number of asset objects unloaded after import = 3
========================================================================
Received Import Request.
  Time since last request: 0.000032 seconds.
  path: Assets/tiles_packed_14.asset
  artifactKey: Guid(e0d6d928d4b3e984ea2b408d7b0baf54) Importer(815301076,1909f56bfc062723c751e8b465ee728b)
Start importing Assets/tiles_packed_14.asset using Guid(e0d6d928d4b3e984ea2b408d7b0baf54) Importer(815301076,1909f56bfc062723c751e8b465ee728b) [PhysX] Initialized MultithreadedTaskDispatcher with 8 workers.
 -> (artifact id: 'eb6de629ec7478ce7ff5859ebb3447e6') in 0.017084 seconds
Number of updated asset objects reloaded before import = 0
Number of asset objects unloaded after import = 3
========================================================================
Received Import Request.
  Time since last request: 0.000025 seconds.
  path: Assets/tiles_packed_22.asset
  artifactKey: Guid(c263ada12138c4a46a799b712759265a) Importer(815301076,1909f56bfc062723c751e8b465ee728b)
Start importing Assets/tiles_packed_22.asset using Guid(c263ada12138c4a46a799b712759265a) Importer(815301076,1909f56bfc062723c751e8b465ee728b) [PhysX] Initialized MultithreadedTaskDispatcher with 8 workers.
 -> (artifact id: 'cc6d2537d6e1a39a4190d31e236f194c') in 0.015337 seconds
Number of updated asset objects reloaded before import = 0
Number of asset objects unloaded after import = 3
========================================================================
Received Import Request.
  Time since last request: 0.000030 seconds.
  path: Assets/tiles_packed_21.asset
  artifactKey: Guid(c81f6e3bcec1ec04d839f9127afd0e56) Importer(815301076,1909f56bfc062723c751e8b465ee728b)
Start importing Assets/tiles_packed_21.asset using Guid(c81f6e3bcec1ec04d839f9127afd0e56) Importer(815301076,1909f56bfc062723c751e8b465ee728b) [PhysX] Initialized MultithreadedTaskDispatcher with 8 workers.
 -> (artifact id: 'c48cbe26f8853eb47254963a764b1e7f') in 0.016058 seconds
Number of updated asset objects reloaded before import = 0
Number of asset objects unloaded after import = 3
========================================================================
Received Import Request.
  Time since last request: 0.000502 seconds.
  path: Assets/tiles_packed_15.asset
  artifactKey: Guid(be5ee4209fcdcb548812802d5bfade26) Importer(815301076,1909f56bfc062723c751e8b465ee728b)
Start importing Assets/tiles_packed_15.asset using Guid(be5ee4209fcdcb548812802d5bfade26) Importer(815301076,1909f56bfc062723c751e8b465ee728b) [PhysX] Initialized MultithreadedTaskDispatcher with 8 workers.
 -> (artifact id: '0b81fdd54cab176108c1c1d46d6567dd') in 0.016673 seconds
Number of updated asset objects reloaded before import = 0
Number of asset objects unloaded after import = 3
========================================================================
Received Import Request.
  Time since last request: 0.000022 seconds.
  path: Assets/tiles_packed_12.asset
  artifactKey: Guid(509bf84e3a6683e4e8932e3fee34f46c) Importer(815301076,1909f56bfc062723c751e8b465ee728b)
Start importing Assets/tiles_packed_12.asset using Guid(509bf84e3a6683e4e8932e3fee34f46c) Importer(815301076,1909f56bfc062723c751e8b465ee728b) [PhysX] Initialized MultithreadedTaskDispatcher with 8 workers.
 -> (artifact id: '3a3338a14094a02a000c82e1d0afb36e') in 0.013679 seconds
Number of updated asset objects reloaded before import = 0
Number of asset objects unloaded after import = 3
========================================================================
Received Import Request.
  Time since last request: 0.000037 seconds.
  path: Assets/tiles_packed_2.asset
  artifactKey: Guid(b5ee4836f85aa8a44a18f7cdb23ee566) Importer(815301076,1909f56bfc062723c751e8b465ee728b)
Start importing Assets/tiles_packed_2.asset using Guid(b5ee4836f85aa8a44a18f7cdb23ee566) Importer(815301076,1909f56bfc062723c751e8b465ee728b) [PhysX] Initialized MultithreadedTaskDispatcher with 8 workers.
 -> (artifact id: 'ffee9a66fb49164d3b2020b556946bc2') in 0.013575 seconds
Number of updated asset objects reloaded before import = 0
Number of asset objects unloaded after import = 3
========================================================================
Received Import Request.
  Time since last request: 0.000026 seconds.
  path: Assets/tiles_packed_8.asset
  artifactKey: Guid(5b3e9a2de9f012f4197d451fd315a658) Importer(815301076,1909f56bfc062723c751e8b465ee728b)
Start importing Assets/tiles_packed_8.asset using Guid(5b3e9a2de9f012f4197d451fd315a658) Importer(815301076,1909f56bfc062723c751e8b465ee728b) [PhysX] Initialized MultithreadedTaskDispatcher with 8 workers.
 -> (artifact id: '33c4b67a3c5cd164ce21f1c007e0034e') in 0.014295 seconds
Number of updated asset objects reloaded before import = 0
Number of asset objects unloaded after import = 3
========================================================================
Received Import Request.
  Time since last request: 0.000026 seconds.
  path: Assets/tiles_packed_20.asset
  artifactKey: Guid(ce24b94e9f6161640979ce7097bd9437) Importer(815301076,1909f56bfc062723c751e8b465ee728b)
Start importing Assets/tiles_packed_20.asset using Guid(ce24b94e9f6161640979ce7097bd9437) Importer(815301076,1909f56bfc062723c751e8b465ee728b) [PhysX] Initialized MultithreadedTaskDispatcher with 8 workers.
 -> (artifact id: 'd169ffdd0b16611f2e6f4a46774575f6') in 0.014387 seconds
Number of updated asset objects reloaded before import = 0
Number of asset objects unloaded after import = 3
========================================================================
Received Import Request.
  Time since last request: 0.000042 seconds.
  path: Assets/tiles_packed_3.asset
  artifactKey: Guid(b9c8fa6cd2473384492f15bc28a8d01e) Importer(815301076,1909f56bfc062723c751e8b465ee728b)
Start importing Assets/tiles_packed_3.asset using Guid(b9c8fa6cd2473384492f15bc28a8d01e) Importer(815301076,1909f56bfc062723c751e8b465ee728b) [PhysX] Initialized MultithreadedTaskDispatcher with 8 workers.
 -> (artifact id: '31ec6f6d5f49468819fd0b9d500ee445') in 0.007093 seconds
Number of updated asset objects reloaded before import = 0
Number of asset objects unloaded after import = 3
========================================================================
Received Import Request.
  Time since last request: 0.882303 seconds.
  path: Assets/tiles_packed_25.asset
  artifactKey: Guid(b1f71510aa8fa4f4c81e6bb4c2e87b11) Importer(815301076,1909f56bfc062723c751e8b465ee728b)
Start importing Assets/tiles_packed_25.asset using Guid(b1f71510aa8fa4f4c81e6bb4c2e87b11) Importer(815301076,1909f56bfc062723c751e8b465ee728b) [PhysX] Initialized MultithreadedTaskDispatcher with 8 workers.
 -> (artifact id: '0d894dd98c3636c571f1736eea0fdcb3') in 0.015060 seconds
Number of updated asset objects reloaded before import = 0
Number of asset objects unloaded after import = 3
========================================================================
Received Import Request.
  Time since last request: 0.000048 seconds.
  path: Assets/tiles_packed_29.asset
  artifactKey: Guid(0f79344a7224d2e4a953b0b5165d71e6) Importer(815301076,1909f56bfc062723c751e8b465ee728b)
Start importing Assets/tiles_packed_29.asset using Guid(0f79344a7224d2e4a953b0b5165d71e6) Importer(815301076,1909f56bfc062723c751e8b465ee728b) [PhysX] Initialized MultithreadedTaskDispatcher with 8 workers.
 -> (artifact id: '31a0027249912558a85712685dcc92f5') in 0.015961 seconds
Number of updated asset objects reloaded before import = 0
Number of asset objects unloaded after import = 3
========================================================================
Received Import Request.
  Time since last request: 0.000034 seconds.
  path: Assets/tiles_packed_31.asset
  artifactKey: Guid(246ab409ae5148344b31959777c97440) Importer(815301076,1909f56bfc062723c751e8b465ee728b)
Start importing Assets/tiles_packed_31.asset using Guid(246ab409ae5148344b31959777c97440) Importer(815301076,1909f56bfc062723c751e8b465ee728b) [PhysX] Initialized MultithreadedTaskDispatcher with 8 workers.
 -> (artifact id: '0f9114153240dbb4fd441fb3066dc384') in 0.014639 seconds
Number of updated asset objects reloaded before import = 0
Number of asset objects unloaded after import = 3
========================================================================
Received Import Request.
  Time since last request: 0.000027 seconds.
  path: Assets/tiles_packed_28.asset
  artifactKey: Guid(deba76aed762cbe4ebf3deb8b5751aa5) Importer(815301076,1909f56bfc062723c751e8b465ee728b)
Start importing Assets/tiles_packed_28.asset using Guid(deba76aed762cbe4ebf3deb8b5751aa5) Importer(815301076,1909f56bfc062723c751e8b465ee728b) [PhysX] Initialized MultithreadedTaskDispatcher with 8 workers.
 -> (artifact id: '74720e07eda5dc34e856a0e07b402ba9') in 0.016732 seconds
Number of updated asset objects reloaded before import = 0
Number of asset objects unloaded after import = 3
========================================================================
Received Import Request.
  Time since last request: 0.000027 seconds.
  path: Assets/tiles_packed_39.asset
  artifactKey: Guid(f1f170cd7dffa1040b6e5f0977747d5e) Importer(815301076,1909f56bfc062723c751e8b465ee728b)
Start importing Assets/tiles_packed_39.asset using Guid(f1f170cd7dffa1040b6e5f0977747d5e) Importer(815301076,1909f56bfc062723c751e8b465ee728b) [PhysX] Initialized MultithreadedTaskDispatcher with 8 workers.
 -> (artifact id: '82553f8dd4ea0f6b8a8d10e6862ec584') in 0.017589 seconds
Number of updated asset objects reloaded before import = 0
Number of asset objects unloaded after import = 3
========================================================================
Received Import Request.
  Time since last request: 0.000032 seconds.
  path: Assets/tiles_packed_40.asset
  artifactKey: Guid(e984b4b349e2f8a4895003b3d4c0e5ba) Importer(815301076,1909f56bfc062723c751e8b465ee728b)
Start importing Assets/tiles_packed_40.asset using Guid(e984b4b349e2f8a4895003b3d4c0e5ba) Importer(815301076,1909f56bfc062723c751e8b465ee728b) [PhysX] Initialized MultithreadedTaskDispatcher with 8 workers.
 -> (artifact id: '2f6d36bd8d34d8d065a60677ddef7edc') in 0.014737 seconds
Number of updated asset objects reloaded before import = 0
Number of asset objects unloaded after import = 3
========================================================================
Received Import Request.
  Time since last request: 0.000031 seconds.
  path: Assets/tiles_packed_47.asset
  artifactKey: Guid(3e6a75275cd3863418efb1d0bd27d547) Importer(815301076,1909f56bfc062723c751e8b465ee728b)
Start importing Assets/tiles_packed_47.asset using Guid(3e6a75275cd3863418efb1d0bd27d547) Importer(815301076,1909f56bfc062723c751e8b465ee728b) [PhysX] Initialized MultithreadedTaskDispatcher with 8 workers.
 -> (artifact id: 'e0ab3d032de1044f802356d2a468d4c0') in 0.006252 seconds
Number of updated asset objects reloaded before import = 0
Number of asset objects unloaded after import = 3
========================================================================
Received Import Request.
  Time since last request: 0.000041 seconds.
  path: Assets/tiles_packed_50.asset
  artifactKey: Guid(77a0e04678478f248bd0285b2d1cbc94) Importer(815301076,1909f56bfc062723c751e8b465ee728b)
Start importing Assets/tiles_packed_50.asset using Guid(77a0e04678478f248bd0285b2d1cbc94) Importer(815301076,1909f56bfc062723c751e8b465ee728b) [PhysX] Initialized MultithreadedTaskDispatcher with 8 workers.
 -> (artifact id: 'c6b5786f991aef3df95dfd5f6c2bc343') in 0.014762 seconds
Number of updated asset objects reloaded before import = 0
Number of asset objects unloaded after import = 3
========================================================================
Received Import Request.
  Time since last request: 0.000025 seconds.
  path: Assets/tiles_packed_41.asset
  artifactKey: Guid(08a5a9df8d6cc594f81977888a34a688) Importer(815301076,1909f56bfc062723c751e8b465ee728b)
Start importing Assets/tiles_packed_41.asset using Guid(08a5a9df8d6cc594f81977888a34a688) Importer(815301076,1909f56bfc062723c751e8b465ee728b) [PhysX] Initialized MultithreadedTaskDispatcher with 8 workers.
 -> (artifact id: 'ea548ab30522c09c2b34d2a44a34cb20') in 0.013659 seconds
Number of updated asset objects reloaded before import = 0
Number of asset objects unloaded after import = 3
========================================================================
Received Import Request.
  Time since last request: 0.000028 seconds.
  path: Assets/tiles_packed_45.asset
  artifactKey: Guid(e28480fac014c7148966f3ef69e587b6) Importer(815301076,1909f56bfc062723c751e8b465ee728b)
Start importing Assets/tiles_packed_45.asset using Guid(e28480fac014c7148966f3ef69e587b6) Importer(815301076,1909f56bfc062723c751e8b465ee728b) [PhysX] Initialized MultithreadedTaskDispatcher with 8 workers.
 -> (artifact id: '9c9af5d53d6791371c16e996b5e6660d') in 0.015533 seconds
Number of updated asset objects reloaded before import = 0
Number of asset objects unloaded after import = 3
========================================================================
Received Import Request.
  Time since last request: 0.000022 seconds.
  path: Assets/tiles_packed_42.asset
  artifactKey: Guid(6faf1aac867720e4681e013e7dcfb941) Importer(815301076,1909f56bfc062723c751e8b465ee728b)
Start importing Assets/tiles_packed_42.asset using Guid(6faf1aac867720e4681e013e7dcfb941) Importer(815301076,1909f56bfc062723c751e8b465ee728b) [PhysX] Initialized MultithreadedTaskDispatcher with 8 workers.
 -> (artifact id: '76d0a8a02a154ae85260fad385b40511') in 0.015604 seconds
Number of updated asset objects reloaded before import = 0
Number of asset objects unloaded after import = 3
========================================================================
Received Import Request.
  Time since last request: 0.000025 seconds.
  path: Assets/tiles_packed_52.asset
  artifactKey: Guid(cf749cd4d7a79994aa2c9c5fe0ff794c) Importer(815301076,1909f56bfc062723c751e8b465ee728b)
Start importing Assets/tiles_packed_52.asset using Guid(cf749cd4d7a79994aa2c9c5fe0ff794c) Importer(815301076,1909f56bfc062723c751e8b465ee728b) [PhysX] Initialized MultithreadedTaskDispatcher with 8 workers.
 -> (artifact id: 'ba5b1a0c8ac7a79bdcd36506b00a67f1') in 0.014637 seconds
Number of updated asset objects reloaded before import = 0
Number of asset objects unloaded after import = 3
========================================================================
Received Import Request.
  Time since last request: 0.000058 seconds.
  path: Assets/tiles_packed_53.asset
  artifactKey: Guid(5107728ee7e177146a9c3056dc269225) Importer(815301076,1909f56bfc062723c751e8b465ee728b)
Start importing Assets/tiles_packed_53.asset using Guid(5107728ee7e177146a9c3056dc269225) Importer(815301076,1909f56bfc062723c751e8b465ee728b) [PhysX] Initialized MultithreadedTaskDispatcher with 8 workers.
 -> (artifact id: '0187611caf7f30ad988dc228a617e83a') in 0.016659 seconds
Number of updated asset objects reloaded before import = 0
Number of asset objects unloaded after import = 3
========================================================================
Received Import Request.
  Time since last request: 0.000023 seconds.
  path: Assets/tiles_packed_58.asset
  artifactKey: Guid(981fe5d6ae15cf542973da5169525481) Importer(815301076,1909f56bfc062723c751e8b465ee728b)
Start importing Assets/tiles_packed_58.asset using Guid(981fe5d6ae15cf542973da5169525481) Importer(815301076,1909f56bfc062723c751e8b465ee728b) [PhysX] Initialized MultithreadedTaskDispatcher with 8 workers.
 -> (artifact id: 'f4f2bae47fb3a252b5ccf39d194d47e4') in 0.013411 seconds
Number of updated asset objects reloaded before import = 0
Number of asset objects unloaded after import = 3
========================================================================
Received Import Request.
  Time since last request: 0.000039 seconds.
  path: Assets/tiles_packed_55.asset
  artifactKey: Guid(63b480513328c0c4ab1757c28579f07b) Importer(815301076,1909f56bfc062723c751e8b465ee728b)
Start importing Assets/tiles_packed_55.asset using Guid(63b480513328c0c4ab1757c28579f07b) Importer(815301076,1909f56bfc062723c751e8b465ee728b) [PhysX] Initialized MultithreadedTaskDispatcher with 8 workers.
 -> (artifact id: 'ec69fdd1550c521c5a4762693a7b12d1') in 0.016030 seconds
Number of updated asset objects reloaded before import = 0
Number of asset objects unloaded after import = 3
========================================================================
Received Import Request.
  Time since last request: 0.000028 seconds.
  path: Assets/tiles_packed_59.asset
  artifactKey: Guid(53060bc939ab76444a598f21649591be) Importer(815301076,1909f56bfc062723c751e8b465ee728b)
Start importing Assets/tiles_packed_59.asset using Guid(53060bc939ab76444a598f21649591be) Importer(815301076,1909f56bfc062723c751e8b465ee728b) [PhysX] Initialized MultithreadedTaskDispatcher with 8 workers.
 -> (artifact id: 'daa4452f79d50f9dbc49b6037ce5a178') in 0.014778 seconds
Number of updated asset objects reloaded before import = 0
Number of asset objects unloaded after import = 3
========================================================================
Received Import Request.
  Time since last request: 0.000025 seconds.
  path: Assets/tiles_packed_43.asset
  artifactKey: Guid(f47e71c6009b9274480e658f7861b96e) Importer(815301076,1909f56bfc062723c751e8b465ee728b)
Start importing Assets/tiles_packed_43.asset using Guid(f47e71c6009b9274480e658f7861b96e) Importer(815301076,1909f56bfc062723c751e8b465ee728b) [PhysX] Initialized MultithreadedTaskDispatcher with 8 workers.
 -> (artifact id: 'e9a2778504cc825f4a9931b379047d35') in 0.006596 seconds
Number of updated asset objects reloaded before import = 0
Number of asset objects unloaded after import = 3
========================================================================
Received Import Request.
  Time since last request: 0.000041 seconds.
  path: Assets/tiles_packed_49.asset
  artifactKey: Guid(83ef01aceca63764fae3719a5685bba7) Importer(815301076,1909f56bfc062723c751e8b465ee728b)
Start importing Assets/tiles_packed_49.asset using Guid(83ef01aceca63764fae3719a5685bba7) Importer(815301076,1909f56bfc062723c751e8b465ee728b) [PhysX] Initialized MultithreadedTaskDispatcher with 8 workers.
 -> (artifact id: 'a8e3f5e92289d9cb2163a784fa106484') in 0.014327 seconds
Number of updated asset objects reloaded before import = 0
Number of asset objects unloaded after import = 3
========================================================================
Received Import Request.
  Time since last request: 0.351806 seconds.
  path: Assets/tiles_packed_61.asset
  artifactKey: Guid(7f51c4250d2224b43afc038ad710b5a4) Importer(815301076,1909f56bfc062723c751e8b465ee728b)
Start importing Assets/tiles_packed_61.asset using Guid(7f51c4250d2224b43afc038ad710b5a4) Importer(815301076,1909f56bfc062723c751e8b465ee728b) [PhysX] Initialized MultithreadedTaskDispatcher with 8 workers.
 -> (artifact id: '26f8e5a496198dcce2eccea8a3e2c9b5') in 0.024929 seconds
Number of updated asset objects reloaded before import = 0
Number of asset objects unloaded after import = 3
========================================================================
Received Import Request.
  Time since last request: 0.000026 seconds.
  path: Assets/tiles_packed_65.asset
  artifactKey: Guid(adfffab73b66444448c4cab87e88b42d) Importer(815301076,1909f56bfc062723c751e8b465ee728b)
Start importing Assets/tiles_packed_65.asset using Guid(adfffab73b66444448c4cab87e88b42d) Importer(815301076,1909f56bfc062723c751e8b465ee728b) [PhysX] Initialized MultithreadedTaskDispatcher with 8 workers.
 -> (artifact id: '81ab1e9fd3f83d15c2818b4ed2a6ae74') in 0.016589 seconds
Number of updated asset objects reloaded before import = 0
Number of asset objects unloaded after import = 3
========================================================================
Received Import Request.
  Time since last request: 0.000026 seconds.
  path: Assets/tiles_packed_64.asset
  artifactKey: Guid(9232ea0ede337ed4fa4d8f4457d65447) Importer(815301076,1909f56bfc062723c751e8b465ee728b)
Start importing Assets/tiles_packed_64.asset using Guid(9232ea0ede337ed4fa4d8f4457d65447) Importer(815301076,1909f56bfc062723c751e8b465ee728b) [PhysX] Initialized MultithreadedTaskDispatcher with 8 workers.
 -> (artifact id: '39842e9299f4d327b0780a32208830e9') in 0.016681 seconds
Number of updated asset objects reloaded before import = 0
Number of asset objects unloaded after import = 3
========================================================================
Received Import Request.
  Time since last request: 0.000040 seconds.
  path: Assets/tiles_packed_72.asset
  artifactKey: Guid(9567a2ba486ee4943ac34eb54d196d44) Importer(815301076,1909f56bfc062723c751e8b465ee728b)
Start importing Assets/tiles_packed_72.asset using Guid(9567a2ba486ee4943ac34eb54d196d44) Importer(815301076,1909f56bfc062723c751e8b465ee728b) [PhysX] Initialized MultithreadedTaskDispatcher with 8 workers.
 -> (artifact id: '9e941af079e851322902b0c288c0917d') in 0.014731 seconds
Number of updated asset objects reloaded before import = 0
Number of asset objects unloaded after import = 3
========================================================================
Received Import Request.
  Time since last request: 0.000025 seconds.
  path: Assets/tiles_packed_80.asset
  artifactKey: Guid(b2ef362d0105a5d4bb5f597d70db7658) Importer(815301076,1909f56bfc062723c751e8b465ee728b)
Start importing Assets/tiles_packed_80.asset using Guid(b2ef362d0105a5d4bb5f597d70db7658) Importer(815301076,1909f56bfc062723c751e8b465ee728b) [PhysX] Initialized MultithreadedTaskDispatcher with 8 workers.
 -> (artifact id: '62c258d5db14fb9862f54b0e2725b226') in 0.014444 seconds
Number of updated asset objects reloaded before import = 0
Number of asset objects unloaded after import = 3
========================================================================
Received Import Request.
  Time since last request: 0.000060 seconds.
  path: Assets/tiles_packed_87.asset
  artifactKey: Guid(972d73795c8de9843a5c818c90065d9f) Importer(815301076,1909f56bfc062723c751e8b465ee728b)
Start importing Assets/tiles_packed_87.asset using Guid(972d73795c8de9843a5c818c90065d9f) Importer(815301076,1909f56bfc062723c751e8b465ee728b) [PhysX] Initialized MultithreadedTaskDispatcher with 8 workers.
 -> (artifact id: '720d8ec21a390eb86136058102241b29') in 0.007042 seconds
Number of updated asset objects reloaded before import = 0
Number of asset objects unloaded after import = 3
========================================================================
Received Import Request.
  Time since last request: 0.000039 seconds.
  path: Assets/tiles_packed_86.asset
  artifactKey: Guid(ab027115a90a70c478372bea6a1886e3) Importer(815301076,1909f56bfc062723c751e8b465ee728b)
Start importing Assets/tiles_packed_86.asset using Guid(ab027115a90a70c478372bea6a1886e3) Importer(815301076,1909f56bfc062723c751e8b465ee728b) [PhysX] Initialized MultithreadedTaskDispatcher with 8 workers.
 -> (artifact id: '4d69d5947ef5e64e011f8f7e02d4d9d5') in 0.005763 seconds
Number of updated asset objects reloaded before import = 0
Number of asset objects unloaded after import = 3
========================================================================
Received Import Request.
  Time since last request: 0.000020 seconds.
  path: Assets/tiles_packed_77.asset
  artifactKey: Guid(f62496a93db05214f923216b37e65330) Importer(815301076,1909f56bfc062723c751e8b465ee728b)
Start importing Assets/tiles_packed_77.asset using Guid(f62496a93db05214f923216b37e65330) Importer(815301076,1909f56bfc062723c751e8b465ee728b) [PhysX] Initialized MultithreadedTaskDispatcher with 8 workers.
 -> (artifact id: '1ab543b185141c7d40a9fd4341174e72') in 0.015227 seconds
Number of updated asset objects reloaded before import = 0
Number of asset objects unloaded after import = 3
========================================================================
Received Import Request.
  Time since last request: 0.000028 seconds.
  path: Assets/tiles_packed_74.asset
  artifactKey: Guid(d4bef02f8f52ff94982f9b84f7fc4a48) Importer(815301076,1909f56bfc062723c751e8b465ee728b)
Start importing Assets/tiles_packed_74.asset using Guid(d4bef02f8f52ff94982f9b84f7fc4a48) Importer(815301076,1909f56bfc062723c751e8b465ee728b) [PhysX] Initialized MultithreadedTaskDispatcher with 8 workers.
 -> (artifact id: 'e67acbe01f0d64ff0050b90dc9318407') in 0.007585 seconds
Number of updated asset objects reloaded before import = 0
Number of asset objects unloaded after import = 3
========================================================================
Received Import Request.
  Time since last request: 0.000024 seconds.
  path: Assets/tiles_packed_92.asset
  artifactKey: Guid(b6f3b7811ca594441b6cba08c38dab65) Importer(815301076,1909f56bfc062723c751e8b465ee728b)
Start importing Assets/tiles_packed_92.asset using Guid(b6f3b7811ca594441b6cba08c38dab65) Importer(815301076,1909f56bfc062723c751e8b465ee728b) [PhysX] Initialized MultithreadedTaskDispatcher with 8 workers.
 -> (artifact id: '6db276da2fcdd474d3deb55b50d16172') in 0.015077 seconds
Number of updated asset objects reloaded before import = 0
Number of asset objects unloaded after import = 3
========================================================================
Received Import Request.
  Time since last request: 0.000031 seconds.
  path: Assets/tiles_packed_91.asset
  artifactKey: Guid(8ce040f94ccd0544aba5ebb09a83e2be) Importer(815301076,1909f56bfc062723c751e8b465ee728b)
Start importing Assets/tiles_packed_91.asset using Guid(8ce040f94ccd0544aba5ebb09a83e2be) Importer(815301076,1909f56bfc062723c751e8b465ee728b) [PhysX] Initialized MultithreadedTaskDispatcher with 8 workers.
 -> (artifact id: '494ed47c254a92d68bf153d4f3db9113') in 0.006050 seconds
Number of updated asset objects reloaded before import = 0
Number of asset objects unloaded after import = 3
========================================================================
Received Import Request.
  Time since last request: 0.000024 seconds.
  path: Assets/tiles_packed_88.asset
  artifactKey: Guid(be713c96c31a4a84abf686fb7f41c2b3) Importer(815301076,1909f56bfc062723c751e8b465ee728b)
Start importing Assets/tiles_packed_88.asset using Guid(be713c96c31a4a84abf686fb7f41c2b3) Importer(815301076,1909f56bfc062723c751e8b465ee728b) [PhysX] Initialized MultithreadedTaskDispatcher with 8 workers.
 -> (artifact id: '9279dada2f6e339bb983972146ee59c6') in 0.008181 seconds
Number of updated asset objects reloaded before import = 0
Number of asset objects unloaded after import = 3
========================================================================
Received Import Request.
  Time since last request: 0.000024 seconds.
  path: Assets/tiles_packed_85.asset
  artifactKey: Guid(7bbbd56692213794eb9cc1547daa4a3b) Importer(815301076,1909f56bfc062723c751e8b465ee728b)
Start importing Assets/tiles_packed_85.asset using Guid(7bbbd56692213794eb9cc1547daa4a3b) Importer(815301076,1909f56bfc062723c751e8b465ee728b) [PhysX] Initialized MultithreadedTaskDispatcher with 8 workers.
 -> (artifact id: '5683543e2c33c02d3124059dc22dcbe6') in 0.016346 seconds
Number of updated asset objects reloaded before import = 0
Number of asset objects unloaded after import = 3
========================================================================
Received Import Request.
  Time since last request: 0.000036 seconds.
  path: Assets/tiles_packed_93.asset
  artifactKey: Guid(5e9e1cd4940dd3f498c0c4bf17fcc9b4) Importer(815301076,1909f56bfc062723c751e8b465ee728b)
Start importing Assets/tiles_packed_93.asset using Guid(5e9e1cd4940dd3f498c0c4bf17fcc9b4) Importer(815301076,1909f56bfc062723c751e8b465ee728b) [PhysX] Initialized MultithreadedTaskDispatcher with 8 workers.
 -> (artifact id: '6a1e50f046bf62834c4250546594fc1a') in 0.006760 seconds
Number of updated asset objects reloaded before import = 0
Number of asset objects unloaded after import = 3
========================================================================
Received Import Request.
  Time since last request: 0.000029 seconds.
  path: Assets/tiles_packed_95.asset
  artifactKey: Guid(7b5f1d1403cf57042b827688cfed510b) Importer(815301076,1909f56bfc062723c751e8b465ee728b)
Start importing Assets/tiles_packed_95.asset using Guid(7b5f1d1403cf57042b827688cfed510b) Importer(815301076,1909f56bfc062723c751e8b465ee728b) [PhysX] Initialized MultithreadedTaskDispatcher with 8 workers.
 -> (artifact id: '43d38b1e71f6743684a07ecb4f96a46a') in 0.005973 seconds
Number of updated asset objects reloaded before import = 0
Number of asset objects unloaded after import = 3
========================================================================
Received Import Request.
  Time since last request: 0.000034 seconds.
  path: Assets/tiles_packed_63.asset
  artifactKey: Guid(3c50672c16cd90f4088e4778de3f8e37) Importer(815301076,1909f56bfc062723c751e8b465ee728b)
Start importing Assets/tiles_packed_63.asset using Guid(3c50672c16cd90f4088e4778de3f8e37) Importer(815301076,1909f56bfc062723c751e8b465ee728b) [PhysX] Initialized MultithreadedTaskDispatcher with 8 workers.
 -> (artifact id: 'f723af1ff025da5d68d6f8636a5c16c6') in 0.013961 seconds
Number of updated asset objects reloaded before import = 0
Number of asset objects unloaded after import = 3
========================================================================
Received Import Request.
  Time since last request: 0.000028 seconds.
  path: Assets/tiles_packed_84.asset
  artifactKey: Guid(ba42feb4dcbfc9d439fcf87606dd8283) Importer(815301076,1909f56bfc062723c751e8b465ee728b)
Start importing Assets/tiles_packed_84.asset using Guid(ba42feb4dcbfc9d439fcf87606dd8283) Importer(815301076,1909f56bfc062723c751e8b465ee728b) [PhysX] Initialized MultithreadedTaskDispatcher with 8 workers.
 -> (artifact id: '9ae0ab490221e7b3b4509889a7575445') in 0.017014 seconds
Number of updated asset objects reloaded before import = 0
Number of asset objects unloaded after import = 3
========================================================================
Received Import Request.
  Time since last request: 0.000022 seconds.
  path: Assets/tiles_packed_68.asset
  artifactKey: Guid(824cb4411d0b0db4d9652289b1dc081f) Importer(815301076,1909f56bfc062723c751e8b465ee728b)
Start importing Assets/tiles_packed_68.asset using Guid(824cb4411d0b0db4d9652289b1dc081f) Importer(815301076,1909f56bfc062723c751e8b465ee728b) [PhysX] Initialized MultithreadedTaskDispatcher with 8 workers.
 -> (artifact id: '95cca566f1baab77ab3cc7074be58a6f') in 0.014590 seconds
Number of updated asset objects reloaded before import = 0
Number of asset objects unloaded after import = 3
========================================================================
Received Import Request.
  Time since last request: 0.237909 seconds.
  path: Assets/tiles_packed_97.asset
  artifactKey: Guid(5633053fa8c924f4d8393ec911a6825c) Importer(815301076,1909f56bfc062723c751e8b465ee728b)
Start importing Assets/tiles_packed_97.asset using Guid(5633053fa8c924f4d8393ec911a6825c) Importer(815301076,1909f56bfc062723c751e8b465ee728b) [PhysX] Initialized MultithreadedTaskDispatcher with 8 workers.
 -> (artifact id: '6d44bb4b2e4a108cc89a1829016f354d') in 0.026226 seconds
Number of updated asset objects reloaded before import = 0
Number of asset objects unloaded after import = 3
========================================================================
Received Import Request.
  Time since last request: 0.000033 seconds.
  path: Assets/tiles_packed_109.asset
  artifactKey: Guid(29b3308534e8f494591702f0d76522b3) Importer(815301076,1909f56bfc062723c751e8b465ee728b)
Start importing Assets/tiles_packed_109.asset using Guid(29b3308534e8f494591702f0d76522b3) Importer(815301076,1909f56bfc062723c751e8b465ee728b) [PhysX] Initialized MultithreadedTaskDispatcher with 8 workers.
 -> (artifact id: '9e08879a1658f5029a183c57921c44c7') in 0.006649 seconds
Number of updated asset objects reloaded before import = 0
Number of asset objects unloaded after import = 3
========================================================================
Received Import Request.
  Time since last request: 0.000026 seconds.
  path: Assets/tiles_packed_114.asset
  artifactKey: Guid(d18deedbaad6b5a4287986b4364e312c) Importer(815301076,1909f56bfc062723c751e8b465ee728b)
Start importing Assets/tiles_packed_114.asset using Guid(d18deedbaad6b5a4287986b4364e312c) Importer(815301076,1909f56bfc062723c751e8b465ee728b) [PhysX] Initialized MultithreadedTaskDispatcher with 8 workers.
 -> (artifact id: '1f4442d6511ca86208f3db4519584bdb') in 0.014571 seconds
Number of updated asset objects reloaded before import = 0
Number of asset objects unloaded after import = 3
========================================================================
Received Import Request.
  Time since last request: 0.000024 seconds.
  path: Assets/tiles_packed_99.asset
  artifactKey: Guid(0521f169806f68d44991b77b146e4ac8) Importer(815301076,1909f56bfc062723c751e8b465ee728b)
Start importing Assets/tiles_packed_99.asset using Guid(0521f169806f68d44991b77b146e4ac8) Importer(815301076,1909f56bfc062723c751e8b465ee728b) [PhysX] Initialized MultithreadedTaskDispatcher with 8 workers.
 -> (artifact id: 'b1c07e60dcd4bcaf4b22ebc9af8d0a7f') in 0.015170 seconds
Number of updated asset objects reloaded before import = 0
Number of asset objects unloaded after import = 3
========================================================================
Received Import Request.
  Time since last request: 0.000031 seconds.
  path: Assets/tiles_packed_121.asset
  artifactKey: Guid(06689427da9bbcc4a9a10a3403dc7d1a) Importer(815301076,1909f56bfc062723c751e8b465ee728b)
Start importing Assets/tiles_packed_121.asset using Guid(06689427da9bbcc4a9a10a3403dc7d1a) Importer(815301076,1909f56bfc062723c751e8b465ee728b) [PhysX] Initialized MultithreadedTaskDispatcher with 8 workers.
 -> (artifact id: 'cf43186a39d5dfabdc5a96b31f80961e') in 0.018644 seconds
Number of updated asset objects reloaded before import = 0
Number of asset objects unloaded after import = 3
========================================================================
Received Import Request.
  Time since last request: 0.000031 seconds.
  path: Assets/tiles_packed_123.asset
  artifactKey: Guid(a1f7e161925dd014e9432af026d93336) Importer(815301076,1909f56bfc062723c751e8b465ee728b)
Start importing Assets/tiles_packed_123.asset using Guid(a1f7e161925dd014e9432af026d93336) Importer(815301076,1909f56bfc062723c751e8b465ee728b) [PhysX] Initialized MultithreadedTaskDispatcher with 8 workers.
 -> (artifact id: 'e4a2602056d7a2de4f33238848d9d244') in 0.014717 seconds
Number of updated asset objects reloaded before import = 0
Number of asset objects unloaded after import = 3
========================================================================
Received Import Request.
  Time since last request: 0.000064 seconds.
  path: Assets/tiles_packed_129.asset
  artifactKey: Guid(678f3a1f086ecf54f98bc7b6a31a853f) Importer(815301076,1909f56bfc062723c751e8b465ee728b)
Start importing Assets/tiles_packed_129.asset using Guid(678f3a1f086ecf54f98bc7b6a31a853f) Importer(815301076,1909f56bfc062723c751e8b465ee728b) [PhysX] Initialized MultithreadedTaskDispatcher with 8 workers.
 -> (artifact id: '2f30a26f6600a840bd4d313cfd14fe9f') in 0.015519 seconds
Number of updated asset objects reloaded before import = 0
Number of asset objects unloaded after import = 3
========================================================================
Received Import Request.
  Time since last request: 0.000035 seconds.
  path: Assets/tiles_packed_130.asset
  artifactKey: Guid(639687f522c923a459975637b122152b) Importer(815301076,1909f56bfc062723c751e8b465ee728b)
Start importing Assets/tiles_packed_130.asset using Guid(639687f522c923a459975637b122152b) Importer(815301076,1909f56bfc062723c751e8b465ee728b) [PhysX] Initialized MultithreadedTaskDispatcher with 8 workers.
 -> (artifact id: '9d02a260532e69a2611187419f09ded2') in 0.019313 seconds
Number of updated asset objects reloaded before import = 0
Number of asset objects unloaded after import = 3
========================================================================
Received Import Request.
  Time since last request: 0.000032 seconds.
  path: Assets/tiles_packed_131.asset
  artifactKey: Guid(bdb7538241babcb4bb00b374cc550869) Importer(815301076,1909f56bfc062723c751e8b465ee728b)
Start importing Assets/tiles_packed_131.asset using Guid(bdb7538241babcb4bb00b374cc550869) Importer(815301076,1909f56bfc062723c751e8b465ee728b) [PhysX] Initialized MultithreadedTaskDispatcher with 8 workers.
 -> (artifact id: 'a1acf2a2372ffcf04c7949fbb32dc7ef') in 0.021445 seconds
Number of updated asset objects reloaded before import = 0
Number of asset objects unloaded after import = 3
========================================================================
Received Import Request.
  Time since last request: 0.000038 seconds.
  path: Assets/tiles_packed_112.asset
  artifactKey: Guid(554ec5a63a4cbe949bd87741b5f5339f) Importer(815301076,1909f56bfc062723c751e8b465ee728b)
Start importing Assets/tiles_packed_112.asset using Guid(554ec5a63a4cbe949bd87741b5f5339f) Importer(815301076,1909f56bfc062723c751e8b465ee728b) [PhysX] Initialized MultithreadedTaskDispatcher with 8 workers.
 -> (artifact id: 'f40f90ff618b1447c4835113b1a0c789') in 0.019301 seconds
Number of updated asset objects reloaded before import = 0
Number of asset objects unloaded after import = 3
========================================================================
Received Import Request.
  Time since last request: 0.000025 seconds.
  path: Assets/tiles_packed_110.asset
  artifactKey: Guid(3fc36ce0d1e780942aa71e56d9367668) Importer(815301076,1909f56bfc062723c751e8b465ee728b)
Start importing Assets/tiles_packed_110.asset using Guid(3fc36ce0d1e780942aa71e56d9367668) Importer(815301076,1909f56bfc062723c751e8b465ee728b) [PhysX] Initialized MultithreadedTaskDispatcher with 8 workers.
 -> (artifact id: 'e31962fc0ca86a0ef8685a8cacd2a1d6') in 0.013855 seconds
Number of updated asset objects reloaded before import = 0
Number of asset objects unloaded after import = 3
========================================================================
Received Import Request.
  Time since last request: 0.000032 seconds.
  path: Assets/tiles_packed_124.asset
  artifactKey: Guid(682cf7fc1ab1a004bb4b652b1419aa6a) Importer(815301076,1909f56bfc062723c751e8b465ee728b)
Start importing Assets/tiles_packed_124.asset using Guid(682cf7fc1ab1a004bb4b652b1419aa6a) Importer(815301076,1909f56bfc062723c751e8b465ee728b) [PhysX] Initialized MultithreadedTaskDispatcher with 8 workers.
 -> (artifact id: '5dda6049f842b479fc68bb3cd6c76987') in 0.013651 seconds
Number of updated asset objects reloaded before import = 0
Number of asset objects unloaded after import = 3
========================================================================
Received Import Request.
  Time since last request: 0.000037 seconds.
  path: Assets/tiles_packed_126.asset
  artifactKey: Guid(c954efa0c21db2a4781b13f63f5f933d) Importer(815301076,1909f56bfc062723c751e8b465ee728b)
Start importing Assets/tiles_packed_126.asset using Guid(c954efa0c21db2a4781b13f63f5f933d) Importer(815301076,1909f56bfc062723c751e8b465ee728b) [PhysX] Initialized MultithreadedTaskDispatcher with 8 workers.
 -> (artifact id: '442597b9fed2f97ab48a4a6568bd910c') in 0.013782 seconds
Number of updated asset objects reloaded before import = 0
Number of asset objects unloaded after import = 3
========================================================================
Received Import Request.
  Time since last request: 0.000034 seconds.
  path: Assets/tiles_packed_101.asset
  artifactKey: Guid(c2e301a803336b648bf696af63c68073) Importer(815301076,1909f56bfc062723c751e8b465ee728b)
Start importing Assets/tiles_packed_101.asset using Guid(c2e301a803336b648bf696af63c68073) Importer(815301076,1909f56bfc062723c751e8b465ee728b) [PhysX] Initialized MultithreadedTaskDispatcher with 8 workers.
 -> (artifact id: '513d7003754dc0d1299cb4720e1141ef') in 0.014441 seconds
Number of updated asset objects reloaded before import = 0
Number of asset objects unloaded after import = 3
========================================================================
Received Import Request.
  Time since last request: 0.000028 seconds.
  path: Assets/tiles_packed_132.asset
  artifactKey: Guid(6f18fe5b593b41548862f93a325e747b) Importer(815301076,1909f56bfc062723c751e8b465ee728b)
Start importing Assets/tiles_packed_132.asset using Guid(6f18fe5b593b41548862f93a325e747b) Importer(815301076,1909f56bfc062723c751e8b465ee728b) [PhysX] Initialized MultithreadedTaskDispatcher with 8 workers.
 -> (artifact id: '3d059c2fe69d5ba016a2d7d87eae74cd') in 0.006643 seconds
Number of updated asset objects reloaded before import = 0
Number of asset objects unloaded after import = 3
========================================================================
Received Import Request.
  Time since last request: 0.000027 seconds.
  path: Assets/tiles_packed_118.asset
  artifactKey: Guid(3e9dcccfc09dbfa4baa4c8e0eb431f26) Importer(815301076,1909f56bfc062723c751e8b465ee728b)
Start importing Assets/tiles_packed_118.asset using Guid(3e9dcccfc09dbfa4baa4c8e0eb431f26) Importer(815301076,1909f56bfc062723c751e8b465ee728b) [PhysX] Initialized MultithreadedTaskDispatcher with 8 workers.
 -> (artifact id: '0c6aefa193898c012e48311d8622f6c8') in 0.015246 seconds
Number of updated asset objects reloaded before import = 0
Number of asset objects unloaded after import = 3
========================================================================
Received Import Request.
  Time since last request: 0.000032 seconds.
  path: Assets/tiles_packed_122.asset
  artifactKey: Guid(92548527646643d4ca9307716d43bc13) Importer(815301076,1909f56bfc062723c751e8b465ee728b)
Start importing Assets/tiles_packed_122.asset using Guid(92548527646643d4ca9307716d43bc13) Importer(815301076,1909f56bfc062723c751e8b465ee728b) [PhysX] Initialized MultithreadedTaskDispatcher with 8 workers.
 -> (artifact id: '08465ff32b63a9f8786e05ca4341650a') in 0.013307 seconds
Number of updated asset objects reloaded before import = 0
Number of asset objects unloaded after import = 3
========================================================================
Received Import Request.
  Time since last request: 0.000024 seconds.
  path: Assets/tiles_packed_100.asset
  artifactKey: Guid(6901376d5f0765d40b752f9767f5f6de) Importer(815301076,1909f56bfc062723c751e8b465ee728b)
Start importing Assets/tiles_packed_100.asset using Guid(6901376d5f0765d40b752f9767f5f6de) Importer(815301076,1909f56bfc062723c751e8b465ee728b) [PhysX] Initialized MultithreadedTaskDispatcher with 8 workers.
 -> (artifact id: 'c9c9d4621a82c7addd1f7d9353dce4ed') in 0.013291 seconds
Number of updated asset objects reloaded before import = 0
Number of asset objects unloaded after import = 3
========================================================================
Received Import Request.
  Time since last request: 0.127531 seconds.
  path: Assets/tiles_packed_133.asset
  artifactKey: Guid(3aa6b73a4b25b7d42938370c24a1df0f) Importer(815301076,1909f56bfc062723c751e8b465ee728b)
Start importing Assets/tiles_packed_133.asset using Guid(3aa6b73a4b25b7d42938370c24a1df0f) Importer(815301076,1909f56bfc062723c751e8b465ee728b) [PhysX] Initialized MultithreadedTaskDispatcher with 8 workers.
 -> (artifact id: '8b1c90fe528ae1870745c1a29f835937') in 0.007262 seconds
Number of updated asset objects reloaded before import = 0
Number of asset objects unloaded after import = 3
========================================================================
Received Import Request.
  Time since last request: 0.000027 seconds.
  path: Assets/tiles_packed_138.asset
  artifactKey: Guid(6d076e6899a0a6f4b98a7b6c162ada0b) Importer(815301076,1909f56bfc062723c751e8b465ee728b)
Start importing Assets/tiles_packed_138.asset using Guid(6d076e6899a0a6f4b98a7b6c162ada0b) Importer(815301076,1909f56bfc062723c751e8b465ee728b) [PhysX] Initialized MultithreadedTaskDispatcher with 8 workers.
 -> (artifact id: 'e417a99fc059e6661210f04ad9bbba52') in 0.014285 seconds
Number of updated asset objects reloaded before import = 0
Number of asset objects unloaded after import = 3
========================================================================
Received Import Request.
  Time since last request: 0.000024 seconds.
  path: Assets/tiles_packed_136.asset
  artifactKey: Guid(a36fa1f167d05ba42b8ff61a8ad2ea12) Importer(815301076,1909f56bfc062723c751e8b465ee728b)
Start importing Assets/tiles_packed_136.asset using Guid(a36fa1f167d05ba42b8ff61a8ad2ea12) Importer(815301076,1909f56bfc062723c751e8b465ee728b) [PhysX] Initialized MultithreadedTaskDispatcher with 8 workers.
 -> (artifact id: 'a5d2ee1181369655a230e92013647166') in 0.014369 seconds
Number of updated asset objects reloaded before import = 0
Number of asset objects unloaded after import = 3
========================================================================
Received Import Request.
  Time since last request: 0.000037 seconds.
  path: Assets/tiles_packed_142.asset
  artifactKey: Guid(63a74413e35f3da47a3842d51d44abac) Importer(815301076,1909f56bfc062723c751e8b465ee728b)
Start importing Assets/tiles_packed_142.asset using Guid(63a74413e35f3da47a3842d51d44abac) Importer(815301076,1909f56bfc062723c751e8b465ee728b) [PhysX] Initialized MultithreadedTaskDispatcher with 8 workers.
 -> (artifact id: 'e29d114bdf03724543dce5bb09a1ef96') in 0.015220 seconds
Number of updated asset objects reloaded before import = 0
Number of asset objects unloaded after import = 3
========================================================================
Received Import Request.
  Time since last request: 0.000027 seconds.
  path: Assets/tiles_packed_146.asset
  artifactKey: Guid(997af1e38a75b104c917c5cfa3b86855) Importer(815301076,1909f56bfc062723c751e8b465ee728b)
Start importing Assets/tiles_packed_146.asset using Guid(997af1e38a75b104c917c5cfa3b86855) Importer(815301076,1909f56bfc062723c751e8b465ee728b) [PhysX] Initialized MultithreadedTaskDispatcher with 8 workers.
 -> (artifact id: 'c0f5da4a321b8f8ebab3c37bef58c8d7') in 0.015027 seconds
Number of updated asset objects reloaded before import = 0
Number of asset objects unloaded after import = 3
========================================================================
Received Import Request.
  Time since last request: 0.000022 seconds.
  path: Assets/tiles_packed_154.asset
  artifactKey: Guid(503b2811b9e5e534ba20a017863585e3) Importer(815301076,1909f56bfc062723c751e8b465ee728b)
Start importing Assets/tiles_packed_154.asset using Guid(503b2811b9e5e534ba20a017863585e3) Importer(815301076,1909f56bfc062723c751e8b465ee728b) [PhysX] Initialized MultithreadedTaskDispatcher with 8 workers.
 -> (artifact id: '6eb967b45a03eb1775e26af9911dbffc') in 0.016418 seconds
Number of updated asset objects reloaded before import = 0
Number of asset objects unloaded after import = 3
========================================================================
Received Import Request.
  Time since last request: 0.000028 seconds.
  path: Assets/tiles_packed_145.asset
  artifactKey: Guid(0d202859487662d419f1a487267479e4) Importer(815301076,1909f56bfc062723c751e8b465ee728b)
Start importing Assets/tiles_packed_145.asset using Guid(0d202859487662d419f1a487267479e4) Importer(815301076,1909f56bfc062723c751e8b465ee728b) [PhysX] Initialized MultithreadedTaskDispatcher with 8 workers.
 -> (artifact id: '790537146ed3265815011c11c5c6f34a') in 0.014439 seconds
Number of updated asset objects reloaded before import = 0
Number of asset objects unloaded after import = 3
========================================================================
Received Import Request.
  Time since last request: 0.000022 seconds.
  path: Assets/tiles_packed_149.asset
  artifactKey: Guid(bfdda9991200c8b499dc5a070a6d2b94) Importer(815301076,1909f56bfc062723c751e8b465ee728b)
Start importing Assets/tiles_packed_149.asset using Guid(bfdda9991200c8b499dc5a070a6d2b94) Importer(815301076,1909f56bfc062723c751e8b465ee728b) [PhysX] Initialized MultithreadedTaskDispatcher with 8 workers.
 -> (artifact id: '607edaaec6ddbec21fa9a4fd9d18de5b') in 0.014108 seconds
Number of updated asset objects reloaded before import = 0
Number of asset objects unloaded after import = 3
========================================================================
Received Import Request.
  Time since last request: 0.000025 seconds.
  path: Assets/tiles_packed_168.asset
  artifactKey: Guid(ec856675e1d0d63409ba8356108a4c23) Importer(815301076,1909f56bfc062723c751e8b465ee728b)
Start importing Assets/tiles_packed_168.asset using Guid(ec856675e1d0d63409ba8356108a4c23) Importer(815301076,1909f56bfc062723c751e8b465ee728b) [PhysX] Initialized MultithreadedTaskDispatcher with 8 workers.
 -> (artifact id: '3e9d68b88eb583dc79f217be03e5ad93') in 0.017617 seconds
Number of updated asset objects reloaded before import = 0
Number of asset objects unloaded after import = 3
========================================================================
Received Import Request.
  Time since last request: 0.000030 seconds.
  path: Assets/world1.prefab
  artifactKey: Guid(cbd1ef8e3c030124b8a4408b85ba125f) Importer(815301076,1909f56bfc062723c751e8b465ee728b)
Start importing Assets/world1.prefab using Guid(cbd1ef8e3c030124b8a4408b85ba125f) Importer(815301076,1909f56bfc062723c751e8b465ee728b) [PhysX] Initialized MultithreadedTaskDispatcher with 8 workers.
[PhysX] Initialized MultithreadedTaskDispatcher with 8 workers.
 -> (artifact id: '0e3cd44cc4b99fbde59dc15fdc38054b') in 0.068181 seconds
Number of updated asset objects reloaded before import = 0
Number of asset objects unloaded after import = 360
========================================================================
Received Import Request.
  Time since last request: 0.000036 seconds.
  path: Assets/tiles_packed_173.asset
  artifactKey: Guid(c091d128d17a45c4ea1f54be3e9b0b52) Importer(815301076,1909f56bfc062723c751e8b465ee728b)
Start importing Assets/tiles_packed_173.asset using Guid(c091d128d17a45c4ea1f54be3e9b0b52) Importer(815301076,1909f56bfc062723c751e8b465ee728b) [PhysX] Initialized MultithreadedTaskDispatcher with 8 workers.
 -> (artifact id: 'e8c9ede3411b9a871728cc612f324c04') in 0.014033 seconds
Number of updated asset objects reloaded before import = 0
Number of asset objects unloaded after import = 3
========================================================================
Received Import Request.
  Time since last request: 0.000035 seconds.
  path: Assets/tiles_packed_171.asset
  artifactKey: Guid(752ed68fb5bde7840b3e2435b336d0a0) Importer(815301076,1909f56bfc062723c751e8b465ee728b)
Start importing Assets/tiles_packed_171.asset using Guid(752ed68fb5bde7840b3e2435b336d0a0) Importer(815301076,1909f56bfc062723c751e8b465ee728b) [PhysX] Initialized MultithreadedTaskDispatcher with 8 workers.
 -> (artifact id: '552e3febc94d2c7f635018e76ca5533d') in 0.013177 seconds
Number of updated asset objects reloaded before import = 0
Number of asset objects unloaded after import = 3
========================================================================
Received Import Request.
  Time since last request: 0.000021 seconds.
  path: Assets/tiles_packed_147.asset
  artifactKey: Guid(baaccec0f90371944aa45a1621553c44) Importer(815301076,1909f56bfc062723c751e8b465ee728b)
Start importing Assets/tiles_packed_147.asset using Guid(baaccec0f90371944aa45a1621553c44) Importer(815301076,1909f56bfc062723c751e8b465ee728b) [PhysX] Initialized MultithreadedTaskDispatcher with 8 workers.
 -> (artifact id: '4c1fc6b726245b5fb3f67a880118e474') in 0.018907 seconds
Number of updated asset objects reloaded before import = 0
Number of asset objects unloaded after import = 3
========================================================================
Received Import Request.
  Time since last request: 0.000031 seconds.
  path: Assets/tiles_packed_151.asset
  artifactKey: Guid(8e21149fbfa017f43b1261bd2e56eca4) Importer(815301076,1909f56bfc062723c751e8b465ee728b)
Start importing Assets/tiles_packed_151.asset using Guid(8e21149fbfa017f43b1261bd2e56eca4) Importer(815301076,1909f56bfc062723c751e8b465ee728b) [PhysX] Initialized MultithreadedTaskDispatcher with 8 workers.
 -> (artifact id: 'd0d3fe7a96e34887a0674a015c525525') in 0.017140 seconds
Number of updated asset objects reloaded before import = 0
Number of asset objects unloaded after import = 3
========================================================================
Received Import Request.
  Time since last request: 0.000056 seconds.
  path: Assets/tiles_packed_153.asset
  artifactKey: Guid(0957a241cb1976842af6c4ca70033125) Importer(815301076,1909f56bfc062723c751e8b465ee728b)
Start importing Assets/tiles_packed_153.asset using Guid(0957a241cb1976842af6c4ca70033125) Importer(815301076,1909f56bfc062723c751e8b465ee728b) [PhysX] Initialized MultithreadedTaskDispatcher with 8 workers.
 -> (artifact id: 'd21d081e05a507f5da8ffc799e417f53') in 0.013684 seconds
Number of updated asset objects reloaded before import = 0
Number of asset objects unloaded after import = 3
========================================================================
Received Import Request.
  Time since last request: 0.000021 seconds.
  path: Assets/tiles_packed_161.asset
  artifactKey: Guid(fde7705d8d83d044496c8a8a0cd650b7) Importer(815301076,1909f56bfc062723c751e8b465ee728b)
Start importing Assets/tiles_packed_161.asset using Guid(fde7705d8d83d044496c8a8a0cd650b7) Importer(815301076,1909f56bfc062723c751e8b465ee728b) [PhysX] Initialized MultithreadedTaskDispatcher with 8 workers.
 -> (artifact id: 'bd42024c5451ae99018acfde5fd021fd') in 0.014107 seconds
Number of updated asset objects reloaded before import = 0
Number of asset objects unloaded after import = 3
========================================================================
Received Import Request.
  Time since last request: 0.000026 seconds.
  path: Assets/tiles_packed_135.asset
  artifactKey: Guid(aaa74ae1c85d8ab4d81ce85695befd7b) Importer(815301076,1909f56bfc062723c751e8b465ee728b)
Start importing Assets/tiles_packed_135.asset using Guid(aaa74ae1c85d8ab4d81ce85695befd7b) Importer(815301076,1909f56bfc062723c751e8b465ee728b) [PhysX] Initialized MultithreadedTaskDispatcher with 8 workers.
 -> (artifact id: '08cb598469d19e8d0379aa28ac437e79') in 0.007118 seconds
Number of updated asset objects reloaded before import = 0
Number of asset objects unloaded after import = 3
========================================================================
Received Import Request.
  Time since last request: 0.000076 seconds.
  path: Assets/tiles_packed_152.asset
  artifactKey: Guid(393418de3bdafe240b9ceea1a99adec3) Importer(815301076,1909f56bfc062723c751e8b465ee728b)
Start importing Assets/tiles_packed_152.asset using Guid(393418de3bdafe240b9ceea1a99adec3) Importer(815301076,1909f56bfc062723c751e8b465ee728b) [PhysX] Initialized MultithreadedTaskDispatcher with 8 workers.
 -> (artifact id: '95afc927c570bbaf783b872e455be19a') in 0.015198 seconds
Number of updated asset objects reloaded before import = 0
Number of asset objects unloaded after import = 3
========================================================================
Received Import Request.
  Time since last request: 0.000024 seconds.
  path: Assets/tiles_packed_156.asset
  artifactKey: Guid(8c81bc71e9a34c946bfcb90a3f24facb) Importer(815301076,1909f56bfc062723c751e8b465ee728b)
Start importing Assets/tiles_packed_156.asset using Guid(8c81bc71e9a34c946bfcb90a3f24facb) Importer(815301076,1909f56bfc062723c751e8b465ee728b) [PhysX] Initialized MultithreadedTaskDispatcher with 8 workers.
 -> (artifact id: '94117be285b5929a2e2d17416d832966') in 0.007151 seconds
Number of updated asset objects reloaded before import = 0
Number of asset objects unloaded after import = 3
========================================================================
Received Import Request.
  Time since last request: 0.000033 seconds.
  path: Assets/tiles_packed_159.asset
  artifactKey: Guid(8dc434692e7e4bc4abcb8be9465bbb24) Importer(815301076,1909f56bfc062723c751e8b465ee728b)
Start importing Assets/tiles_packed_159.asset using Guid(8dc434692e7e4bc4abcb8be9465bbb24) Importer(815301076,1909f56bfc062723c751e8b465ee728b) [PhysX] Initialized MultithreadedTaskDispatcher with 8 workers.
 -> (artifact id: '818608bc6eefedb3ea540204f1c15d20') in 0.013797 seconds
Number of updated asset objects reloaded before import = 0
Number of asset objects unloaded after import = 3
========================================================================
Received Import Request.
  Time since last request: 153.056085 seconds.
  path: Assets/world1.prefab
  artifactKey: Guid(cbd1ef8e3c030124b8a4408b85ba125f) Importer(815301076,1909f56bfc062723c751e8b465ee728b)
Start importing Assets/world1.prefab using Guid(cbd1ef8e3c030124b8a4408b85ba125f) Importer(815301076,1909f56bfc062723c751e8b465ee728b) [PhysX] Initialized MultithreadedTaskDispatcher with 8 workers.
[PhysX] Initialized MultithreadedTaskDispatcher with 8 workers.
 -> (artifact id: '42d303599d3c1c28ec2f162276cc7ae8') in 0.061240 seconds
Number of updated asset objects reloaded before import = 0
Number of asset objects unloaded after import = 360
========================================================================
Received Import Request.
  Time since last request: 11.492714 seconds.
  path: Assets/world1.prefab
  artifactKey: Guid(cbd1ef8e3c030124b8a4408b85ba125f) Importer(815301076,1909f56bfc062723c751e8b465ee728b)
Start importing Assets/world1.prefab using Guid(cbd1ef8e3c030124b8a4408b85ba125f) Importer(815301076,1909f56bfc062723c751e8b465ee728b) [PhysX] Initialized MultithreadedTaskDispatcher with 8 workers.
[PhysX] Initialized MultithreadedTaskDispatcher with 8 workers.
 -> (artifact id: 'e2340fb45522379b0ea94e6c17f82437') in 0.062222 seconds
Number of updated asset objects reloaded before import = 0
Number of asset objects unloaded after import = 360
========================================================================
Received Import Request.
  Time since last request: 84.282436 seconds.
  path: Assets/tiles
  artifactKey: Guid(844eeff397719b54f960856371bf8907) Importer(815301076,1909f56bfc062723c751e8b465ee728b)
Start importing Assets/tiles using Guid(844eeff397719b54f960856371bf8907) Importer(815301076,1909f56bfc062723c751e8b465ee728b) [PhysX] Initialized MultithreadedTaskDispatcher with 8 workers.
 -> (artifact id: '58855e086b20d7e6e7f976b0df507861') in 0.000803 seconds
Number of updated asset objects reloaded before import = 0
Number of asset objects unloaded after import = 0
========================================================================
Received Import Request.
  Time since last request: 16.892768 seconds.
  path: Assets/Tile Pallets
  artifactKey: Guid(d734507bfc447cc4881ac9dace390d4d) Importer(815301076,1909f56bfc062723c751e8b465ee728b)
Start importing Assets/Tile Pallets using Guid(d734507bfc447cc4881ac9dace390d4d) Importer(815301076,1909f56bfc062723c751e8b465ee728b) [PhysX] Initialized MultithreadedTaskDispatcher with 8 workers.
 -> (artifact id: '8512c3818517f23b55bd504304c62305') in 0.000575 seconds
Number of updated asset objects reloaded before import = 0
Number of asset objects unloaded after import = 0
========================================================================
Received Import Request.
  Time since last request: 17.412947 seconds.
  path: Assets/Tile Pallets/world.prefab
  artifactKey: Guid(0a647bd75f6f80e4d833c82d018bd7d1) Importer(815301076,1909f56bfc062723c751e8b465ee728b)
Start importing Assets/Tile Pallets/world.prefab using Guid(0a647bd75f6f80e4d833c82d018bd7d1) Importer(815301076,1909f56bfc062723c751e8b465ee728b) [PhysX] Initialized MultithreadedTaskDispatcher with 8 workers.
[PhysX] Initialized MultithreadedTaskDispatcher with 8 workers.
 -> (artifact id: '7d1c646581781e70938ff97f702697cf') in 0.020452 seconds
Number of updated asset objects reloaded before import = 0
Number of asset objects unloaded after import = 11
========================================================================
Received Import Request.
  Time since last request: 99.928318 seconds.
  path: Assets/Tile Pallets/world1.prefab
  artifactKey: Guid(cbd1ef8e3c030124b8a4408b85ba125f) Importer(815301076,1909f56bfc062723c751e8b465ee728b)
Start importing Assets/Tile Pallets/world1.prefab using Guid(cbd1ef8e3c030124b8a4408b85ba125f) Importer(815301076,1909f56bfc062723c751e8b465ee728b) [PhysX] Initialized MultithreadedTaskDispatcher with 8 workers.
[PhysX] Initialized MultithreadedTaskDispatcher with 8 workers.
 -> (artifact id: 'f269597f03bafe34228846e0cab1b13f') in 0.058161 seconds
Number of updated asset objects reloaded before import = 0
Number of asset objects unloaded after import = 360
========================================================================
Received Import Request.
  Time since last request: 41.486169 seconds.
  path: Assets/tiles_packed.png
  artifactKey: Guid(927edcffc8fe29e4ea8eab4ac04ebc6e) Importer(815301076,1909f56bfc062723c751e8b465ee728b)
Start importing Assets/tiles_packed.png using Guid(927edcffc8fe29e4ea8eab4ac04ebc6e) Importer(815301076,1909f56bfc062723c751e8b465ee728b) [PhysX] Initialized MultithreadedTaskDispatcher with 8 workers.
[PhysX] Initialized MultithreadedTaskDispatcher with 8 workers.
 -> (artifact id: '2fd5f61a0c663b733b51a521cff577f5') in 0.403100 seconds
Number of updated asset objects reloaded before import = 0
Number of asset objects unloaded after import = 176
========================================================================
Received Import Request.
  Time since last request: 11.760333 seconds.
  path: Assets/tiles_packed.png
  artifactKey: Guid(927edcffc8fe29e4ea8eab4ac04ebc6e) Importer(815301076,1909f56bfc062723c751e8b465ee728b)
Start importing Assets/tiles_packed.png using Guid(927edcffc8fe29e4ea8eab4ac04ebc6e) Importer(815301076,1909f56bfc062723c751e8b465ee728b) [PhysX] Initialized MultithreadedTaskDispatcher with 8 workers.
[PhysX] Initialized MultithreadedTaskDispatcher with 8 workers.
 -> (artifact id: '4cb6aac71443c4240c0b7614562e7ce6') in 0.426428 seconds
Number of updated asset objects reloaded before import = 0
Number of asset objects unloaded after import = 176
========================================================================
Received Import Request.
  Time since last request: 9.329165 seconds.
  path: Assets/tiles_packed.png
  artifactKey: Guid(927edcffc8fe29e4ea8eab4ac04ebc6e) Importer(815301076,1909f56bfc062723c751e8b465ee728b)
Start importing Assets/tiles_packed.png using Guid(927edcffc8fe29e4ea8eab4ac04ebc6e) Importer(815301076,1909f56bfc062723c751e8b465ee728b) [PhysX] Initialized MultithreadedTaskDispatcher with 8 workers.
[PhysX] Initialized MultithreadedTaskDispatcher with 8 workers.
 -> (artifact id: '0bd6bb5be58e16220b1be618a9db5472') in 0.462234 seconds
Number of updated asset objects reloaded before import = 0
Number of asset objects unloaded after import = 176
========================================================================
Received Import Request.
  Time since last request: 16.513369 seconds.
  path: Assets/tiles_packed.png
  artifactKey: Guid(927edcffc8fe29e4ea8eab4ac04ebc6e) Importer(815301076,1909f56bfc062723c751e8b465ee728b)
Start importing Assets/tiles_packed.png using Guid(927edcffc8fe29e4ea8eab4ac04ebc6e) Importer(815301076,1909f56bfc062723c751e8b465ee728b) [PhysX] Initialized MultithreadedTaskDispatcher with 8 workers.
[PhysX] Initialized MultithreadedTaskDispatcher with 8 workers.
 -> (artifact id: 'dc6e01b6e490ab3821459395f21f2ac3') in 0.504474 seconds
Number of updated asset objects reloaded before import = 0
Number of asset objects unloaded after import = 176
========================================================================
Received Import Request.
  Time since last request: 55.087513 seconds.
  path: Assets/tiles/tiles_packed_0.asset
  artifactKey: Guid(ba9a2a1bb6711b54dbaef2c1b3e84ccc) Importer(815301076,1909f56bfc062723c751e8b465ee728b)
Start importing Assets/tiles/tiles_packed_0.asset using Guid(ba9a2a1bb6711b54dbaef2c1b3e84ccc) Importer(815301076,1909f56bfc062723c751e8b465ee728b) [PhysX] Initialized MultithreadedTaskDispatcher with 8 workers.
 -> (artifact id: '2b6060a94004fdb4eb052eb6441f1ec4') in 0.011872 seconds
Number of updated asset objects reloaded before import = 0
Number of asset objects unloaded after import = 3
========================================================================
Received Import Request.
  Time since last request: 0.000026 seconds.
  path: Assets/tiles/tiles_packed_18.asset
  artifactKey: Guid(f95e6bb8a0fbd3642a91e6bd3e145f2f) Importer(815301076,1909f56bfc062723c751e8b465ee728b)
Start importing Assets/tiles/tiles_packed_18.asset using Guid(f95e6bb8a0fbd3642a91e6bd3e145f2f) Importer(815301076,1909f56bfc062723c751e8b465ee728b) [PhysX] Initialized MultithreadedTaskDispatcher with 8 workers.
 -> (artifact id: '9d2887a8516c14ebf07226205155a550') in 0.007678 seconds
Number of updated asset objects reloaded before import = 0
Number of asset objects unloaded after import = 3
========================================================================
Received Import Request.
  Time since last request: 0.000023 seconds.
  path: Assets/tiles/tiles_packed_5.asset
  artifactKey: Guid(2ecdf7c35d0303646a2db95a2421cd18) Importer(815301076,1909f56bfc062723c751e8b465ee728b)
Start importing Assets/tiles/tiles_packed_5.asset using Guid(2ecdf7c35d0303646a2db95a2421cd18) Importer(815301076,1909f56bfc062723c751e8b465ee728b) [PhysX] Initialized MultithreadedTaskDispatcher with 8 workers.
 -> (artifact id: 'e5f2b64ecce750a13da9a523a6f5c17d') in 0.007642 seconds
Number of updated asset objects reloaded before import = 0
Number of asset objects unloaded after import = 3
========================================================================
Received Import Request.
  Time since last request: 0.000024 seconds.
  path: Assets/tiles/tiles_packed_6.asset
  artifactKey: Guid(bca53e34601f13b4fb4a9bae39b24589) Importer(815301076,1909f56bfc062723c751e8b465ee728b)
Start importing Assets/tiles/tiles_packed_6.asset using Guid(bca53e34601f13b4fb4a9bae39b24589) Importer(815301076,1909f56bfc062723c751e8b465ee728b) [PhysX] Initialized MultithreadedTaskDispatcher with 8 workers.
 -> (artifact id: 'b67b518916a3427e8e128ef47db7a9df') in 0.008147 seconds
Number of updated asset objects reloaded before import = 0
Number of asset objects unloaded after import = 3
========================================================================
Received Import Request.
  Time since last request: 0.000022 seconds.
  path: Assets/tiles/tiles_packed_14.asset
  artifactKey: Guid(e0d6d928d4b3e984ea2b408d7b0baf54) Importer(815301076,1909f56bfc062723c751e8b465ee728b)
Start importing Assets/tiles/tiles_packed_14.asset using Guid(e0d6d928d4b3e984ea2b408d7b0baf54) Importer(815301076,1909f56bfc062723c751e8b465ee728b) [PhysX] Initialized MultithreadedTaskDispatcher with 8 workers.
 -> (artifact id: '2c1befdfcc3232ef1621356e3c630869') in 0.007052 seconds
Number of updated asset objects reloaded before import = 0
Number of asset objects unloaded after import = 3
========================================================================
Received Import Request.
  Time since last request: 0.000021 seconds.
  path: Assets/tiles/tiles_packed_24.asset
  artifactKey: Guid(bf05782df554ec24e8d95ab7473a6365) Importer(815301076,1909f56bfc062723c751e8b465ee728b)
Start importing Assets/tiles/tiles_packed_24.asset using Guid(bf05782df554ec24e8d95ab7473a6365) Importer(815301076,1909f56bfc062723c751e8b465ee728b) [PhysX] Initialized MultithreadedTaskDispatcher with 8 workers.
 -> (artifact id: '75c454797a7c32841a064b392d754c09') in 0.007129 seconds
Number of updated asset objects reloaded before import = 0
Number of asset objects unloaded after import = 3
========================================================================
Received Import Request.
  Time since last request: 0.000024 seconds.
  path: Assets/tiles/tiles_packed_22.asset
  artifactKey: Guid(c263ada12138c4a46a799b712759265a) Importer(815301076,1909f56bfc062723c751e8b465ee728b)
Start importing Assets/tiles/tiles_packed_22.asset using Guid(c263ada12138c4a46a799b712759265a) Importer(815301076,1909f56bfc062723c751e8b465ee728b) [PhysX] Initialized MultithreadedTaskDispatcher with 8 workers.
 -> (artifact id: 'f634846bcc74ec96cfa1c791d4254bb5') in 0.009958 seconds
Number of updated asset objects reloaded before import = 0
Number of asset objects unloaded after import = 3
========================================================================
Received Import Request.
  Time since last request: 0.000033 seconds.
  path: Assets/tiles/tiles_packed_19.asset
  artifactKey: Guid(16ee348ec5c37cf47877bd0a6b5c788e) Importer(815301076,1909f56bfc062723c751e8b465ee728b)
Start importing Assets/tiles/tiles_packed_19.asset using Guid(16ee348ec5c37cf47877bd0a6b5c788e) Importer(815301076,1909f56bfc062723c751e8b465ee728b) [PhysX] Initialized MultithreadedTaskDispatcher with 8 workers.
 -> (artifact id: 'c1b0cd344b31a17e474e5d3423035c73') in 0.006735 seconds
Number of updated asset objects reloaded before import = 0
Number of asset objects unloaded after import = 3
========================================================================
Received Import Request.
  Time since last request: 0.000035 seconds.
  path: Assets/tiles/tiles_packed_13.asset
  artifactKey: Guid(2e1e528783ae8944f9ea9fb01177ccf1) Importer(815301076,1909f56bfc062723c751e8b465ee728b)
Start importing Assets/tiles/tiles_packed_13.asset using Guid(2e1e528783ae8944f9ea9fb01177ccf1) Importer(815301076,1909f56bfc062723c751e8b465ee728b) [PhysX] Initialized MultithreadedTaskDispatcher with 8 workers.
 -> (artifact id: 'ba174bcf8e08258880caecf387c3f8c1') in 0.008925 seconds
Number of updated asset objects reloaded before import = 0
Number of asset objects unloaded after import = 3
========================================================================
Received Import Request.
  Time since last request: 0.000024 seconds.
  path: Assets/tiles/tiles_packed_4.asset
  artifactKey: Guid(caa770f5a10121640b911f4f5106f3f9) Importer(815301076,1909f56bfc062723c751e8b465ee728b)
Start importing Assets/tiles/tiles_packed_4.asset using Guid(caa770f5a10121640b911f4f5106f3f9) Importer(815301076,1909f56bfc062723c751e8b465ee728b) [PhysX] Initialized MultithreadedTaskDispatcher with 8 workers.
 -> (artifact id: 'd91f536d1c272b7e6cea5ce0b6c12145') in 0.009640 seconds
Number of updated asset objects reloaded before import = 0
Number of asset objects unloaded after import = 3
========================================================================
Received Import Request.
  Time since last request: 0.000049 seconds.
  path: Assets/tiles/tiles_packed_26.asset
  artifactKey: Guid(55c1f4f00354885428efa39af50aacbb) Importer(815301076,1909f56bfc062723c751e8b465ee728b)
Start importing Assets/tiles/tiles_packed_26.asset using Guid(55c1f4f00354885428efa39af50aacbb) Importer(815301076,1909f56bfc062723c751e8b465ee728b) [PhysX] Initialized MultithreadedTaskDispatcher with 8 workers.
 -> (artifact id: 'a50c0600e0a7e10b8bef198b5e9bcaf4') in 0.008265 seconds
Number of updated asset objects reloaded before import = 0
Number of asset objects unloaded after import = 3
========================================================================
Received Import Request.
  Time since last request: 0.000029 seconds.
  path: Assets/tiles/tiles_packed_12.asset
  artifactKey: Guid(509bf84e3a6683e4e8932e3fee34f46c) Importer(815301076,1909f56bfc062723c751e8b465ee728b)
Start importing Assets/tiles/tiles_packed_12.asset using Guid(509bf84e3a6683e4e8932e3fee34f46c) Importer(815301076,1909f56bfc062723c751e8b465ee728b) [PhysX] Initialized MultithreadedTaskDispatcher with 8 workers.
 -> (artifact id: '47fadf549c4caf1ca3bd310395522aab') in 0.010113 seconds
Number of updated asset objects reloaded before import = 0
Number of asset objects unloaded after import = 3
========================================================================
Received Import Request.
  Time since last request: 0.000025 seconds.
  path: Assets/tiles/tiles_packed_16.asset
  artifactKey: Guid(0a0a9ce92129528468eea8833524d9d5) Importer(815301076,1909f56bfc062723c751e8b465ee728b)
Start importing Assets/tiles/tiles_packed_16.asset using Guid(0a0a9ce92129528468eea8833524d9d5) Importer(815301076,1909f56bfc062723c751e8b465ee728b) [PhysX] Initialized MultithreadedTaskDispatcher with 8 workers.
 -> (artifact id: '7b55b608309056dbc60c0e81a8f308f7') in 0.008287 seconds
Number of updated asset objects reloaded before import = 0
Number of asset objects unloaded after import = 3
========================================================================
Received Import Request.
  Time since last request: 0.000035 seconds.
  path: Assets/tiles/tiles_packed_34.asset
  artifactKey: Guid(85873910374628240af48882f545ecb1) Importer(815301076,1909f56bfc062723c751e8b465ee728b)
Start importing Assets/tiles/tiles_packed_34.asset using Guid(85873910374628240af48882f545ecb1) Importer(815301076,1909f56bfc062723c751e8b465ee728b) [PhysX] Initialized MultithreadedTaskDispatcher with 8 workers.
 -> (artifact id: 'a833288e899e6f4fed2d1928e3954326') in 0.008488 seconds
Number of updated asset objects reloaded before import = 0
Number of asset objects unloaded after import = 3
========================================================================
Received Import Request.
  Time since last request: 0.000029 seconds.
  path: Assets/tiles/tiles_packed_8.asset
  artifactKey: Guid(5b3e9a2de9f012f4197d451fd315a658) Importer(815301076,1909f56bfc062723c751e8b465ee728b)
Start importing Assets/tiles/tiles_packed_8.asset using Guid(5b3e9a2de9f012f4197d451fd315a658) Importer(815301076,1909f56bfc062723c751e8b465ee728b) [PhysX] Initialized MultithreadedTaskDispatcher with 8 workers.
 -> (artifact id: '3acf24068726cf5d420c70b21fde0a20') in 0.006868 seconds
Number of updated asset objects reloaded before import = 0
Number of asset objects unloaded after import = 3
========================================================================
Received Import Request.
  Time since last request: 0.000024 seconds.
  path: Assets/tiles/tiles_packed_10.asset
  artifactKey: Guid(5bffc73bfa931cb43ba0772075eeafca) Importer(815301076,1909f56bfc062723c751e8b465ee728b)
Start importing Assets/tiles/tiles_packed_10.asset using Guid(5bffc73bfa931cb43ba0772075eeafca) Importer(815301076,1909f56bfc062723c751e8b465ee728b) [PhysX] Initialized MultithreadedTaskDispatcher with 8 workers.
 -> (artifact id: 'ed62a2f81d328007a4c635e5a8c80976') in 0.010834 seconds
Number of updated asset objects reloaded before import = 0
Number of asset objects unloaded after import = 3
========================================================================
Received Import Request.
  Time since last request: 0.000025 seconds.
  path: Assets/tiles/tiles_packed_28.asset
  artifactKey: Guid(deba76aed762cbe4ebf3deb8b5751aa5) Importer(815301076,1909f56bfc062723c751e8b465ee728b)
Start importing Assets/tiles/tiles_packed_28.asset using Guid(deba76aed762cbe4ebf3deb8b5751aa5) Importer(815301076,1909f56bfc062723c751e8b465ee728b) [PhysX] Initialized MultithreadedTaskDispatcher with 8 workers.
 -> (artifact id: '674e585ed35c7d71ab76cf607651e17c') in 0.008387 seconds
Number of updated asset objects reloaded before import = 0
Number of asset objects unloaded after import = 3
========================================================================
Received Import Request.
  Time since last request: 0.000038 seconds.
  path: Assets/tiles/tiles_packed_30.asset
  artifactKey: Guid(6c09a587ddeb4e74db752e8ac21a902f) Importer(815301076,1909f56bfc062723c751e8b465ee728b)
Start importing Assets/tiles/tiles_packed_30.asset using Guid(6c09a587ddeb4e74db752e8ac21a902f) Importer(815301076,1909f56bfc062723c751e8b465ee728b) [PhysX] Initialized MultithreadedTaskDispatcher with 8 workers.
 -> (artifact id: 'c80d61e4722092c266e8acdb9c6c316e') in 0.011707 seconds
Number of updated asset objects reloaded before import = 0
Number of asset objects unloaded after import = 3
========================================================================
Received Import Request.
  Time since last request: 0.000023 seconds.
  path: Assets/tiles/tiles_packed_3.asset
  artifactKey: Guid(b9c8fa6cd2473384492f15bc28a8d01e) Importer(815301076,1909f56bfc062723c751e8b465ee728b)
Start importing Assets/tiles/tiles_packed_3.asset using Guid(b9c8fa6cd2473384492f15bc28a8d01e) Importer(815301076,1909f56bfc062723c751e8b465ee728b) [PhysX] Initialized MultithreadedTaskDispatcher with 8 workers.
 -> (artifact id: '318b64bcec499a4c4a936a4a945d918a') in 0.006276 seconds
Number of updated asset objects reloaded before import = 0
Number of asset objects unloaded after import = 3
========================================================================
Received Import Request.
  Time since last request: 0.913732 seconds.
  path: Assets/tiles/tiles_packed_37.asset
  artifactKey: Guid(8ae06f1e613c6ba4b85e88f5d0793f64) Importer(815301076,1909f56bfc062723c751e8b465ee728b)
Start importing Assets/tiles/tiles_packed_37.asset using Guid(8ae06f1e613c6ba4b85e88f5d0793f64) Importer(815301076,1909f56bfc062723c751e8b465ee728b) [PhysX] Initialized MultithreadedTaskDispatcher with 8 workers.
 -> (artifact id: '751f6f843cb7b314b1fcfebd165ee5c2') in 0.006747 seconds
Number of updated asset objects reloaded before import = 0
Number of asset objects unloaded after import = 3
========================================================================
Received Import Request.
  Time since last request: 0.000019 seconds.
  path: Assets/tiles/tiles_packed_40.asset
  artifactKey: Guid(e984b4b349e2f8a4895003b3d4c0e5ba) Importer(815301076,1909f56bfc062723c751e8b465ee728b)
Start importing Assets/tiles/tiles_packed_40.asset using Guid(e984b4b349e2f8a4895003b3d4c0e5ba) Importer(815301076,1909f56bfc062723c751e8b465ee728b) [PhysX] Initialized MultithreadedTaskDispatcher with 8 workers.
 -> (artifact id: '682e7b4b3dea387d869358e5c4bdca5b') in 0.011662 seconds
Number of updated asset objects reloaded before import = 0
Number of asset objects unloaded after import = 3
========================================================================
Received Import Request.
  Time since last request: 0.000035 seconds.
  path: Assets/tiles/tiles_packed_45.asset
  artifactKey: Guid(e28480fac014c7148966f3ef69e587b6) Importer(815301076,1909f56bfc062723c751e8b465ee728b)
Start importing Assets/tiles/tiles_packed_45.asset using Guid(e28480fac014c7148966f3ef69e587b6) Importer(815301076,1909f56bfc062723c751e8b465ee728b) [PhysX] Initialized MultithreadedTaskDispatcher with 8 workers.
 -> (artifact id: '96c5b53be3edee6c83a29f141ec04764') in 0.009958 seconds
Number of updated asset objects reloaded before import = 0
Number of asset objects unloaded after import = 3
========================================================================
Received Import Request.
  Time since last request: 0.000050 seconds.
  path: Assets/tiles/tiles_packed_44.asset
  artifactKey: Guid(6d6d9d49d540df3408b4f55aab2018ce) Importer(815301076,1909f56bfc062723c751e8b465ee728b)
Start importing Assets/tiles/tiles_packed_44.asset using Guid(6d6d9d49d540df3408b4f55aab2018ce) Importer(815301076,1909f56bfc062723c751e8b465ee728b) [PhysX] Initialized MultithreadedTaskDispatcher with 8 workers.
 -> (artifact id: 'b721a5e5e036c035b4d543164e36184f') in 0.008306 seconds
Number of updated asset objects reloaded before import = 0
Number of asset objects unloaded after import = 3
========================================================================
Received Import Request.
  Time since last request: 0.000032 seconds.
  path: Assets/tiles/tiles_packed_43.asset
  artifactKey: Guid(f47e71c6009b9274480e658f7861b96e) Importer(815301076,1909f56bfc062723c751e8b465ee728b)
Start importing Assets/tiles/tiles_packed_43.asset using Guid(f47e71c6009b9274480e658f7861b96e) Importer(815301076,1909f56bfc062723c751e8b465ee728b) [PhysX] Initialized MultithreadedTaskDispatcher with 8 workers.
 -> (artifact id: '1be142736b3f7c05a50c586d6f33f630') in 0.007112 seconds
Number of updated asset objects reloaded before import = 0
Number of asset objects unloaded after import = 3
========================================================================
Received Import Request.
  Time since last request: 0.847267 seconds.
  path: Assets/tiles/tiles_packed_46.asset
  artifactKey: Guid(80de743b2a2d50143af2a0c2adf71181) Importer(815301076,1909f56bfc062723c751e8b465ee728b)
Start importing Assets/tiles/tiles_packed_46.asset using Guid(80de743b2a2d50143af2a0c2adf71181) Importer(815301076,1909f56bfc062723c751e8b465ee728b) [PhysX] Initialized MultithreadedTaskDispatcher with 8 workers.
 -> (artifact id: '8a28f8e340539f4ebf8504519a64d218') in 0.006196 seconds
Number of updated asset objects reloaded before import = 0
Number of asset objects unloaded after import = 3
========================================================================
Received Import Request.
  Time since last request: 0.000023 seconds.
  path: Assets/tiles/tiles_packed_52.asset
  artifactKey: Guid(cf749cd4d7a79994aa2c9c5fe0ff794c) Importer(815301076,1909f56bfc062723c751e8b465ee728b)
Start importing Assets/tiles/tiles_packed_52.asset using Guid(cf749cd4d7a79994aa2c9c5fe0ff794c) Importer(815301076,1909f56bfc062723c751e8b465ee728b) [PhysX] Initialized MultithreadedTaskDispatcher with 8 workers.
 -> (artifact id: 'd1b1d9143f71e66029c13ea6f93d1022') in 0.006860 seconds
Number of updated asset objects reloaded before import = 0
Number of asset objects unloaded after import = 3
========================================================================
Received Import Request.
  Time since last request: 0.000021 seconds.
  path: Assets/tiles/tiles_packed_54.asset
  artifactKey: Guid(bb657b9c8155b5245ae04c8867803cc7) Importer(815301076,1909f56bfc062723c751e8b465ee728b)
Start importing Assets/tiles/tiles_packed_54.asset using Guid(bb657b9c8155b5245ae04c8867803cc7) Importer(815301076,1909f56bfc062723c751e8b465ee728b) [PhysX] Initialized MultithreadedTaskDispatcher with 8 workers.
 -> (artifact id: '152357f2144ac731b22332fcb1c81df6') in 0.006724 seconds
Number of updated asset objects reloaded before import = 0
Number of asset objects unloaded after import = 3
========================================================================
Received Import Request.
  Time since last request: 0.000023 seconds.
  path: Assets/tiles/tiles_packed_48.asset
  artifactKey: Guid(09887491222438c4fb78e2ec9bf15395) Importer(815301076,1909f56bfc062723c751e8b465ee728b)
Start importing Assets/tiles/tiles_packed_48.asset using Guid(09887491222438c4fb78e2ec9bf15395) Importer(815301076,1909f56bfc062723c751e8b465ee728b) [PhysX] Initialized MultithreadedTaskDispatcher with 8 workers.
 -> (artifact id: 'cba47e856daf1b0a38b89194752b456f') in 0.007063 seconds
Number of updated asset objects reloaded before import = 0
Number of asset objects unloaded after import = 3
========================================================================
Received Import Request.
  Time since last request: 0.000022 seconds.
  path: Assets/tiles/tiles_packed_51.asset
  artifactKey: Guid(dcdcbb530e31df840bc2651f1b7b67e9) Importer(815301076,1909f56bfc062723c751e8b465ee728b)
Start importing Assets/tiles/tiles_packed_51.asset using Guid(dcdcbb530e31df840bc2651f1b7b67e9) Importer(815301076,1909f56bfc062723c751e8b465ee728b) [PhysX] Initialized MultithreadedTaskDispatcher with 8 workers.
 -> (artifact id: '5c5fed9d0d7cb72c18d3507130169310') in 0.006810 seconds
Number of updated asset objects reloaded before import = 0
Number of asset objects unloaded after import = 3
========================================================================
Received Import Request.
  Time since last request: 0.342212 seconds.
  path: Assets/tiles/tiles_packed_55.asset
  artifactKey: Guid(63b480513328c0c4ab1757c28579f07b) Importer(815301076,1909f56bfc062723c751e8b465ee728b)
Start importing Assets/tiles/tiles_packed_55.asset using Guid(63b480513328c0c4ab1757c28579f07b) Importer(815301076,1909f56bfc062723c751e8b465ee728b) [PhysX] Initialized MultithreadedTaskDispatcher with 8 workers.
 -> (artifact id: '1fe2c0050ed6d98d68543b66eff4ecd3') in 0.007311 seconds
Number of updated asset objects reloaded before import = 0
Number of asset objects unloaded after import = 3
========================================================================
Received Import Request.
  Time since last request: 0.000022 seconds.
  path: Assets/tiles/tiles_packed_58.asset
  artifactKey: Guid(981fe5d6ae15cf542973da5169525481) Importer(815301076,1909f56bfc062723c751e8b465ee728b)
Start importing Assets/tiles/tiles_packed_58.asset using Guid(981fe5d6ae15cf542973da5169525481) Importer(815301076,1909f56bfc062723c751e8b465ee728b) [PhysX] Initialized MultithreadedTaskDispatcher with 8 workers.
 -> (artifact id: 'bafc089b5da725f68fe0b46226a8025c') in 0.017157 seconds
Number of updated asset objects reloaded before import = 0
Number of asset objects unloaded after import = 3
========================================================================
Received Import Request.
  Time since last request: 0.000035 seconds.
  path: Assets/tiles/tiles_packed_57.asset
  artifactKey: Guid(642df858498c768449a3fe050de62d45) Importer(815301076,1909f56bfc062723c751e8b465ee728b)
Start importing Assets/tiles/tiles_packed_57.asset using Guid(642df858498c768449a3fe050de62d45) Importer(815301076,1909f56bfc062723c751e8b465ee728b) [PhysX] Initialized MultithreadedTaskDispatcher with 8 workers.
 -> (artifact id: '837364cd890437dde262ffd59c7fc177') in 0.006451 seconds
Number of updated asset objects reloaded before import = 0
Number of asset objects unloaded after import = 3
========================================================================
Received Import Request.
  Time since last request: 0.000028 seconds.
  path: Assets/tiles/tiles_packed_63.asset
  artifactKey: Guid(3c50672c16cd90f4088e4778de3f8e37) Importer(815301076,1909f56bfc062723c751e8b465ee728b)
Start importing Assets/tiles/tiles_packed_63.asset using Guid(3c50672c16cd90f4088e4778de3f8e37) Importer(815301076,1909f56bfc062723c751e8b465ee728b) [PhysX] Initialized MultithreadedTaskDispatcher with 8 workers.
 -> (artifact id: '6c4556981b48e0ad610f494cbf8a3c52') in 0.015418 seconds
Number of updated asset objects reloaded before import = 0
Number of asset objects unloaded after import = 3
========================================================================
Received Import Request.
  Time since last request: 0.047687 seconds.
  path: Assets/tiles/tiles_packed_64.asset
  artifactKey: Guid(9232ea0ede337ed4fa4d8f4457d65447) Importer(815301076,1909f56bfc062723c751e8b465ee728b)
Start importing Assets/tiles/tiles_packed_64.asset using Guid(9232ea0ede337ed4fa4d8f4457d65447) Importer(815301076,1909f56bfc062723c751e8b465ee728b) [PhysX] Initialized MultithreadedTaskDispatcher with 8 workers.
 -> (artifact id: '411babb16c23a7ffda7faf727651809a') in 0.005578 seconds
Number of updated asset objects reloaded before import = 0
Number of asset objects unloaded after import = 3
========================================================================
Received Import Request.
  Time since last request: 0.000025 seconds.
  path: Assets/tiles/tiles_packed_69.asset
  artifactKey: Guid(48ae32f6bb546c04996610af42290614) Importer(815301076,1909f56bfc062723c751e8b465ee728b)
Start importing Assets/tiles/tiles_packed_69.asset using Guid(48ae32f6bb546c04996610af42290614) Importer(815301076,1909f56bfc062723c751e8b465ee728b) [PhysX] Initialized MultithreadedTaskDispatcher with 8 workers.
 -> (artifact id: 'eb7c237f0e1eb4cf9e18fd4274b606ae') in 0.005995 seconds
Number of updated asset objects reloaded before import = 0
Number of asset objects unloaded after import = 3
========================================================================
Received Import Request.
  Time since last request: 0.000044 seconds.
  path: Assets/tiles/tiles_packed_67.asset
  artifactKey: Guid(c9b3d20ba850d9646a8a891893adb4f2) Importer(815301076,1909f56bfc062723c751e8b465ee728b)
Start importing Assets/tiles/tiles_packed_67.asset using Guid(c9b3d20ba850d9646a8a891893adb4f2) Importer(815301076,1909f56bfc062723c751e8b465ee728b) [PhysX] Initialized MultithreadedTaskDispatcher with 8 workers.
 -> (artifact id: '9264d75e40af15d32b2745726428f29e') in 0.007168 seconds
Number of updated asset objects reloaded before import = 0
Number of asset objects unloaded after import = 3
========================================================================
Received Import Request.
  Time since last request: 0.000028 seconds.
  path: Assets/tiles/tiles_packed_71.asset
  artifactKey: Guid(741d42831e28ba64ab8aab2bde106de5) Importer(815301076,1909f56bfc062723c751e8b465ee728b)
Start importing Assets/tiles/tiles_packed_71.asset using Guid(741d42831e28ba64ab8aab2bde106de5) Importer(815301076,1909f56bfc062723c751e8b465ee728b) [PhysX] Initialized MultithreadedTaskDispatcher with 8 workers.
 -> (artifact id: '857984ce9fdf5b8969658035a22a7f30') in 0.006485 seconds
Number of updated asset objects reloaded before import = 0
Number of asset objects unloaded after import = 3
========================================================================
Received Import Request.
  Time since last request: 0.384144 seconds.
  path: Assets/tiles/tiles_packed_73.asset
  artifactKey: Guid(e54188c6fd54b2943bcb5b3d72fd47be) Importer(815301076,1909f56bfc062723c751e8b465ee728b)
Start importing Assets/tiles/tiles_packed_73.asset using Guid(e54188c6fd54b2943bcb5b3d72fd47be) Importer(815301076,1909f56bfc062723c751e8b465ee728b) [PhysX] Initialized MultithreadedTaskDispatcher with 8 workers.
 -> (artifact id: 'f71789303b73ff09fe6dca5c07ef9b6f') in 0.006471 seconds
Number of updated asset objects reloaded before import = 0
Number of asset objects unloaded after import = 3
========================================================================
Received Import Request.
  Time since last request: 0.000021 seconds.
  path: Assets/tiles/tiles_packed_81.asset
  artifactKey: Guid(1ff99839422e5c54f859813ecd056800) Importer(815301076,1909f56bfc062723c751e8b465ee728b)
Start importing Assets/tiles/tiles_packed_81.asset using Guid(1ff99839422e5c54f859813ecd056800) Importer(815301076,1909f56bfc062723c751e8b465ee728b) [PhysX] Initialized MultithreadedTaskDispatcher with 8 workers.
 -> (artifact id: 'bf1082b78614642b731bd37268e8a51b') in 0.006197 seconds
Number of updated asset objects reloaded before import = 0
Number of asset objects unloaded after import = 3
========================================================================
Received Import Request.
  Time since last request: 0.000019 seconds.
  path: Assets/tiles/tiles_packed_78.asset
  artifactKey: Guid(025621d994c19a74c9bedd31941cf919) Importer(815301076,1909f56bfc062723c751e8b465ee728b)
Start importing Assets/tiles/tiles_packed_78.asset using Guid(025621d994c19a74c9bedd31941cf919) Importer(815301076,1909f56bfc062723c751e8b465ee728b) [PhysX] Initialized MultithreadedTaskDispatcher with 8 workers.
 -> (artifact id: 'ae10f08e3aba418ce29144f82e1d4619') in 0.006090 seconds
Number of updated asset objects reloaded before import = 0
Number of asset objects unloaded after import = 3
========================================================================
Received Import Request.
  Time since last request: 0.000032 seconds.
  path: Assets/tiles/tiles_packed_77.asset
  artifactKey: Guid(f62496a93db05214f923216b37e65330) Importer(815301076,1909f56bfc062723c751e8b465ee728b)
Start importing Assets/tiles/tiles_packed_77.asset using Guid(f62496a93db05214f923216b37e65330) Importer(815301076,1909f56bfc062723c751e8b465ee728b) [PhysX] Initialized MultithreadedTaskDispatcher with 8 workers.
 -> (artifact id: '941cf48b086abbdb380716a4564f0f0b') in 0.008006 seconds
Number of updated asset objects reloaded before import = 0
Number of asset objects unloaded after import = 3
========================================================================
Received Import Request.
  Time since last request: 0.000048 seconds.
  path: Assets/tiles/tiles_packed_79.asset
  artifactKey: Guid(641987b098ad2e6408419915b387b145) Importer(815301076,1909f56bfc062723c751e8b465ee728b)
Start importing Assets/tiles/tiles_packed_79.asset using Guid(641987b098ad2e6408419915b387b145) Importer(815301076,1909f56bfc062723c751e8b465ee728b) [PhysX] Initialized MultithreadedTaskDispatcher with 8 workers.
 -> (artifact id: '75e8370265c4173f5def4606eeb1e3f9') in 0.006756 seconds
Number of updated asset objects reloaded before import = 0
Number of asset objects unloaded after import = 3
========================================================================
Received Import Request.
  Time since last request: 0.032730 seconds.
  path: Assets/tiles/tiles_packed_82.asset
  artifactKey: Guid(32c0fc0d9d210b04baa9e59841e118a5) Importer(815301076,1909f56bfc062723c751e8b465ee728b)
Start importing Assets/tiles/tiles_packed_82.asset using Guid(32c0fc0d9d210b04baa9e59841e118a5) Importer(815301076,1909f56bfc062723c751e8b465ee728b) [PhysX] Initialized MultithreadedTaskDispatcher with 8 workers.
 -> (artifact id: 'c9b022d060baeea6ebd62ee8f9905d09') in 0.006135 seconds
Number of updated asset objects reloaded before import = 0
Number of asset objects unloaded after import = 3
========================================================================
Received Import Request.
  Time since last request: 0.000032 seconds.
  path: Assets/tiles/tiles_packed_87.asset
  artifactKey: Guid(972d73795c8de9843a5c818c90065d9f) Importer(815301076,1909f56bfc062723c751e8b465ee728b)
Start importing Assets/tiles/tiles_packed_87.asset using Guid(972d73795c8de9843a5c818c90065d9f) Importer(815301076,1909f56bfc062723c751e8b465ee728b) [PhysX] Initialized MultithreadedTaskDispatcher with 8 workers.
 -> (artifact id: '6596e1febfd3f33675a8e565c360606a') in 0.005801 seconds
Number of updated asset objects reloaded before import = 0
Number of asset objects unloaded after import = 3
========================================================================
Received Import Request.
  Time since last request: 0.000020 seconds.
  path: Assets/tiles/tiles_packed_88.asset
  artifactKey: Guid(be713c96c31a4a84abf686fb7f41c2b3) Importer(815301076,1909f56bfc062723c751e8b465ee728b)
Start importing Assets/tiles/tiles_packed_88.asset using Guid(be713c96c31a4a84abf686fb7f41c2b3) Importer(815301076,1909f56bfc062723c751e8b465ee728b) [PhysX] Initialized MultithreadedTaskDispatcher with 8 workers.
 -> (artifact id: 'ca23330b7ccaadd26d6e2a25e4ca9e09') in 0.005972 seconds
Number of updated asset objects reloaded before import = 0
Number of asset objects unloaded after import = 3
========================================================================
Received Import Request.
  Time since last request: 0.000026 seconds.
  path: Assets/tiles/tiles_packed_85.asset
  artifactKey: Guid(7bbbd56692213794eb9cc1547daa4a3b) Importer(815301076,1909f56bfc062723c751e8b465ee728b)
Start importing Assets/tiles/tiles_packed_85.asset using Guid(7bbbd56692213794eb9cc1547daa4a3b) Importer(815301076,1909f56bfc062723c751e8b465ee728b) [PhysX] Initialized MultithreadedTaskDispatcher with 8 workers.
 -> (artifact id: 'ed15593312fe8921d2998b5b4b5bcf55') in 0.007156 seconds
Number of updated asset objects reloaded before import = 0
Number of asset objects unloaded after import = 3
========================================================================
Received Import Request.
  Time since last request: 5.761280 seconds.
  path: Assets/tiles/tiles_packed_91.asset
  artifactKey: Guid(8ce040f94ccd0544aba5ebb09a83e2be) Importer(815301076,1909f56bfc062723c751e8b465ee728b)
Start importing Assets/tiles/tiles_packed_91.asset using Guid(8ce040f94ccd0544aba5ebb09a83e2be) Importer(815301076,1909f56bfc062723c751e8b465ee728b) [PhysX] Initialized MultithreadedTaskDispatcher with 8 workers.
 -> (artifact id: 'a7ecab0638b99d75a2bb289bedbb6002') in 0.008118 seconds
Number of updated asset objects reloaded before import = 0
Number of asset objects unloaded after import = 3
========================================================================
Received Import Request.
  Time since last request: 0.000029 seconds.
  path: Assets/tiles/tiles_packed_99.asset
  artifactKey: Guid(0521f169806f68d44991b77b146e4ac8) Importer(815301076,1909f56bfc062723c751e8b465ee728b)
Start importing Assets/tiles/tiles_packed_99.asset using Guid(0521f169806f68d44991b77b146e4ac8) Importer(815301076,1909f56bfc062723c751e8b465ee728b) [PhysX] Initialized MultithreadedTaskDispatcher with 8 workers.
 -> (artifact id: 'b5fbc5e80587e7b0928f6c1aa04db0fa') in 0.021177 seconds
Number of updated asset objects reloaded before import = 0
Number of asset objects unloaded after import = 3
========================================================================
Received Import Request.
  Time since last request: 0.000021 seconds.
  path: Assets/tiles/tiles_packed_101.asset
  artifactKey: Guid(c2e301a803336b648bf696af63c68073) Importer(815301076,1909f56bfc062723c751e8b465ee728b)
Start importing Assets/tiles/tiles_packed_101.asset using Guid(c2e301a803336b648bf696af63c68073) Importer(815301076,1909f56bfc062723c751e8b465ee728b) [PhysX] Initialized MultithreadedTaskDispatcher with 8 workers.
 -> (artifact id: 'b0ee9048d46516cdda0d2bf176e886ba') in 0.007678 seconds
Number of updated asset objects reloaded before import = 0
Number of asset objects unloaded after import = 3
========================================================================
Received Import Request.
  Time since last request: 0.000023 seconds.
  path: Assets/tiles/tiles_packed_104.asset
  artifactKey: Guid(4cc4e95077a2a0e428b4c17f09f1f697) Importer(815301076,1909f56bfc062723c751e8b465ee728b)
Start importing Assets/tiles/tiles_packed_104.asset using Guid(4cc4e95077a2a0e428b4c17f09f1f697) Importer(815301076,1909f56bfc062723c751e8b465ee728b) [PhysX] Initialized MultithreadedTaskDispatcher with 8 workers.
 -> (artifact id: '983c7822bf8e51e832e7ff5176baa7ca') in 0.007502 seconds
Number of updated asset objects reloaded before import = 0
Number of asset objects unloaded after import = 3
========================================================================
Received Import Request.
  Time since last request: 0.000033 seconds.
  path: Assets/tiles/tiles_packed_106.asset
  artifactKey: Guid(0c48ec3bbc7418b4b90df049a19500bc) Importer(815301076,1909f56bfc062723c751e8b465ee728b)
Start importing Assets/tiles/tiles_packed_106.asset using Guid(0c48ec3bbc7418b4b90df049a19500bc) Importer(815301076,1909f56bfc062723c751e8b465ee728b) [PhysX] Initialized MultithreadedTaskDispatcher with 8 workers.
 -> (artifact id: '0b5949d0c7aa08e28cce51c6423ce821') in 0.008845 seconds
Number of updated asset objects reloaded before import = 0
Number of asset objects unloaded after import = 3
========================================================================
Received Import Request.
  Time since last request: 0.000027 seconds.
  path: Assets/tiles/tiles_packed_116.asset
  artifactKey: Guid(c888192718e68ce4b878ac77e3513947) Importer(815301076,1909f56bfc062723c751e8b465ee728b)
Start importing Assets/tiles/tiles_packed_116.asset using Guid(c888192718e68ce4b878ac77e3513947) Importer(815301076,1909f56bfc062723c751e8b465ee728b) [PhysX] Initialized MultithreadedTaskDispatcher with 8 workers.
 -> (artifact id: 'd565355b8587ca3ca98ffefd85288ad9') in 0.006719 seconds
Number of updated asset objects reloaded before import = 0
Number of asset objects unloaded after import = 3
========================================================================
Received Import Request.
  Time since last request: 0.000024 seconds.
  path: Assets/tiles/tiles_packed_119.asset
  artifactKey: Guid(5aff2533d2d13044fb2a744bd1795f8a) Importer(815301076,1909f56bfc062723c751e8b465ee728b)
Start importing Assets/tiles/tiles_packed_119.asset using Guid(5aff2533d2d13044fb2a744bd1795f8a) Importer(815301076,1909f56bfc062723c751e8b465ee728b) [PhysX] Initialized MultithreadedTaskDispatcher with 8 workers.
 -> (artifact id: '58faff37977db52eab880b604432e7ad') in 0.007423 seconds
Number of updated asset objects reloaded before import = 0
Number of asset objects unloaded after import = 3
========================================================================
Received Import Request.
  Time since last request: 0.000020 seconds.
  path: Assets/tiles/tiles_packed_125.asset
  artifactKey: Guid(83137903b6fd87e46b044fdfdeb6000c) Importer(815301076,1909f56bfc062723c751e8b465ee728b)
Start importing Assets/tiles/tiles_packed_125.asset using Guid(83137903b6fd87e46b044fdfdeb6000c) Importer(815301076,1909f56bfc062723c751e8b465ee728b) [PhysX] Initialized MultithreadedTaskDispatcher with 8 workers.
 -> (artifact id: '0c461f5781b313419254a8f8f24b3baf') in 0.011736 seconds
Number of updated asset objects reloaded before import = 0
Number of asset objects unloaded after import = 3
========================================================================
Received Import Request.
  Time since last request: 0.000031 seconds.
  path: Assets/tiles/tiles_packed_123.asset
  artifactKey: Guid(a1f7e161925dd014e9432af026d93336) Importer(815301076,1909f56bfc062723c751e8b465ee728b)
Start importing Assets/tiles/tiles_packed_123.asset using Guid(a1f7e161925dd014e9432af026d93336) Importer(815301076,1909f56bfc062723c751e8b465ee728b) [PhysX] Initialized MultithreadedTaskDispatcher with 8 workers.
 -> (artifact id: '8326e8a69b87dd3c749b1787b2851392') in 0.014727 seconds
Number of updated asset objects reloaded before import = 0
Number of asset objects unloaded after import = 3
========================================================================
Received Import Request.
  Time since last request: 0.000027 seconds.
  path: Assets/tiles/tiles_packed_120.asset
  artifactKey: Guid(924f17ce767096d4e8c7396477011983) Importer(815301076,1909f56bfc062723c751e8b465ee728b)
Start importing Assets/tiles/tiles_packed_120.asset using Guid(924f17ce767096d4e8c7396477011983) Importer(815301076,1909f56bfc062723c751e8b465ee728b) [PhysX] Initialized MultithreadedTaskDispatcher with 8 workers.
 -> (artifact id: 'bd8e3c5395776b9bebf565b13a70499e') in 0.007657 seconds
Number of updated asset objects reloaded before import = 0
Number of asset objects unloaded after import = 3
========================================================================
Received Import Request.
  Time since last request: 0.000025 seconds.
  path: Assets/tiles/tiles_packed_124.asset
  artifactKey: Guid(682cf7fc1ab1a004bb4b652b1419aa6a) Importer(815301076,1909f56bfc062723c751e8b465ee728b)
Start importing Assets/tiles/tiles_packed_124.asset using Guid(682cf7fc1ab1a004bb4b652b1419aa6a) Importer(815301076,1909f56bfc062723c751e8b465ee728b) [PhysX] Initialized MultithreadedTaskDispatcher with 8 workers.
 -> (artifact id: '5907a35368cfd67a6b4c16bb7428a67f') in 0.008354 seconds
Number of updated asset objects reloaded before import = 0
Number of asset objects unloaded after import = 3
========================================================================
Received Import Request.
  Time since last request: 0.000024 seconds.
  path: Assets/tiles/tiles_packed_126.asset
  artifactKey: Guid(c954efa0c21db2a4781b13f63f5f933d) Importer(815301076,1909f56bfc062723c751e8b465ee728b)
Start importing Assets/tiles/tiles_packed_126.asset using Guid(c954efa0c21db2a4781b13f63f5f933d) Importer(815301076,1909f56bfc062723c751e8b465ee728b) [PhysX] Initialized MultithreadedTaskDispatcher with 8 workers.
 -> (artifact id: '7415347b84eb0d7c4f80f27007a78a4d') in 0.007962 seconds
Number of updated asset objects reloaded before import = 0
Number of asset objects unloaded after import = 3
========================================================================
Received Import Request.
  Time since last request: 0.000023 seconds.
  path: Assets/tiles/tiles_packed_103.asset
  artifactKey: Guid(9b549fa7b8dce6541bd5224a796959c2) Importer(815301076,1909f56bfc062723c751e8b465ee728b)
Start importing Assets/tiles/tiles_packed_103.asset using Guid(9b549fa7b8dce6541bd5224a796959c2) Importer(815301076,1909f56bfc062723c751e8b465ee728b) [PhysX] Initialized MultithreadedTaskDispatcher with 8 workers.
 -> (artifact id: '0ce1f71532917ebe4c434992f037ad58') in 0.008483 seconds
Number of updated asset objects reloaded before import = 0
Number of asset objects unloaded after import = 3
========================================================================
Received Import Request.
  Time since last request: 0.000053 seconds.
  path: Assets/tiles/tiles_packed_95.asset
  artifactKey: Guid(7b5f1d1403cf57042b827688cfed510b) Importer(815301076,1909f56bfc062723c751e8b465ee728b)
Start importing Assets/tiles/tiles_packed_95.asset using Guid(7b5f1d1403cf57042b827688cfed510b) Importer(815301076,1909f56bfc062723c751e8b465ee728b) [PhysX] Initialized MultithreadedTaskDispatcher with 8 workers.
 -> (artifact id: '46952a24d036ce1207cccfcada5ca761') in 0.008867 seconds
Number of updated asset objects reloaded before import = 0
Number of asset objects unloaded after import = 3
========================================================================
Received Import Request.
  Time since last request: 0.000028 seconds.
  path: Assets/tiles/tiles_packed_115.asset
  artifactKey: Guid(3ddfb9edce4d08f4198c60fa462599fc) Importer(815301076,1909f56bfc062723c751e8b465ee728b)
Start importing Assets/tiles/tiles_packed_115.asset using Guid(3ddfb9edce4d08f4198c60fa462599fc) Importer(815301076,1909f56bfc062723c751e8b465ee728b) [PhysX] Initialized MultithreadedTaskDispatcher with 8 workers.
 -> (artifact id: 'c13346ffbd0418d8170b852f4282961f') in 0.013007 seconds
Number of updated asset objects reloaded before import = 0
Number of asset objects unloaded after import = 3
========================================================================
Received Import Request.
  Time since last request: 0.000027 seconds.
  path: Assets/tiles/tiles_packed_113.asset
  artifactKey: Guid(1343a3d499be912419fec500906aed38) Importer(815301076,1909f56bfc062723c751e8b465ee728b)
Start importing Assets/tiles/tiles_packed_113.asset using Guid(1343a3d499be912419fec500906aed38) Importer(815301076,1909f56bfc062723c751e8b465ee728b) [PhysX] Initialized MultithreadedTaskDispatcher with 8 workers.
 -> (artifact id: 'd2c9654cf7ec912b779a64be892a0040') in 0.007604 seconds
Number of updated asset objects reloaded before import = 0
Number of asset objects unloaded after import = 3
========================================================================
Received Import Request.
  Time since last request: 0.000036 seconds.
  path: Assets/tiles/tiles_packed_94.asset
  artifactKey: Guid(d9466e9541cf4cd4087abb39af0ee6c5) Importer(815301076,1909f56bfc062723c751e8b465ee728b)
Start importing Assets/tiles/tiles_packed_94.asset using Guid(d9466e9541cf4cd4087abb39af0ee6c5) Importer(815301076,1909f56bfc062723c751e8b465ee728b) [PhysX] Initialized MultithreadedTaskDispatcher with 8 workers.
 -> (artifact id: '3e8184696fb55ef52bb0aec9a5f1bd31') in 0.007693 seconds
Number of updated asset objects reloaded before import = 0
Number of asset objects unloaded after import = 3
========================================================================
Received Import Request.
  Time since last request: 0.000026 seconds.
  path: Assets/tiles/tiles_packed_100.asset
  artifactKey: Guid(6901376d5f0765d40b752f9767f5f6de) Importer(815301076,1909f56bfc062723c751e8b465ee728b)
Start importing Assets/tiles/tiles_packed_100.asset using Guid(6901376d5f0765d40b752f9767f5f6de) Importer(815301076,1909f56bfc062723c751e8b465ee728b) [PhysX] Initialized MultithreadedTaskDispatcher with 8 workers.
 -> (artifact id: 'e8c7ce0bccdfb86fc5cd741d27649759') in 0.007738 seconds
Number of updated asset objects reloaded before import = 0
Number of asset objects unloaded after import = 3
========================================================================
Received Import Request.
  Time since last request: 0.112214 seconds.
  path: Assets/tiles/tiles_packed_127.asset
  artifactKey: Guid(a781e2141d7d7914f8aa286c8a79a259) Importer(815301076,1909f56bfc062723c751e8b465ee728b)
Start importing Assets/tiles/tiles_packed_127.asset using Guid(a781e2141d7d7914f8aa286c8a79a259) Importer(815301076,1909f56bfc062723c751e8b465ee728b) [PhysX] Initialized MultithreadedTaskDispatcher with 8 workers.
 -> (artifact id: 'f1548093b72475c765bfc90e9e88fd32') in 0.005932 seconds
Number of updated asset objects reloaded before import = 0
Number of asset objects unloaded after import = 3
========================================================================
Received Import Request.
  Time since last request: 0.000022 seconds.
  path: Assets/tiles/tiles_packed_130.asset
  artifactKey: Guid(639687f522c923a459975637b122152b) Importer(815301076,1909f56bfc062723c751e8b465ee728b)
Start importing Assets/tiles/tiles_packed_130.asset using Guid(639687f522c923a459975637b122152b) Importer(815301076,1909f56bfc062723c751e8b465ee728b) [PhysX] Initialized MultithreadedTaskDispatcher with 8 workers.
 -> (artifact id: 'cb3ff004bf0b542ece77a02353b06710') in 0.006675 seconds
Number of updated asset objects reloaded before import = 0
Number of asset objects unloaded after import = 3
========================================================================
Received Import Request.
  Time since last request: 0.000029 seconds.
  path: Assets/tiles/tiles_packed_131.asset
  artifactKey: Guid(bdb7538241babcb4bb00b374cc550869) Importer(815301076,1909f56bfc062723c751e8b465ee728b)
Start importing Assets/tiles/tiles_packed_131.asset using Guid(bdb7538241babcb4bb00b374cc550869) Importer(815301076,1909f56bfc062723c751e8b465ee728b) [PhysX] Initialized MultithreadedTaskDispatcher with 8 workers.
 -> (artifact id: '0b56a6983d9aee3a2e82369448bba48e') in 0.006344 seconds
Number of updated asset objects reloaded before import = 0
Number of asset objects unloaded after import = 3
========================================================================
Received Import Request.
  Time since last request: 0.000025 seconds.
  path: Assets/tiles/tiles_packed_134.asset
  artifactKey: Guid(09a389e8f212c95459b152692d9fbf0e) Importer(815301076,1909f56bfc062723c751e8b465ee728b)
Start importing Assets/tiles/tiles_packed_134.asset using Guid(09a389e8f212c95459b152692d9fbf0e) Importer(815301076,1909f56bfc062723c751e8b465ee728b) [PhysX] Initialized MultithreadedTaskDispatcher with 8 workers.
 -> (artifact id: 'bee45cbcf2cef3c20c94bea1f01babf9') in 0.006249 seconds
Number of updated asset objects reloaded before import = 0
Number of asset objects unloaded after import = 3
========================================================================
Received Import Request.
  Time since last request: 0.000027 seconds.
  path: Assets/tiles/tiles_packed_135.asset
  artifactKey: Guid(aaa74ae1c85d8ab4d81ce85695befd7b) Importer(815301076,1909f56bfc062723c751e8b465ee728b)
Start importing Assets/tiles/tiles_packed_135.asset using Guid(aaa74ae1c85d8ab4d81ce85695befd7b) Importer(815301076,1909f56bfc062723c751e8b465ee728b) [PhysX] Initialized MultithreadedTaskDispatcher with 8 workers.
 -> (artifact id: 'c62171c4a62b3c72b22d4a80c1512b12') in 0.005812 seconds
Number of updated asset objects reloaded before import = 0
Number of asset objects unloaded after import = 3
========================================================================
Received Import Request.
  Time since last request: 0.075657 seconds.
  path: Assets/tiles/tiles_packed_136.asset
  artifactKey: Guid(a36fa1f167d05ba42b8ff61a8ad2ea12) Importer(815301076,1909f56bfc062723c751e8b465ee728b)
Start importing Assets/tiles/tiles_packed_136.asset using Guid(a36fa1f167d05ba42b8ff61a8ad2ea12) Importer(815301076,1909f56bfc062723c751e8b465ee728b) [PhysX] Initialized MultithreadedTaskDispatcher with 8 workers.
 -> (artifact id: '277ea82366c8fbf26e01020f8f706a5c') in 0.006358 seconds
Number of updated asset objects reloaded before import = 0
Number of asset objects unloaded after import = 3
========================================================================
Received Import Request.
  Time since last request: 0.000029 seconds.
  path: Assets/tiles/tiles_packed_138.asset
  artifactKey: Guid(6d076e6899a0a6f4b98a7b6c162ada0b) Importer(815301076,1909f56bfc062723c751e8b465ee728b)
Start importing Assets/tiles/tiles_packed_138.asset using Guid(6d076e6899a0a6f4b98a7b6c162ada0b) Importer(815301076,1909f56bfc062723c751e8b465ee728b) [PhysX] Initialized MultithreadedTaskDispatcher with 8 workers.
 -> (artifact id: '416d2f61a0641c0c8ccf45f596928073') in 0.006579 seconds
Number of updated asset objects reloaded before import = 0
Number of asset objects unloaded after import = 3
========================================================================
Received Import Request.
  Time since last request: 0.000023 seconds.
  path: Assets/tiles/tiles_packed_144.asset
  artifactKey: Guid(9a3c3617096e27549960d55b006720cf) Importer(815301076,1909f56bfc062723c751e8b465ee728b)
Start importing Assets/tiles/tiles_packed_144.asset using Guid(9a3c3617096e27549960d55b006720cf) Importer(815301076,1909f56bfc062723c751e8b465ee728b) [PhysX] Initialized MultithreadedTaskDispatcher with 8 workers.
 -> (artifact id: '5a4184385fb623b262c94bd07ac86c22') in 0.007174 seconds
Number of updated asset objects reloaded before import = 0
Number of asset objects unloaded after import = 3
========================================================================
Received Import Request.
  Time since last request: 0.000030 seconds.
  path: Assets/tiles/tiles_packed_143.asset
  artifactKey: Guid(f9d1ad060111ab044b6e192479521518) Importer(815301076,1909f56bfc062723c751e8b465ee728b)
Start importing Assets/tiles/tiles_packed_143.asset using Guid(f9d1ad060111ab044b6e192479521518) Importer(815301076,1909f56bfc062723c751e8b465ee728b) [PhysX] Initialized MultithreadedTaskDispatcher with 8 workers.
 -> (artifact id: 'fead617063eab05437e8f7a319a117e5') in 0.006533 seconds
Number of updated asset objects reloaded before import = 0
Number of asset objects unloaded after import = 3
========================================================================
Received Import Request.
  Time since last request: 0.023385 seconds.
  path: Assets/tiles/tiles_packed_145.asset
  artifactKey: Guid(0d202859487662d419f1a487267479e4) Importer(815301076,1909f56bfc062723c751e8b465ee728b)
Start importing Assets/tiles/tiles_packed_145.asset using Guid(0d202859487662d419f1a487267479e4) Importer(815301076,1909f56bfc062723c751e8b465ee728b) [PhysX] Initialized MultithreadedTaskDispatcher with 8 workers.
 -> (artifact id: 'f027ccf5698bf3975f65ff1f0c3a544f') in 0.007146 seconds
Number of updated asset objects reloaded before import = 0
Number of asset objects unloaded after import = 3
========================================================================
Received Import Request.
  Time since last request: 0.000023 seconds.
  path: Assets/tiles/tiles_packed_149.asset
  artifactKey: Guid(bfdda9991200c8b499dc5a070a6d2b94) Importer(815301076,1909f56bfc062723c751e8b465ee728b)
Start importing Assets/tiles/tiles_packed_149.asset using Guid(bfdda9991200c8b499dc5a070a6d2b94) Importer(815301076,1909f56bfc062723c751e8b465ee728b) [PhysX] Initialized MultithreadedTaskDispatcher with 8 workers.
 -> (artifact id: 'c1e86df7bdb1684f19e23930508b2a06') in 0.006855 seconds
Number of updated asset objects reloaded before import = 0
Number of asset objects unloaded after import = 3
========================================================================
Received Import Request.
  Time since last request: 0.000044 seconds.
  path: Assets/tiles/tiles_packed_148.asset
  artifactKey: Guid(a9240cba03078b44bbb3071da7a2128c) Importer(815301076,1909f56bfc062723c751e8b465ee728b)
Start importing Assets/tiles/tiles_packed_148.asset using Guid(a9240cba03078b44bbb3071da7a2128c) Importer(815301076,1909f56bfc062723c751e8b465ee728b) [PhysX] Initialized MultithreadedTaskDispatcher with 8 workers.
 -> (artifact id: '6d17139686591c49d820920498d71ba2') in 0.005982 seconds
Number of updated asset objects reloaded before import = 0
Number of asset objects unloaded after import = 3
========================================================================
Received Import Request.
  Time since last request: 0.000033 seconds.
  path: Assets/tiles/tiles_packed_153.asset
  artifactKey: Guid(0957a241cb1976842af6c4ca70033125) Importer(815301076,1909f56bfc062723c751e8b465ee728b)
Start importing Assets/tiles/tiles_packed_153.asset using Guid(0957a241cb1976842af6c4ca70033125) Importer(815301076,1909f56bfc062723c751e8b465ee728b) [PhysX] Initialized MultithreadedTaskDispatcher with 8 workers.
 -> (artifact id: 'e65bab837add538443413157abd64ea4') in 0.006302 seconds
Number of updated asset objects reloaded before import = 0
Number of asset objects unloaded after import = 3
========================================================================
Received Import Request.
  Time since last request: 0.000032 seconds.
  path: Assets/tiles/tiles_packed_160.asset
  artifactKey: Guid(45c5c65917acab049a144ae0baba282a) Importer(815301076,1909f56bfc062723c751e8b465ee728b)
Start importing Assets/tiles/tiles_packed_160.asset using Guid(45c5c65917acab049a144ae0baba282a) Importer(815301076,1909f56bfc062723c751e8b465ee728b) [PhysX] Initialized MultithreadedTaskDispatcher with 8 workers.
 -> (artifact id: 'e92026be217afb56ac2b975668a741b0') in 0.006804 seconds
Number of updated asset objects reloaded before import = 0
Number of asset objects unloaded after import = 3
========================================================================
Received Import Request.
  Time since last request: 0.000030 seconds.
  path: Assets/tiles/tiles_packed_158.asset
  artifactKey: Guid(e329f38e7b528fb4bb22f66affdca9fd) Importer(815301076,1909f56bfc062723c751e8b465ee728b)
Start importing Assets/tiles/tiles_packed_158.asset using Guid(e329f38e7b528fb4bb22f66affdca9fd) Importer(815301076,1909f56bfc062723c751e8b465ee728b) [PhysX] Initialized MultithreadedTaskDispatcher with 8 workers.
 -> (artifact id: '2df782d824c85c2bf4562149b1a8447c') in 0.005853 seconds
Number of updated asset objects reloaded before import = 0
Number of asset objects unloaded after import = 3
========================================================================
Received Import Request.
  Time since last request: 0.000027 seconds.
  path: Assets/tiles/tiles_packed_161.asset
  artifactKey: Guid(fde7705d8d83d044496c8a8a0cd650b7) Importer(815301076,1909f56bfc062723c751e8b465ee728b)
Start importing Assets/tiles/tiles_packed_161.asset using Guid(fde7705d8d83d044496c8a8a0cd650b7) Importer(815301076,1909f56bfc062723c751e8b465ee728b) [PhysX] Initialized MultithreadedTaskDispatcher with 8 workers.
 -> (artifact id: '179ded177b9e32df5e329c65c249b04a') in 0.008374 seconds
Number of updated asset objects reloaded before import = 0
Number of asset objects unloaded after import = 3
========================================================================
Received Import Request.
  Time since last request: 0.000092 seconds.
  path: Assets/tiles/tiles_packed_152.asset
  artifactKey: Guid(393418de3bdafe240b9ceea1a99adec3) Importer(815301076,1909f56bfc062723c751e8b465ee728b)
Start importing Assets/tiles/tiles_packed_152.asset using Guid(393418de3bdafe240b9ceea1a99adec3) Importer(815301076,1909f56bfc062723c751e8b465ee728b) [PhysX] Initialized MultithreadedTaskDispatcher with 8 workers.
 -> (artifact id: '206d18258434d1304bf893a68a527e03') in 0.007495 seconds
Number of updated asset objects reloaded before import = 0
Number of asset objects unloaded after import = 3
========================================================================
Received Import Request.
  Time since last request: 0.000031 seconds.
  path: Assets/tiles/tiles_packed_155.asset
  artifactKey: Guid(ae6dc49947517cf46bd5c7888159857c) Importer(815301076,1909f56bfc062723c751e8b465ee728b)
Start importing Assets/tiles/tiles_packed_155.asset using Guid(ae6dc49947517cf46bd5c7888159857c) Importer(815301076,1909f56bfc062723c751e8b465ee728b) [PhysX] Initialized MultithreadedTaskDispatcher with 8 workers.
 -> (artifact id: '5d42f306be312d6a809a3f92f2a1b8fe') in 0.007755 seconds
Number of updated asset objects reloaded before import = 0
Number of asset objects unloaded after import = 3
========================================================================
Received Import Request.
  Time since last request: 0.189245 seconds.
  path: Assets/tiles/tiles_packed_163.asset
  artifactKey: Guid(d497e684103027a4da0d23fbf8b350d0) Importer(815301076,1909f56bfc062723c751e8b465ee728b)
Start importing Assets/tiles/tiles_packed_163.asset using Guid(d497e684103027a4da0d23fbf8b350d0) Importer(815301076,1909f56bfc062723c751e8b465ee728b) [PhysX] Initialized MultithreadedTaskDispatcher with 8 workers.
 -> (artifact id: '2cd8009581577ee81024da1e1e0379b8') in 0.006485 seconds
Number of updated asset objects reloaded before import = 0
Number of asset objects unloaded after import = 3
========================================================================
Received Import Request.
  Time since last request: 0.000019 seconds.
  path: Assets/tiles/tiles_packed_167.asset
  artifactKey: Guid(453afd86617077c448473c667f576198) Importer(815301076,1909f56bfc062723c751e8b465ee728b)
Start importing Assets/tiles/tiles_packed_167.asset using Guid(453afd86617077c448473c667f576198) Importer(815301076,1909f56bfc062723c751e8b465ee728b) [PhysX] Initialized MultithreadedTaskDispatcher with 8 workers.
 -> (artifact id: '70bb07c26a90ae806e89330c73998f49') in 0.006474 seconds
Number of updated asset objects reloaded before import = 0
Number of asset objects unloaded after import = 3
========================================================================
Received Import Request.
  Time since last request: 0.000025 seconds.
  path: Assets/tiles/tiles_packed_168.asset
  artifactKey: Guid(ec856675e1d0d63409ba8356108a4c23) Importer(815301076,1909f56bfc062723c751e8b465ee728b)
Start importing Assets/tiles/tiles_packed_168.asset using Guid(ec856675e1d0d63409ba8356108a4c23) Importer(815301076,1909f56bfc062723c751e8b465ee728b) [PhysX] Initialized MultithreadedTaskDispatcher with 8 workers.
 -> (artifact id: 'a691d2a071fee624a75c07eb974acb01') in 0.007990 seconds
Number of updated asset objects reloaded before import = 0
Number of asset objects unloaded after import = 3
========================================================================
Received Import Request.
  Time since last request: 0.000026 seconds.
  path: Assets/tiles/tiles_packed_165.asset
  artifactKey: Guid(0f72d9d993586774e9dac908758eb756) Importer(815301076,1909f56bfc062723c751e8b465ee728b)
Start importing Assets/tiles/tiles_packed_165.asset using Guid(0f72d9d993586774e9dac908758eb756) Importer(815301076,1909f56bfc062723c751e8b465ee728b) [PhysX] Initialized MultithreadedTaskDispatcher with 8 workers.
 -> (artifact id: '76b73f07a6445bf0846bd08fa627b7c2') in 0.008057 seconds
Number of updated asset objects reloaded before import = 0
Number of asset objects unloaded after import = 3
========================================================================
Received Import Request.
  Time since last request: 0.010606 seconds.
  path: Assets/tiles/tiles_packed_172.asset
  artifactKey: Guid(0fe1c6b384609a5439b9cd1ed707fd07) Importer(815301076,1909f56bfc062723c751e8b465ee728b)
Start importing Assets/tiles/tiles_packed_172.asset using Guid(0fe1c6b384609a5439b9cd1ed707fd07) Importer(815301076,1909f56bfc062723c751e8b465ee728b) [PhysX] Initialized MultithreadedTaskDispatcher with 8 workers.
 -> (artifact id: '9ff8282719a2f040765afb8127dfe10e') in 0.007659 seconds
Number of updated asset objects reloaded before import = 0
Number of asset objects unloaded after import = 3
========================================================================
Received Import Request.
  Time since last request: 109.296984 seconds.
  path: Assets/Tile Pallets/world.prefab
  artifactKey: Guid(0a647bd75f6f80e4d833c82d018bd7d1) Importer(815301076,1909f56bfc062723c751e8b465ee728b)
Start importing Assets/Tile Pallets/world.prefab using Guid(0a647bd75f6f80e4d833c82d018bd7d1) Importer(815301076,1909f56bfc062723c751e8b465ee728b) [PhysX] Initialized MultithreadedTaskDispatcher with 8 workers.
[PhysX] Initialized MultithreadedTaskDispatcher with 8 workers.
 -> (artifact id: '13c824a8011782e1933ce5bbaead3964') in 0.068655 seconds
Number of updated asset objects reloaded before import = 0
Number of asset objects unloaded after import = 360
========================================================================
Received Import Request.
  Time since last request: 9.666187 seconds.
  path: Assets/Tile Pallets/world.prefab
  artifactKey: Guid(0a647bd75f6f80e4d833c82d018bd7d1) Importer(815301076,1909f56bfc062723c751e8b465ee728b)
Start importing Assets/Tile Pallets/world.prefab using Guid(0a647bd75f6f80e4d833c82d018bd7d1) Importer(815301076,1909f56bfc062723c751e8b465ee728b) [PhysX] Initialized MultithreadedTaskDispatcher with 8 workers.
[PhysX] Initialized MultithreadedTaskDispatcher with 8 workers.
 -> (artifact id: 'a0edeec0c3b279e7bc28dd8e059f852d') in 0.060255 seconds
Number of updated asset objects reloaded before import = 0
Number of asset objects unloaded after import = 360
========================================================================
Received Import Request.
  Time since last request: 2.251182 seconds.
  path: Assets/Tile Pallets/world.prefab
  artifactKey: Guid(0a647bd75f6f80e4d833c82d018bd7d1) Importer(815301076,1909f56bfc062723c751e8b465ee728b)
Start importing Assets/Tile Pallets/world.prefab using Guid(0a647bd75f6f80e4d833c82d018bd7d1) Importer(815301076,1909f56bfc062723c751e8b465ee728b) [PhysX] Initialized MultithreadedTaskDispatcher with 8 workers.
[PhysX] Initialized MultithreadedTaskDispatcher with 8 workers.
 -> (artifact id: 'badc29eb50b39211f1a3842fe18caa22') in 0.077194 seconds
Number of updated asset objects reloaded before import = 0
Number of asset objects unloaded after import = 360
========================================================================
Received Import Request.
  Time since last request: 7.234855 seconds.
  path: Assets/Tile Pallets/world.prefab
  artifactKey: Guid(0a647bd75f6f80e4d833c82d018bd7d1) Importer(815301076,1909f56bfc062723c751e8b465ee728b)
Start importing Assets/Tile Pallets/world.prefab using Guid(0a647bd75f6f80e4d833c82d018bd7d1) Importer(815301076,1909f56bfc062723c751e8b465ee728b) [PhysX] Initialized MultithreadedTaskDispatcher with 8 workers.
[PhysX] Initialized MultithreadedTaskDispatcher with 8 workers.
 -> (artifact id: '6a8cb171bc517e8f0b9896341e3ca4af') in 0.068046 seconds
Number of updated asset objects reloaded before import = 0
Number of asset objects unloaded after import = 360
========================================================================
Received Import Request.
  Time since last request: 93.193618 seconds.
  path: Assets/Tile Pallets/New Palette.prefab
  artifactKey: Guid(87699695e45b078498e4b5c68ffabb7a) Importer(815301076,1909f56bfc062723c751e8b465ee728b)
Start importing Assets/Tile Pallets/New Palette.prefab using Guid(87699695e45b078498e4b5c68ffabb7a) Importer(815301076,1909f56bfc062723c751e8b465ee728b) [PhysX] Initialized MultithreadedTaskDispatcher with 8 workers.
[PhysX] Initialized MultithreadedTaskDispatcher with 8 workers.
 -> (artifact id: '502d8b658b2f0151bb6463a0a1249b7d') in 0.023449 seconds
Number of updated asset objects reloaded before import = 0
Number of asset objects unloaded after import = 11
========================================================================
Received Import Request.
  Time since last request: 104.125629 seconds.
  path: Assets/Tile Pallets/New Palette.prefab
  artifactKey: Guid(87699695e45b078498e4b5c68ffabb7a) Importer(815301076,1909f56bfc062723c751e8b465ee728b)
Start importing Assets/Tile Pallets/New Palette.prefab using Guid(87699695e45b078498e4b5c68ffabb7a) Importer(815301076,1909f56bfc062723c751e8b465ee728b) [PhysX] Initialized MultithreadedTaskDispatcher with 8 workers.
[PhysX] Initialized MultithreadedTaskDispatcher with 8 workers.
 -> (artifact id: '0add749f66f6bdc7910a0ac84c20b6d0') in 0.028143 seconds
Number of updated asset objects reloaded before import = 0
Number of asset objects unloaded after import = 13
========================================================================
Received Import Request.
  Time since last request: 4.467618 seconds.
  path: Assets/Tile Pallets/New Palette.prefab
  artifactKey: Guid(87699695e45b078498e4b5c68ffabb7a) Importer(815301076,1909f56bfc062723c751e8b465ee728b)
Start importing Assets/Tile Pallets/New Palette.prefab using Guid(87699695e45b078498e4b5c68ffabb7a) Importer(815301076,1909f56bfc062723c751e8b465ee728b) [PhysX] Initialized MultithreadedTaskDispatcher with 8 workers.
[PhysX] Initialized MultithreadedTaskDispatcher with 8 workers.
 -> (artifact id: '25520e19230c2c56a8336f0053005bb8') in 0.019786 seconds
Number of updated asset objects reloaded before import = 0
Number of asset objects unloaded after import = 11
========================================================================
Received Import Request.
  Time since last request: 83.529127 seconds.
  path: Assets/Tile Pallets/New Palette.prefab
  artifactKey: Guid(87699695e45b078498e4b5c68ffabb7a) Importer(815301076,1909f56bfc062723c751e8b465ee728b)
Start importing Assets/Tile Pallets/New Palette.prefab using Guid(87699695e45b078498e4b5c68ffabb7a) Importer(815301076,1909f56bfc062723c751e8b465ee728b) [PhysX] Initialized MultithreadedTaskDispatcher with 8 workers.
[PhysX] Initialized MultithreadedTaskDispatcher with 8 workers.
 -> (artifact id: '263b928b0a6e22c4af3c46000ea1fd18') in 0.065718 seconds
Number of updated asset objects reloaded before import = 0
Number of asset objects unloaded after import = 360
========================================================================
Received Import Request.
  Time since last request: 748.446715 seconds.
  path: Assets/tiles_packed.png
  artifactKey: Guid(927edcffc8fe29e4ea8eab4ac04ebc6e) Importer(815301076,1909f56bfc062723c751e8b465ee728b)
Start importing Assets/tiles_packed.png using Guid(927edcffc8fe29e4ea8eab4ac04ebc6e) Importer(815301076,1909f56bfc062723c751e8b465ee728b) [PhysX] Initialized MultithreadedTaskDispatcher with 8 workers.
[PhysX] Initialized MultithreadedTaskDispatcher with 8 workers.
 -> (artifact id: '7f8f50393ddaf004bc6eac15498b4444') in 0.381281 seconds
Number of updated asset objects reloaded before import = 0
Number of asset objects unloaded after import = 176
========================================================================
Received Import Request.
  Time since last request: 4.801197 seconds.
  path: Assets/Tile Pallets/New Palette.prefab
  artifactKey: Guid(87699695e45b078498e4b5c68ffabb7a) Importer(815301076,1909f56bfc062723c751e8b465ee728b)
Start importing Assets/Tile Pallets/New Palette.prefab using Guid(87699695e45b078498e4b5c68ffabb7a) Importer(815301076,1909f56bfc062723c751e8b465ee728b) [PhysX] Initialized MultithreadedTaskDispatcher with 8 workers.
[PhysX] Initialized MultithreadedTaskDispatcher with 8 workers.
 -> (artifact id: '0df31de1213afc484216c25d4ebef70b') in 0.064126 seconds
Number of updated asset objects reloaded before import = 0
Number of asset objects unloaded after import = 360
========================================================================
Received Import Request.
  Time since last request: 12.151982 seconds.
  path: Assets/Tile Pallets/New Palette.prefab
  artifactKey: Guid(87699695e45b078498e4b5c68ffabb7a) Importer(815301076,1909f56bfc062723c751e8b465ee728b)
Start importing Assets/Tile Pallets/New Palette.prefab using Guid(87699695e45b078498e4b5c68ffabb7a) Importer(815301076,1909f56bfc062723c751e8b465ee728b) [PhysX] Initialized MultithreadedTaskDispatcher with 8 workers.
[PhysX] Initialized MultithreadedTaskDispatcher with 8 workers.
 -> (artifact id: 'b90a2597636a81749a051746ddcfb57f') in 0.021954 seconds
Number of updated asset objects reloaded before import = 0
Number of asset objects unloaded after import = 11
========================================================================
Received Import Request.
  Time since last request: 0.927396 seconds.
  path: Assets/tiles/tiles_packed_0.asset
  artifactKey: Guid(ba9a2a1bb6711b54dbaef2c1b3e84ccc) Importer(815301076,1909f56bfc062723c751e8b465ee728b)
Start importing Assets/tiles/tiles_packed_0.asset using Guid(ba9a2a1bb6711b54dbaef2c1b3e84ccc) Importer(815301076,1909f56bfc062723c751e8b465ee728b) [PhysX] Initialized MultithreadedTaskDispatcher with 8 workers.
 -> (artifact id: '51326eb309a902bf46b2623cf43609e5') in 0.006570 seconds
Number of updated asset objects reloaded before import = 0
Number of asset objects unloaded after import = 3
========================================================================
Received Import Request.
  Time since last request: 0.000026 seconds.
  path: Assets/tiles/tiles_packed_18.asset
  artifactKey: Guid(f95e6bb8a0fbd3642a91e6bd3e145f2f) Importer(815301076,1909f56bfc062723c751e8b465ee728b)
Start importing Assets/tiles/tiles_packed_18.asset using Guid(f95e6bb8a0fbd3642a91e6bd3e145f2f) Importer(815301076,1909f56bfc062723c751e8b465ee728b) [PhysX] Initialized MultithreadedTaskDispatcher with 8 workers.
 -> (artifact id: '0d82b945a0af0f2f126119db99d894ff') in 0.009379 seconds
Number of updated asset objects reloaded before import = 0
Number of asset objects unloaded after import = 3
========================================================================
Received Import Request.
  Time since last request: 0.000033 seconds.
  path: Assets/tiles/tiles_packed_5.asset
  artifactKey: Guid(2ecdf7c35d0303646a2db95a2421cd18) Importer(815301076,1909f56bfc062723c751e8b465ee728b)
Start importing Assets/tiles/tiles_packed_5.asset using Guid(2ecdf7c35d0303646a2db95a2421cd18) Importer(815301076,1909f56bfc062723c751e8b465ee728b) [PhysX] Initialized MultithreadedTaskDispatcher with 8 workers.
 -> (artifact id: '12bc1e3b38f881df26a3d066957bd80c') in 0.010075 seconds
Number of updated asset objects reloaded before import = 0
Number of asset objects unloaded after import = 3
========================================================================
Received Import Request.
  Time since last request: 0.000029 seconds.
  path: Assets/tiles/tiles_packed_6.asset
  artifactKey: Guid(bca53e34601f13b4fb4a9bae39b24589) Importer(815301076,1909f56bfc062723c751e8b465ee728b)
Start importing Assets/tiles/tiles_packed_6.asset using Guid(bca53e34601f13b4fb4a9bae39b24589) Importer(815301076,1909f56bfc062723c751e8b465ee728b) [PhysX] Initialized MultithreadedTaskDispatcher with 8 workers.
 -> (artifact id: '1b6c591769b014d451217b3d3daffba9') in 0.007738 seconds
Number of updated asset objects reloaded before import = 0
Number of asset objects unloaded after import = 3
========================================================================
Received Import Request.
  Time since last request: 0.000027 seconds.
  path: Assets/tiles/tiles_packed_14.asset
  artifactKey: Guid(e0d6d928d4b3e984ea2b408d7b0baf54) Importer(815301076,1909f56bfc062723c751e8b465ee728b)
Start importing Assets/tiles/tiles_packed_14.asset using Guid(e0d6d928d4b3e984ea2b408d7b0baf54) Importer(815301076,1909f56bfc062723c751e8b465ee728b) [PhysX] Initialized MultithreadedTaskDispatcher with 8 workers.
 -> (artifact id: '8bbbb7fc7561d691450dc12f172d5f81') in 0.015549 seconds
Number of updated asset objects reloaded before import = 0
Number of asset objects unloaded after import = 3
========================================================================
Received Import Request.
  Time since last request: 0.000028 seconds.
  path: Assets/tiles/tiles_packed_24.asset
  artifactKey: Guid(bf05782df554ec24e8d95ab7473a6365) Importer(815301076,1909f56bfc062723c751e8b465ee728b)
Start importing Assets/tiles/tiles_packed_24.asset using Guid(bf05782df554ec24e8d95ab7473a6365) Importer(815301076,1909f56bfc062723c751e8b465ee728b) [PhysX] Initialized MultithreadedTaskDispatcher with 8 workers.
 -> (artifact id: '5a1df6831a62801012c6a0a4f6613e81') in 0.006733 seconds
Number of updated asset objects reloaded before import = 0
Number of asset objects unloaded after import = 3
========================================================================
Received Import Request.
  Time since last request: 0.000024 seconds.
  path: Assets/tiles/tiles_packed_22.asset
  artifactKey: Guid(c263ada12138c4a46a799b712759265a) Importer(815301076,1909f56bfc062723c751e8b465ee728b)
Start importing Assets/tiles/tiles_packed_22.asset using Guid(c263ada12138c4a46a799b712759265a) Importer(815301076,1909f56bfc062723c751e8b465ee728b) [PhysX] Initialized MultithreadedTaskDispatcher with 8 workers.
 -> (artifact id: '1713c316568f7f62829894623b8da1b0') in 0.010036 seconds
Number of updated asset objects reloaded before import = 0
Number of asset objects unloaded after import = 3
========================================================================
Received Import Request.
  Time since last request: 0.000029 seconds.
  path: Assets/tiles/tiles_packed_19.asset
  artifactKey: Guid(16ee348ec5c37cf47877bd0a6b5c788e) Importer(815301076,1909f56bfc062723c751e8b465ee728b)
Start importing Assets/tiles/tiles_packed_19.asset using Guid(16ee348ec5c37cf47877bd0a6b5c788e) Importer(815301076,1909f56bfc062723c751e8b465ee728b) [PhysX] Initialized MultithreadedTaskDispatcher with 8 workers.
 -> (artifact id: 'b3486db366d1ac729dd38e11ed6bcb5b') in 0.007836 seconds
Number of updated asset objects reloaded before import = 0
Number of asset objects unloaded after import = 3
========================================================================
Received Import Request.
  Time since last request: 0.000044 seconds.
  path: Assets/tiles/tiles_packed_21.asset
  artifactKey: Guid(c81f6e3bcec1ec04d839f9127afd0e56) Importer(815301076,1909f56bfc062723c751e8b465ee728b)
Start importing Assets/tiles/tiles_packed_21.asset using Guid(c81f6e3bcec1ec04d839f9127afd0e56) Importer(815301076,1909f56bfc062723c751e8b465ee728b) [PhysX] Initialized MultithreadedTaskDispatcher with 8 workers.
 -> (artifact id: '477457bf7dd176859a8be9f6ca6711b6') in 0.013156 seconds
Number of updated asset objects reloaded before import = 0
Number of asset objects unloaded after import = 3
========================================================================
Received Import Request.
  Time since last request: 0.000038 seconds.
  path: Assets/tiles/tiles_packed_15.asset
  artifactKey: Guid(be5ee4209fcdcb548812802d5bfade26) Importer(815301076,1909f56bfc062723c751e8b465ee728b)
Start importing Assets/tiles/tiles_packed_15.asset using Guid(be5ee4209fcdcb548812802d5bfade26) Importer(815301076,1909f56bfc062723c751e8b465ee728b) [PhysX] Initialized MultithreadedTaskDispatcher with 8 workers.
 -> (artifact id: 'd272bf294dfd04d5e04f45577e1a9eed') in 0.013939 seconds
Number of updated asset objects reloaded before import = 0
Number of asset objects unloaded after import = 3
========================================================================
Received Import Request.
  Time since last request: 0.000052 seconds.
  path: Assets/tiles/tiles_packed_17.asset
  artifactKey: Guid(85158c426b2bff24788d263f25e4f3fd) Importer(815301076,1909f56bfc062723c751e8b465ee728b)
Start importing Assets/tiles/tiles_packed_17.asset using Guid(85158c426b2bff24788d263f25e4f3fd) Importer(815301076,1909f56bfc062723c751e8b465ee728b) [PhysX] Initialized MultithreadedTaskDispatcher with 8 workers.
 -> (artifact id: 'c3f4c027b9609f918b120be91b0d6420') in 0.016649 seconds
Number of updated asset objects reloaded before import = 0
Number of asset objects unloaded after import = 3
========================================================================
Received Import Request.
  Time since last request: 0.000024 seconds.
  path: Assets/tiles/tiles_packed_12.asset
  artifactKey: Guid(509bf84e3a6683e4e8932e3fee34f46c) Importer(815301076,1909f56bfc062723c751e8b465ee728b)
Start importing Assets/tiles/tiles_packed_12.asset using Guid(509bf84e3a6683e4e8932e3fee34f46c) Importer(815301076,1909f56bfc062723c751e8b465ee728b) [PhysX] Initialized MultithreadedTaskDispatcher with 8 workers.
 -> (artifact id: 'f9d5a33f0d0a3900339d0c3a6b023977') in 0.009218 seconds
Number of updated asset objects reloaded before import = 0
Number of asset objects unloaded after import = 3
========================================================================
Received Import Request.
  Time since last request: 0.000025 seconds.
  path: Assets/tiles/tiles_packed_2.asset
  artifactKey: Guid(b5ee4836f85aa8a44a18f7cdb23ee566) Importer(815301076,1909f56bfc062723c751e8b465ee728b)
Start importing Assets/tiles/tiles_packed_2.asset using Guid(b5ee4836f85aa8a44a18f7cdb23ee566) Importer(815301076,1909f56bfc062723c751e8b465ee728b) [PhysX] Initialized MultithreadedTaskDispatcher with 8 workers.
 -> (artifact id: '53944f1e40f7e34d7d683d32c5a825e4') in 0.012629 seconds
Number of updated asset objects reloaded before import = 0
Number of asset objects unloaded after import = 3
========================================================================
Received Import Request.
  Time since last request: 0.000035 seconds.
  path: Assets/tiles/tiles_packed_34.asset
  artifactKey: Guid(85873910374628240af48882f545ecb1) Importer(815301076,1909f56bfc062723c751e8b465ee728b)
Start importing Assets/tiles/tiles_packed_34.asset using Guid(85873910374628240af48882f545ecb1) Importer(815301076,1909f56bfc062723c751e8b465ee728b) [PhysX] Initialized MultithreadedTaskDispatcher with 8 workers.
 -> (artifact id: '684702028ffc74ae55f462a3abafa076') in 0.009754 seconds
Number of updated asset objects reloaded before import = 0
Number of asset objects unloaded after import = 3
========================================================================
Received Import Request.
  Time since last request: 0.000043 seconds.
  path: Assets/tiles/tiles_packed_8.asset
  artifactKey: Guid(5b3e9a2de9f012f4197d451fd315a658) Importer(815301076,1909f56bfc062723c751e8b465ee728b)
Start importing Assets/tiles/tiles_packed_8.asset using Guid(5b3e9a2de9f012f4197d451fd315a658) Importer(815301076,1909f56bfc062723c751e8b465ee728b) [PhysX] Initialized MultithreadedTaskDispatcher with 8 workers.
 -> (artifact id: 'abe1eaf15958574d315da5b1c91e5cd0') in 0.007279 seconds
Number of updated asset objects reloaded before import = 0
Number of asset objects unloaded after import = 3
========================================================================
Received Import Request.
  Time since last request: 0.000025 seconds.
  path: Assets/tiles/tiles_packed_10.asset
  artifactKey: Guid(5bffc73bfa931cb43ba0772075eeafca) Importer(815301076,1909f56bfc062723c751e8b465ee728b)
Start importing Assets/tiles/tiles_packed_10.asset using Guid(5bffc73bfa931cb43ba0772075eeafca) Importer(815301076,1909f56bfc062723c751e8b465ee728b) [PhysX] Initialized MultithreadedTaskDispatcher with 8 workers.
 -> (artifact id: '8b79b18581d712bbae90d5c3778df6b0') in 0.007352 seconds
Number of updated asset objects reloaded before import = 0
Number of asset objects unloaded after import = 3
========================================================================
Received Import Request.
  Time since last request: 0.000024 seconds.
  path: Assets/tiles/tiles_packed_28.asset
  artifactKey: Guid(deba76aed762cbe4ebf3deb8b5751aa5) Importer(815301076,1909f56bfc062723c751e8b465ee728b)
Start importing Assets/tiles/tiles_packed_28.asset using Guid(deba76aed762cbe4ebf3deb8b5751aa5) Importer(815301076,1909f56bfc062723c751e8b465ee728b) [PhysX] Initialized MultithreadedTaskDispatcher with 8 workers.
 -> (artifact id: 'ac3960a5f1d677a34fc551ff3bb038a5') in 0.012276 seconds
Number of updated asset objects reloaded before import = 0
Number of asset objects unloaded after import = 3
========================================================================
Received Import Request.
  Time since last request: 0.000035 seconds.
  path: Assets/tiles/tiles_packed_30.asset
  artifactKey: Guid(6c09a587ddeb4e74db752e8ac21a902f) Importer(815301076,1909f56bfc062723c751e8b465ee728b)
Start importing Assets/tiles/tiles_packed_30.asset using Guid(6c09a587ddeb4e74db752e8ac21a902f) Importer(815301076,1909f56bfc062723c751e8b465ee728b) [PhysX] Initialized MultithreadedTaskDispatcher with 8 workers.
 -> (artifact id: '58f4de69053beca633a10a72663724d9') in 0.009403 seconds
Number of updated asset objects reloaded before import = 0
Number of asset objects unloaded after import = 3
========================================================================
Received Import Request.
  Time since last request: 0.000025 seconds.
  path: Assets/tiles/tiles_packed_3.asset
  artifactKey: Guid(b9c8fa6cd2473384492f15bc28a8d01e) Importer(815301076,1909f56bfc062723c751e8b465ee728b)
Start importing Assets/tiles/tiles_packed_3.asset using Guid(b9c8fa6cd2473384492f15bc28a8d01e) Importer(815301076,1909f56bfc062723c751e8b465ee728b) [PhysX] Initialized MultithreadedTaskDispatcher with 8 workers.
 -> (artifact id: 'd2e7d8da25bfa3ec789fcbad2f77984a') in 0.005918 seconds
Number of updated asset objects reloaded before import = 0
Number of asset objects unloaded after import = 3
========================================================================
Received Import Request.
  Time since last request: 1.249300 seconds.
  path: Assets/tiles/tiles_packed_37.asset
  artifactKey: Guid(8ae06f1e613c6ba4b85e88f5d0793f64) Importer(815301076,1909f56bfc062723c751e8b465ee728b)
Start importing Assets/tiles/tiles_packed_37.asset using Guid(8ae06f1e613c6ba4b85e88f5d0793f64) Importer(815301076,1909f56bfc062723c751e8b465ee728b) [PhysX] Initialized MultithreadedTaskDispatcher with 8 workers.
 -> (artifact id: '98f90af9789be71f4c00e51a599becfd') in 0.006293 seconds
Number of updated asset objects reloaded before import = 0
Number of asset objects unloaded after import = 3
========================================================================
Received Import Request.
  Time since last request: 0.000062 seconds.
  path: Assets/tiles/tiles_packed_40.asset
  artifactKey: Guid(e984b4b349e2f8a4895003b3d4c0e5ba) Importer(815301076,1909f56bfc062723c751e8b465ee728b)
Start importing Assets/tiles/tiles_packed_40.asset using Guid(e984b4b349e2f8a4895003b3d4c0e5ba) Importer(815301076,1909f56bfc062723c751e8b465ee728b) [PhysX] Initialized MultithreadedTaskDispatcher with 8 workers.
 -> (artifact id: 'a1ef96cab483f66d253d8d43373d3ac0') in 0.016125 seconds
Number of updated asset objects reloaded before import = 0
Number of asset objects unloaded after import = 3
========================================================================
Received Import Request.
  Time since last request: 0.000027 seconds.
  path: Assets/tiles/tiles_packed_41.asset
  artifactKey: Guid(08a5a9df8d6cc594f81977888a34a688) Importer(815301076,1909f56bfc062723c751e8b465ee728b)
Start importing Assets/tiles/tiles_packed_41.asset using Guid(08a5a9df8d6cc594f81977888a34a688) Importer(815301076,1909f56bfc062723c751e8b465ee728b) [PhysX] Initialized MultithreadedTaskDispatcher with 8 workers.
 -> (artifact id: 'cc90246f281e53cd6e148c491c8d2e34') in 0.008597 seconds
Number of updated asset objects reloaded before import = 0
Number of asset objects unloaded after import = 3
========================================================================
Received Import Request.
  Time since last request: 0.000025 seconds.
  path: Assets/tiles/tiles_packed_47.asset
  artifactKey: Guid(3e6a75275cd3863418efb1d0bd27d547) Importer(815301076,1909f56bfc062723c751e8b465ee728b)
Start importing Assets/tiles/tiles_packed_47.asset using Guid(3e6a75275cd3863418efb1d0bd27d547) Importer(815301076,1909f56bfc062723c751e8b465ee728b) [PhysX] Initialized MultithreadedTaskDispatcher with 8 workers.
 -> (artifact id: '36ad66ced92003e1b35f49d108d1a312') in 0.006184 seconds
Number of updated asset objects reloaded before import = 0
Number of asset objects unloaded after import = 3
========================================================================
Received Import Request.
  Time since last request: 0.000053 seconds.
  path: Assets/tiles/tiles_packed_52.asset
  artifactKey: Guid(cf749cd4d7a79994aa2c9c5fe0ff794c) Importer(815301076,1909f56bfc062723c751e8b465ee728b)
Start importing Assets/tiles/tiles_packed_52.asset using Guid(cf749cd4d7a79994aa2c9c5fe0ff794c) Importer(815301076,1909f56bfc062723c751e8b465ee728b) [PhysX] Initialized MultithreadedTaskDispatcher with 8 workers.
 -> (artifact id: '12bb093c70b3e39b90fb9f89aa29515b') in 0.006261 seconds
Number of updated asset objects reloaded before import = 0
Number of asset objects unloaded after import = 3
========================================================================
Received Import Request.
  Time since last request: 0.000024 seconds.
  path: Assets/tiles/tiles_packed_54.asset
  artifactKey: Guid(bb657b9c8155b5245ae04c8867803cc7) Importer(815301076,1909f56bfc062723c751e8b465ee728b)
Start importing Assets/tiles/tiles_packed_54.asset using Guid(bb657b9c8155b5245ae04c8867803cc7) Importer(815301076,1909f56bfc062723c751e8b465ee728b) [PhysX] Initialized MultithreadedTaskDispatcher with 8 workers.
 -> (artifact id: '14aa72e174bd9c19ec863395b532f966') in 0.006713 seconds
Number of updated asset objects reloaded before import = 0
Number of asset objects unloaded after import = 3
========================================================================
Received Import Request.
  Time since last request: 0.000026 seconds.
  path: Assets/tiles/tiles_packed_69.asset
  artifactKey: Guid(48ae32f6bb546c04996610af42290614) Importer(815301076,1909f56bfc062723c751e8b465ee728b)
Start importing Assets/tiles/tiles_packed_69.asset using Guid(48ae32f6bb546c04996610af42290614) Importer(815301076,1909f56bfc062723c751e8b465ee728b) [PhysX] Initialized MultithreadedTaskDispatcher with 8 workers.
 -> (artifact id: '81d4321f1bff329cf9e335c2ffc847bf') in 0.005301 seconds
Number of updated asset objects reloaded before import = 0
Number of asset objects unloaded after import = 3
========================================================================
Received Import Request.
  Time since last request: 0.000022 seconds.
  path: Assets/tiles/tiles_packed_72.asset
  artifactKey: Guid(9567a2ba486ee4943ac34eb54d196d44) Importer(815301076,1909f56bfc062723c751e8b465ee728b)
Start importing Assets/tiles/tiles_packed_72.asset using Guid(9567a2ba486ee4943ac34eb54d196d44) Importer(815301076,1909f56bfc062723c751e8b465ee728b) [PhysX] Initialized MultithreadedTaskDispatcher with 8 workers.
 -> (artifact id: '5174a8d2094f3754e925d02db148dcbd') in 0.009133 seconds
Number of updated asset objects reloaded before import = 0
Number of asset objects unloaded after import = 3
========================================================================
Received Import Request.
  Time since last request: 0.000032 seconds.
  path: Assets/tiles/tiles_packed_67.asset
  artifactKey: Guid(c9b3d20ba850d9646a8a891893adb4f2) Importer(815301076,1909f56bfc062723c751e8b465ee728b)
Start importing Assets/tiles/tiles_packed_67.asset using Guid(c9b3d20ba850d9646a8a891893adb4f2) Importer(815301076,1909f56bfc062723c751e8b465ee728b) [PhysX] Initialized MultithreadedTaskDispatcher with 8 workers.
 -> (artifact id: 'dbc6c4b83dd269170f393ba8dcf684f9') in 0.006968 seconds
Number of updated asset objects reloaded before import = 0
Number of asset objects unloaded after import = 3
========================================================================
Received Import Request.
  Time since last request: 0.000024 seconds.
  path: Assets/tiles/tiles_packed_73.asset
  artifactKey: Guid(e54188c6fd54b2943bcb5b3d72fd47be) Importer(815301076,1909f56bfc062723c751e8b465ee728b)
Start importing Assets/tiles/tiles_packed_73.asset using Guid(e54188c6fd54b2943bcb5b3d72fd47be) Importer(815301076,1909f56bfc062723c751e8b465ee728b) [PhysX] Initialized MultithreadedTaskDispatcher with 8 workers.
 -> (artifact id: '6fabb274889ca5c4f9baceb7a5d249ab') in 0.006877 seconds
Number of updated asset objects reloaded before import = 0
Number of asset objects unloaded after import = 3
========================================================================
Received Import Request.
  Time since last request: 0.000031 seconds.
  path: Assets/tiles/tiles_packed_75.asset
  artifactKey: Guid(eab59c189da3ab7448611f1e38a26b9a) Importer(815301076,1909f56bfc062723c751e8b465ee728b)
Start importing Assets/tiles/tiles_packed_75.asset using Guid(eab59c189da3ab7448611f1e38a26b9a) Importer(815301076,1909f56bfc062723c751e8b465ee728b) [PhysX] Initialized MultithreadedTaskDispatcher with 8 workers.
 -> (artifact id: 'c0055cae23ae1964242739f7674dca44') in 0.006942 seconds
Number of updated asset objects reloaded before import = 0
Number of asset objects unloaded after import = 3
========================================================================
Received Import Request.
  Time since last request: 0.000024 seconds.
  path: Assets/tiles/tiles_packed_78.asset
  artifactKey: Guid(025621d994c19a74c9bedd31941cf919) Importer(815301076,1909f56bfc062723c751e8b465ee728b)
Start importing Assets/tiles/tiles_packed_78.asset using Guid(025621d994c19a74c9bedd31941cf919) Importer(815301076,1909f56bfc062723c751e8b465ee728b) [PhysX] Initialized MultithreadedTaskDispatcher with 8 workers.
 -> (artifact id: 'b77739fa85acd3ceb830350bd93ea8dc') in 0.007789 seconds
Number of updated asset objects reloaded before import = 0
Number of asset objects unloaded after import = 3
========================================================================
Received Import Request.
  Time since last request: 0.000041 seconds.
  path: Assets/tiles/tiles_packed_58.asset
  artifactKey: Guid(981fe5d6ae15cf542973da5169525481) Importer(815301076,1909f56bfc062723c751e8b465ee728b)
Start importing Assets/tiles/tiles_packed_58.asset using Guid(981fe5d6ae15cf542973da5169525481) Importer(815301076,1909f56bfc062723c751e8b465ee728b) [PhysX] Initialized MultithreadedTaskDispatcher with 8 workers.
 -> (artifact id: 'ea999fb9d9222c423e9826f839378011') in 0.007105 seconds
Number of updated asset objects reloaded before import = 0
Number of asset objects unloaded after import = 3
========================================================================
Received Import Request.
  Time since last request: 0.000026 seconds.
  path: Assets/tiles/tiles_packed_50.asset
  artifactKey: Guid(77a0e04678478f248bd0285b2d1cbc94) Importer(815301076,1909f56bfc062723c751e8b465ee728b)
Start importing Assets/tiles/tiles_packed_50.asset using Guid(77a0e04678478f248bd0285b2d1cbc94) Importer(815301076,1909f56bfc062723c751e8b465ee728b) [PhysX] Initialized MultithreadedTaskDispatcher with 8 workers.
 -> (artifact id: 'fe118c229f9a6db114e83abd92c7d0d4') in 0.008498 seconds
Number of updated asset objects reloaded before import = 0
Number of asset objects unloaded after import = 3
========================================================================
Received Import Request.
  Time since last request: 0.000029 seconds.
  path: Assets/tiles/tiles_packed_44.asset
  artifactKey: Guid(6d6d9d49d540df3408b4f55aab2018ce) Importer(815301076,1909f56bfc062723c751e8b465ee728b)
Start importing Assets/tiles/tiles_packed_44.asset using Guid(6d6d9d49d540df3408b4f55aab2018ce) Importer(815301076,1909f56bfc062723c751e8b465ee728b) [PhysX] Initialized MultithreadedTaskDispatcher with 8 workers.
 -> (artifact id: '05d9073f8757c66728e371a02f0fc324') in 0.005703 seconds
Number of updated asset objects reloaded before import = 0
Number of asset objects unloaded after import = 3
========================================================================
Received Import Request.
  Time since last request: 0.000051 seconds.
  path: Assets/tiles/tiles_packed_55.asset
  artifactKey: Guid(63b480513328c0c4ab1757c28579f07b) Importer(815301076,1909f56bfc062723c751e8b465ee728b)
Start importing Assets/tiles/tiles_packed_55.asset using Guid(63b480513328c0c4ab1757c28579f07b) Importer(815301076,1909f56bfc062723c751e8b465ee728b) [PhysX] Initialized MultithreadedTaskDispatcher with 8 workers.
 -> (artifact id: 'e4ea19e11d59e339a2606b9e9eed3224') in 0.006164 seconds
Number of updated asset objects reloaded before import = 0
Number of asset objects unloaded after import = 3
========================================================================
Received Import Request.
  Time since last request: 0.000028 seconds.
  path: Assets/tiles/tiles_packed_42.asset
  artifactKey: Guid(6faf1aac867720e4681e013e7dcfb941) Importer(815301076,1909f56bfc062723c751e8b465ee728b)
Start importing Assets/tiles/tiles_packed_42.asset using Guid(6faf1aac867720e4681e013e7dcfb941) Importer(815301076,1909f56bfc062723c751e8b465ee728b) [PhysX] Initialized MultithreadedTaskDispatcher with 8 workers.
 -> (artifact id: '0e9eb53ea2361662a05b55a2917ed9f7') in 0.007774 seconds
Number of updated asset objects reloaded before import = 0
Number of asset objects unloaded after import = 3
========================================================================
Received Import Request.
  Time since last request: 0.000026 seconds.
  path: Assets/tiles/tiles_packed_48.asset
  artifactKey: Guid(09887491222438c4fb78e2ec9bf15395) Importer(815301076,1909f56bfc062723c751e8b465ee728b)
Start importing Assets/tiles/tiles_packed_48.asset using Guid(09887491222438c4fb78e2ec9bf15395) Importer(815301076,1909f56bfc062723c751e8b465ee728b) [PhysX] Initialized MultithreadedTaskDispatcher with 8 workers.
 -> (artifact id: '956fe81d54aaa2f8eb4aa96b84606085') in 0.006320 seconds
Number of updated asset objects reloaded before import = 0
Number of asset objects unloaded after import = 3
========================================================================
Received Import Request.
  Time since last request: 0.000025 seconds.
  path: Assets/tiles/tiles_packed_74.asset
  artifactKey: Guid(d4bef02f8f52ff94982f9b84f7fc4a48) Importer(815301076,1909f56bfc062723c751e8b465ee728b)
Start importing Assets/tiles/tiles_packed_74.asset using Guid(d4bef02f8f52ff94982f9b84f7fc4a48) Importer(815301076,1909f56bfc062723c751e8b465ee728b) [PhysX] Initialized MultithreadedTaskDispatcher with 8 workers.
 -> (artifact id: '4569e4a68603fe8e374978ab0c9a4bad') in 0.007432 seconds
Number of updated asset objects reloaded before import = 0
Number of asset objects unloaded after import = 3
========================================================================
Received Import Request.
  Time since last request: 0.000035 seconds.
  path: Assets/tiles/tiles_packed_66.asset
  artifactKey: Guid(b7f37eb3d180fa4438525945f90e54e7) Importer(815301076,1909f56bfc062723c751e8b465ee728b)
Start importing Assets/tiles/tiles_packed_66.asset using Guid(b7f37eb3d180fa4438525945f90e54e7) Importer(815301076,1909f56bfc062723c751e8b465ee728b) [PhysX] Initialized MultithreadedTaskDispatcher with 8 workers.
 -> (artifact id: '428bd08628e47929f3027d500612669b') in 0.006362 seconds
Number of updated asset objects reloaded before import = 0
Number of asset objects unloaded after import = 3
========================================================================
Received Import Request.
  Time since last request: 0.000033 seconds.
  path: Assets/tiles/tiles_packed_70.asset
  artifactKey: Guid(baff901fc49493048ad689123b6c7ab3) Importer(815301076,1909f56bfc062723c751e8b465ee728b)
Start importing Assets/tiles/tiles_packed_70.asset using Guid(baff901fc49493048ad689123b6c7ab3) Importer(815301076,1909f56bfc062723c751e8b465ee728b) [PhysX] Initialized MultithreadedTaskDispatcher with 8 workers.
 -> (artifact id: 'f50218f9ff5ca9fd09f0de8cbed7656e') in 0.005332 seconds
Number of updated asset objects reloaded before import = 0
Number of asset objects unloaded after import = 3
========================================================================
Received Import Request.
  Time since last request: 0.000034 seconds.
  path: Assets/tiles/tiles_packed_63.asset
  artifactKey: Guid(3c50672c16cd90f4088e4778de3f8e37) Importer(815301076,1909f56bfc062723c751e8b465ee728b)
Start importing Assets/tiles/tiles_packed_63.asset using Guid(3c50672c16cd90f4088e4778de3f8e37) Importer(815301076,1909f56bfc062723c751e8b465ee728b) [PhysX] Initialized MultithreadedTaskDispatcher with 8 workers.
 -> (artifact id: '77b59c712134349edb222bb3179ca0a1') in 0.014714 seconds
Number of updated asset objects reloaded before import = 0
Number of asset objects unloaded after import = 3
========================================================================
Received Import Request.
  Time since last request: 0.000023 seconds.
  path: Assets/tiles/tiles_packed_49.asset
  artifactKey: Guid(83ef01aceca63764fae3719a5685bba7) Importer(815301076,1909f56bfc062723c751e8b465ee728b)
Start importing Assets/tiles/tiles_packed_49.asset using Guid(83ef01aceca63764fae3719a5685bba7) Importer(815301076,1909f56bfc062723c751e8b465ee728b) [PhysX] Initialized MultithreadedTaskDispatcher with 8 workers.
 -> (artifact id: '89070bb635f1602b9d52d5f5e82917cb') in 0.006360 seconds
Number of updated asset objects reloaded before import = 0
Number of asset objects unloaded after import = 3
========================================================================
Received Import Request.
  Time since last request: 0.000033 seconds.
  path: Assets/tiles/tiles_packed_68.asset
  artifactKey: Guid(824cb4411d0b0db4d9652289b1dc081f) Importer(815301076,1909f56bfc062723c751e8b465ee728b)
Start importing Assets/tiles/tiles_packed_68.asset using Guid(824cb4411d0b0db4d9652289b1dc081f) Importer(815301076,1909f56bfc062723c751e8b465ee728b) [PhysX] Initialized MultithreadedTaskDispatcher with 8 workers.
 -> (artifact id: '6bd92fe99247ab5daf19d93199241d1c') in 0.006958 seconds
Number of updated asset objects reloaded before import = 0
Number of asset objects unloaded after import = 3
========================================================================
Received Import Request.
  Time since last request: 0.001643 seconds.
  path: Assets/tiles/tiles_packed_82.asset
  artifactKey: Guid(32c0fc0d9d210b04baa9e59841e118a5) Importer(815301076,1909f56bfc062723c751e8b465ee728b)
Start importing Assets/tiles/tiles_packed_82.asset using Guid(32c0fc0d9d210b04baa9e59841e118a5) Importer(815301076,1909f56bfc062723c751e8b465ee728b) [PhysX] Initialized MultithreadedTaskDispatcher with 8 workers.
 -> (artifact id: '9ef3947e39fff044a12fbb9c4aec4a66') in 0.007721 seconds
Number of updated asset objects reloaded before import = 0
Number of asset objects unloaded after import = 3
========================================================================
Received Import Request.
  Time since last request: 0.000030 seconds.
  path: Assets/tiles/tiles_packed_87.asset
  artifactKey: Guid(972d73795c8de9843a5c818c90065d9f) Importer(815301076,1909f56bfc062723c751e8b465ee728b)
Start importing Assets/tiles/tiles_packed_87.asset using Guid(972d73795c8de9843a5c818c90065d9f) Importer(815301076,1909f56bfc062723c751e8b465ee728b) [PhysX] Initialized MultithreadedTaskDispatcher with 8 workers.
 -> (artifact id: '9f3169444ce0dd4a5eee90f497d49b66') in 0.006554 seconds
Number of updated asset objects reloaded before import = 0
Number of asset objects unloaded after import = 3
========================================================================
Received Import Request.
  Time since last request: 0.000027 seconds.
  path: Assets/tiles/tiles_packed_102.asset
  artifactKey: Guid(f7d47dc9f58e682418d30cf9096180c4) Importer(815301076,1909f56bfc062723c751e8b465ee728b)
Start importing Assets/tiles/tiles_packed_102.asset using Guid(f7d47dc9f58e682418d30cf9096180c4) Importer(815301076,1909f56bfc062723c751e8b465ee728b) [PhysX] Initialized MultithreadedTaskDispatcher with 8 workers.
 -> (artifact id: 'bb325023fb01c36062100152b8c261f5') in 0.007276 seconds
Number of updated asset objects reloaded before import = 0
Number of asset objects unloaded after import = 3
========================================================================
Received Import Request.
  Time since last request: 0.000034 seconds.
  path: Assets/tiles/tiles_packed_107.asset
  artifactKey: Guid(152f6aea333db7745a7f9324a6056a89) Importer(815301076,1909f56bfc062723c751e8b465ee728b)
Start importing Assets/tiles/tiles_packed_107.asset using Guid(152f6aea333db7745a7f9324a6056a89) Importer(815301076,1909f56bfc062723c751e8b465ee728b) [PhysX] Initialized MultithreadedTaskDispatcher with 8 workers.
 -> (artifact id: '0bae38bf686594684840a377f327daf0') in 0.006896 seconds
Number of updated asset objects reloaded before import = 0
Number of asset objects unloaded after import = 3
========================================================================
Received Import Request.
  Time since last request: 0.000023 seconds.
  path: Assets/tiles/tiles_packed_91.asset
  artifactKey: Guid(8ce040f94ccd0544aba5ebb09a83e2be) Importer(815301076,1909f56bfc062723c751e8b465ee728b)
Start importing Assets/tiles/tiles_packed_91.asset using Guid(8ce040f94ccd0544aba5ebb09a83e2be) Importer(815301076,1909f56bfc062723c751e8b465ee728b) [PhysX] Initialized MultithreadedTaskDispatcher with 8 workers.
 -> (artifact id: 'e3567c584add142f4e761bc30d88e39e') in 0.006279 seconds
Number of updated asset objects reloaded before import = 0
Number of asset objects unloaded after import = 3
========================================================================
Received Import Request.
  Time since last request: 0.000025 seconds.
  path: Assets/tiles/tiles_packed_96.asset
  artifactKey: Guid(27aa236e1a46f7d49b12b86b326daada) Importer(815301076,1909f56bfc062723c751e8b465ee728b)
Start importing Assets/tiles/tiles_packed_96.asset using Guid(27aa236e1a46f7d49b12b86b326daada) Importer(815301076,1909f56bfc062723c751e8b465ee728b) [PhysX] Initialized MultithreadedTaskDispatcher with 8 workers.
 -> (artifact id: 'c8297fd63020738ee0be2f808a2ab07a') in 0.015611 seconds
Number of updated asset objects reloaded before import = 0
Number of asset objects unloaded after import = 3
========================================================================
Received Import Request.
  Time since last request: 0.000025 seconds.
  path: Assets/tiles/tiles_packed_88.asset
  artifactKey: Guid(be713c96c31a4a84abf686fb7f41c2b3) Importer(815301076,1909f56bfc062723c751e8b465ee728b)
Start importing Assets/tiles/tiles_packed_88.asset using Guid(be713c96c31a4a84abf686fb7f41c2b3) Importer(815301076,1909f56bfc062723c751e8b465ee728b) [PhysX] Initialized MultithreadedTaskDispatcher with 8 workers.
 -> (artifact id: '879b85bcf01beed76e8d3447324d91dc') in 0.007306 seconds
Number of updated asset objects reloaded before import = 0
Number of asset objects unloaded after import = 3
========================================================================
Received Import Request.
  Time since last request: 0.000025 seconds.
  path: Assets/tiles/tiles_packed_85.asset
  artifactKey: Guid(7bbbd56692213794eb9cc1547daa4a3b) Importer(815301076,1909f56bfc062723c751e8b465ee728b)
Start importing Assets/tiles/tiles_packed_85.asset using Guid(7bbbd56692213794eb9cc1547daa4a3b) Importer(815301076,1909f56bfc062723c751e8b465ee728b) [PhysX] Initialized MultithreadedTaskDispatcher with 8 workers.
 -> (artifact id: '0261203d12aa2b13d607677b3fbf013e') in 0.009487 seconds
Number of updated asset objects reloaded before import = 0
Number of asset objects unloaded after import = 3
========================================================================
Received Import Request.
  Time since last request: 0.000027 seconds.
  path: Assets/tiles/tiles_packed_105.asset
  artifactKey: Guid(e3ad8f4f3a0f9484aa96c80e74d051c8) Importer(815301076,1909f56bfc062723c751e8b465ee728b)
Start importing Assets/tiles/tiles_packed_105.asset using Guid(e3ad8f4f3a0f9484aa96c80e74d051c8) Importer(815301076,1909f56bfc062723c751e8b465ee728b) [PhysX] Initialized MultithreadedTaskDispatcher with 8 workers.
 -> (artifact id: 'afcfcd08ee09f4b5ba2ce4a419602f12') in 0.008831 seconds
Number of updated asset objects reloaded before import = 0
Number of asset objects unloaded after import = 3
========================================================================
Received Import Request.
  Time since last request: 0.000032 seconds.
  path: Assets/tiles/tiles_packed_93.asset
  artifactKey: Guid(5e9e1cd4940dd3f498c0c4bf17fcc9b4) Importer(815301076,1909f56bfc062723c751e8b465ee728b)
Start importing Assets/tiles/tiles_packed_93.asset using Guid(5e9e1cd4940dd3f498c0c4bf17fcc9b4) Importer(815301076,1909f56bfc062723c751e8b465ee728b) [PhysX] Initialized MultithreadedTaskDispatcher with 8 workers.
 -> (artifact id: '4b8c101815796593cbdfd4a875347ca5') in 0.006995 seconds
Number of updated asset objects reloaded before import = 0
Number of asset objects unloaded after import = 3
========================================================================
Received Import Request.
  Time since last request: 0.000035 seconds.
  path: Assets/tiles/tiles_packed_97.asset
  artifactKey: Guid(5633053fa8c924f4d8393ec911a6825c) Importer(815301076,1909f56bfc062723c751e8b465ee728b)
Start importing Assets/tiles/tiles_packed_97.asset using Guid(5633053fa8c924f4d8393ec911a6825c) Importer(815301076,1909f56bfc062723c751e8b465ee728b) [PhysX] Initialized MultithreadedTaskDispatcher with 8 workers.
 -> (artifact id: '94378fd89705dbed0b715ee88ee950a1') in 0.020929 seconds
Number of updated asset objects reloaded before import = 0
Number of asset objects unloaded after import = 3
========================================================================
Received Import Request.
  Time since last request: 0.000023 seconds.
  path: Assets/tiles/tiles_packed_84.asset
  artifactKey: Guid(ba42feb4dcbfc9d439fcf87606dd8283) Importer(815301076,1909f56bfc062723c751e8b465ee728b)
Start importing Assets/tiles/tiles_packed_84.asset using Guid(ba42feb4dcbfc9d439fcf87606dd8283) Importer(815301076,1909f56bfc062723c751e8b465ee728b) [PhysX] Initialized MultithreadedTaskDispatcher with 8 workers.
 -> (artifact id: '08843cc0d9967bdc3ee65c77131bae3c') in 0.006724 seconds
Number of updated asset objects reloaded before import = 0
Number of asset objects unloaded after import = 3
========================================================================
Received Import Request.
  Time since last request: 0.000030 seconds.
  path: Assets/tiles/tiles_packed_98.asset
  artifactKey: Guid(9ccee69c75d213f468ee90f4d3ce46bb) Importer(815301076,1909f56bfc062723c751e8b465ee728b)
Start importing Assets/tiles/tiles_packed_98.asset using Guid(9ccee69c75d213f468ee90f4d3ce46bb) Importer(815301076,1909f56bfc062723c751e8b465ee728b) [PhysX] Initialized MultithreadedTaskDispatcher with 8 workers.
 -> (artifact id: 'f0c40ae9ceb0e801419f5782aa3eb816') in 0.006324 seconds
Number of updated asset objects reloaded before import = 0
Number of asset objects unloaded after import = 3
========================================================================
Received Import Request.
  Time since last request: 0.000022 seconds.
  path: Assets/tiles/tiles_packed_83.asset
  artifactKey: Guid(8fa4892bffa11f2499191f2b2e338b5f) Importer(815301076,1909f56bfc062723c751e8b465ee728b)
Start importing Assets/tiles/tiles_packed_83.asset using Guid(8fa4892bffa11f2499191f2b2e338b5f) Importer(815301076,1909f56bfc062723c751e8b465ee728b) [PhysX] Initialized MultithreadedTaskDispatcher with 8 workers.
 -> (artifact id: 'd86b1ddc2d0ae85e149f8283b209784d') in 0.005970 seconds
Number of updated asset objects reloaded before import = 0
Number of asset objects unloaded after import = 3
========================================================================
Received Import Request.
  Time since last request: 0.061691 seconds.
  path: Assets/tiles/tiles_packed_109.asset
  artifactKey: Guid(29b3308534e8f494591702f0d76522b3) Importer(815301076,1909f56bfc062723c751e8b465ee728b)
Start importing Assets/tiles/tiles_packed_109.asset using Guid(29b3308534e8f494591702f0d76522b3) Importer(815301076,1909f56bfc062723c751e8b465ee728b) [PhysX] Initialized MultithreadedTaskDispatcher with 8 workers.
 -> (artifact id: '948fe1c5842e63dec83cd2cb26c35f56') in 0.006640 seconds
Number of updated asset objects reloaded before import = 0
Number of asset objects unloaded after import = 3
========================================================================
Received Import Request.
  Time since last request: 0.000022 seconds.
  path: Assets/tiles/tiles_packed_114.asset
  artifactKey: Guid(d18deedbaad6b5a4287986b4364e312c) Importer(815301076,1909f56bfc062723c751e8b465ee728b)
Start importing Assets/tiles/tiles_packed_114.asset using Guid(d18deedbaad6b5a4287986b4364e312c) Importer(815301076,1909f56bfc062723c751e8b465ee728b) [PhysX] Initialized MultithreadedTaskDispatcher with 8 workers.
 -> (artifact id: '1687fea9a169b0838b8a0e72abe5be7d') in 0.006775 seconds
Number of updated asset objects reloaded before import = 0
Number of asset objects unloaded after import = 3
========================================================================
Received Import Request.
  Time since last request: 0.000020 seconds.
  path: Assets/tiles/tiles_packed_112.asset
  artifactKey: Guid(554ec5a63a4cbe949bd87741b5f5339f) Importer(815301076,1909f56bfc062723c751e8b465ee728b)
Start importing Assets/tiles/tiles_packed_112.asset using Guid(554ec5a63a4cbe949bd87741b5f5339f) Importer(815301076,1909f56bfc062723c751e8b465ee728b) [PhysX] Initialized MultithreadedTaskDispatcher with 8 workers.
 -> (artifact id: 'e7c2fa2e8f3546fe899932b02b5c11fd') in 0.006516 seconds
Number of updated asset objects reloaded before import = 0
Number of asset objects unloaded after import = 3
========================================================================
Received Import Request.
  Time since last request: 0.000044 seconds.
  path: Assets/tiles/tiles_packed_121.asset
  artifactKey: Guid(06689427da9bbcc4a9a10a3403dc7d1a) Importer(815301076,1909f56bfc062723c751e8b465ee728b)
Start importing Assets/tiles/tiles_packed_121.asset using Guid(06689427da9bbcc4a9a10a3403dc7d1a) Importer(815301076,1909f56bfc062723c751e8b465ee728b) [PhysX] Initialized MultithreadedTaskDispatcher with 8 workers.
 -> (artifact id: '8465be98e03cc5d0fa8f7e7cd23fd027') in 0.006369 seconds
Number of updated asset objects reloaded before import = 0
Number of asset objects unloaded after import = 3
========================================================================
Received Import Request.
  Time since last request: 0.000025 seconds.
  path: Assets/tiles/tiles_packed_133.asset
  artifactKey: Guid(3aa6b73a4b25b7d42938370c24a1df0f) Importer(815301076,1909f56bfc062723c751e8b465ee728b)
Start importing Assets/tiles/tiles_packed_133.asset using Guid(3aa6b73a4b25b7d42938370c24a1df0f) Importer(815301076,1909f56bfc062723c751e8b465ee728b) [PhysX] Initialized MultithreadedTaskDispatcher with 8 workers.
 -> (artifact id: '0a0988d77d17845c06fc0ca03a4d4495') in 0.006410 seconds
Number of updated asset objects reloaded before import = 0
Number of asset objects unloaded after import = 3
========================================================================
Received Import Request.
  Time since last request: 0.000022 seconds.
  path: Assets/tiles/tiles_packed_141.asset
  artifactKey: Guid(3122a5580971bf641b48b6f7f5efdf4a) Importer(815301076,1909f56bfc062723c751e8b465ee728b)
Start importing Assets/tiles/tiles_packed_141.asset using Guid(3122a5580971bf641b48b6f7f5efdf4a) Importer(815301076,1909f56bfc062723c751e8b465ee728b) [PhysX] Initialized MultithreadedTaskDispatcher with 8 workers.
 -> (artifact id: '39668d48bd6d2cf7f8153fa3a6193251') in 0.007245 seconds
Number of updated asset objects reloaded before import = 0
Number of asset objects unloaded after import = 3
========================================================================
Received Import Request.
  Time since last request: 0.000023 seconds.
  path: Assets/tiles/tiles_packed_136.asset
  artifactKey: Guid(a36fa1f167d05ba42b8ff61a8ad2ea12) Importer(815301076,1909f56bfc062723c751e8b465ee728b)
Start importing Assets/tiles/tiles_packed_136.asset using Guid(a36fa1f167d05ba42b8ff61a8ad2ea12) Importer(815301076,1909f56bfc062723c751e8b465ee728b) [PhysX] Initialized MultithreadedTaskDispatcher with 8 workers.
 -> (artifact id: '0df00e99b61f56a60aa15aae714f222e') in 0.006756 seconds
Number of updated asset objects reloaded before import = 0
Number of asset objects unloaded after import = 3
========================================================================
Received Import Request.
  Time since last request: 0.000033 seconds.
  path: Assets/tiles/tiles_packed_117.asset
  artifactKey: Guid(0ed0313f28e184140bd714ec1b56a544) Importer(815301076,1909f56bfc062723c751e8b465ee728b)
Start importing Assets/tiles/tiles_packed_117.asset using Guid(0ed0313f28e184140bd714ec1b56a544) Importer(815301076,1909f56bfc062723c751e8b465ee728b) [PhysX] Initialized MultithreadedTaskDispatcher with 8 workers.
 -> (artifact id: '32b9096f4732c758f377cfc36612c031') in 0.005688 seconds
Number of updated asset objects reloaded before import = 0
Number of asset objects unloaded after import = 3
========================================================================
Received Import Request.
  Time since last request: 0.000024 seconds.
  path: Assets/tiles/tiles_packed_115.asset
  artifactKey: Guid(3ddfb9edce4d08f4198c60fa462599fc) Importer(815301076,1909f56bfc062723c751e8b465ee728b)
Start importing Assets/tiles/tiles_packed_115.asset using Guid(3ddfb9edce4d08f4198c60fa462599fc) Importer(815301076,1909f56bfc062723c751e8b465ee728b) [PhysX] Initialized MultithreadedTaskDispatcher with 8 workers.
 -> (artifact id: '6384354e07f14c4e1c99a43e89e453a3') in 0.005799 seconds
Number of updated asset objects reloaded before import = 0
Number of asset objects unloaded after import = 3
========================================================================
Received Import Request.
  Time since last request: 0.000061 seconds.
  path: Assets/tiles/tiles_packed_122.asset
  artifactKey: Guid(92548527646643d4ca9307716d43bc13) Importer(815301076,1909f56bfc062723c751e8b465ee728b)
Start importing Assets/tiles/tiles_packed_122.asset using Guid(92548527646643d4ca9307716d43bc13) Importer(815301076,1909f56bfc062723c751e8b465ee728b) [PhysX] Initialized MultithreadedTaskDispatcher with 8 workers.
 -> (artifact id: '7879e6db4e6ab937b747b1826aceccd0') in 0.006305 seconds
Number of updated asset objects reloaded before import = 0
Number of asset objects unloaded after import = 3
========================================================================
Received Import Request.
  Time since last request: 0.000023 seconds.
  path: Assets/tiles/tiles_packed_150.asset
  artifactKey: Guid(953ecb7234b18114aace592edc0d9925) Importer(815301076,1909f56bfc062723c751e8b465ee728b)
Start importing Assets/tiles/tiles_packed_150.asset using Guid(953ecb7234b18114aace592edc0d9925) Importer(815301076,1909f56bfc062723c751e8b465ee728b) [PhysX] Initialized MultithreadedTaskDispatcher with 8 workers.
 -> (artifact id: '0f098d3410697e98a95e07ae2ca67589') in 0.006054 seconds
Number of updated asset objects reloaded before import = 0
Number of asset objects unloaded after import = 3
========================================================================
Received Import Request.
  Time since last request: 0.000056 seconds.
  path: Assets/tiles/tiles_packed_147.asset
  artifactKey: Guid(baaccec0f90371944aa45a1621553c44) Importer(815301076,1909f56bfc062723c751e8b465ee728b)
Start importing Assets/tiles/tiles_packed_147.asset using Guid(baaccec0f90371944aa45a1621553c44) Importer(815301076,1909f56bfc062723c751e8b465ee728b) [PhysX] Initialized MultithreadedTaskDispatcher with 8 workers.
 -> (artifact id: 'e82646f41240d0d1511f471a9baab39f') in 0.017530 seconds
Number of updated asset objects reloaded before import = 0
Number of asset objects unloaded after import = 3
========================================================================
Received Import Request.
  Time since last request: 0.000034 seconds.
  path: Assets/tiles/tiles_packed_113.asset
  artifactKey: Guid(1343a3d499be912419fec500906aed38) Importer(815301076,1909f56bfc062723c751e8b465ee728b)
Start importing Assets/tiles/tiles_packed_113.asset using Guid(1343a3d499be912419fec500906aed38) Importer(815301076,1909f56bfc062723c751e8b465ee728b) [PhysX] Initialized MultithreadedTaskDispatcher with 8 workers.
 -> (artifact id: '3faae486e7b952dfcde29a8eef5a9692') in 0.006411 seconds
Number of updated asset objects reloaded before import = 0
Number of asset objects unloaded after import = 3
========================================================================
Received Import Request.
  Time since last request: 0.000022 seconds.
  path: Assets/tiles/tiles_packed_129.asset
  artifactKey: Guid(678f3a1f086ecf54f98bc7b6a31a853f) Importer(815301076,1909f56bfc062723c751e8b465ee728b)
Start importing Assets/tiles/tiles_packed_129.asset using Guid(678f3a1f086ecf54f98bc7b6a31a853f) Importer(815301076,1909f56bfc062723c751e8b465ee728b) [PhysX] Initialized MultithreadedTaskDispatcher with 8 workers.
 -> (artifact id: 'a69db575ba1dbe578c5da5ee4476febd') in 0.007242 seconds
Number of updated asset objects reloaded before import = 0
Number of asset objects unloaded after import = 3
========================================================================
Received Import Request.
  Time since last request: 0.000039 seconds.
  path: Assets/tiles/tiles_packed_140.asset
  artifactKey: Guid(9884c80bfc6a64f4e8a9af12ca862e99) Importer(815301076,1909f56bfc062723c751e8b465ee728b)
Start importing Assets/tiles/tiles_packed_140.asset using Guid(9884c80bfc6a64f4e8a9af12ca862e99) Importer(815301076,1909f56bfc062723c751e8b465ee728b) [PhysX] Initialized MultithreadedTaskDispatcher with 8 workers.
 -> (artifact id: 'f0ae22a50d71af45f4bc01c9e1db270b') in 0.006314 seconds
Number of updated asset objects reloaded before import = 0
Number of asset objects unloaded after import = 3
========================================================================
Received Import Request.
  Time since last request: 0.000025 seconds.
  path: Assets/tiles/tiles_packed_142.asset
  artifactKey: Guid(63a74413e35f3da47a3842d51d44abac) Importer(815301076,1909f56bfc062723c751e8b465ee728b)
Start importing Assets/tiles/tiles_packed_142.asset using Guid(63a74413e35f3da47a3842d51d44abac) Importer(815301076,1909f56bfc062723c751e8b465ee728b) [PhysX] Initialized MultithreadedTaskDispatcher with 8 workers.
 -> (artifact id: '74bbd3b0ca9cce0824e7ab03a8071d89') in 0.008074 seconds
Number of updated asset objects reloaded before import = 0
Number of asset objects unloaded after import = 3
========================================================================
Received Import Request.
  Time since last request: 0.000100 seconds.
  path: Assets/tiles/tiles_packed_146.asset
  artifactKey: Guid(997af1e38a75b104c917c5cfa3b86855) Importer(815301076,1909f56bfc062723c751e8b465ee728b)
Start importing Assets/tiles/tiles_packed_146.asset using Guid(997af1e38a75b104c917c5cfa3b86855) Importer(815301076,1909f56bfc062723c751e8b465ee728b) [PhysX] Initialized MultithreadedTaskDispatcher with 8 workers.
 -> (artifact id: '40dbdb7d9f28db07075aa8f75cb8add1') in 0.015287 seconds
Number of updated asset objects reloaded before import = 0
Number of asset objects unloaded after import = 3
========================================================================
Received Import Request.
  Time since last request: 0.000032 seconds.
  path: Assets/tiles/tiles_packed_128.asset
  artifactKey: Guid(bedb8cae7e0ca9e4591dbd3f0661d138) Importer(815301076,1909f56bfc062723c751e8b465ee728b)
Start importing Assets/tiles/tiles_packed_128.asset using Guid(bedb8cae7e0ca9e4591dbd3f0661d138) Importer(815301076,1909f56bfc062723c751e8b465ee728b) [PhysX] Initialized MultithreadedTaskDispatcher with 8 workers.
 -> (artifact id: '99cf8fbe7cb80305902536bbe34f9030') in 0.007327 seconds
Number of updated asset objects reloaded before import = 0
Number of asset objects unloaded after import = 3
========================================================================
Received Import Request.
  Time since last request: 0.000029 seconds.
  path: Assets/tiles/tiles_packed_119.asset
  artifactKey: Guid(5aff2533d2d13044fb2a744bd1795f8a) Importer(815301076,1909f56bfc062723c751e8b465ee728b)
Start importing Assets/tiles/tiles_packed_119.asset using Guid(5aff2533d2d13044fb2a744bd1795f8a) Importer(815301076,1909f56bfc062723c751e8b465ee728b) [PhysX] Initialized MultithreadedTaskDispatcher with 8 workers.
 -> (artifact id: 'f0aa31864a55e68ae8e5899723c2ec0a') in 0.007308 seconds
Number of updated asset objects reloaded before import = 0
Number of asset objects unloaded after import = 3
========================================================================
Received Import Request.
  Time since last request: 0.000026 seconds.
  path: Assets/tiles/tiles_packed_120.asset
  artifactKey: Guid(924f17ce767096d4e8c7396477011983) Importer(815301076,1909f56bfc062723c751e8b465ee728b)
Start importing Assets/tiles/tiles_packed_120.asset using Guid(924f17ce767096d4e8c7396477011983) Importer(815301076,1909f56bfc062723c751e8b465ee728b) [PhysX] Initialized MultithreadedTaskDispatcher with 8 workers.
 -> (artifact id: 'e7da720cdf99c431a0ab04080bdb00f7') in 0.006146 seconds
Number of updated asset objects reloaded before import = 0
Number of asset objects unloaded after import = 3
========================================================================
Received Import Request.
  Time since last request: 0.000036 seconds.
  path: Assets/tiles/tiles_packed_148.asset
  artifactKey: Guid(a9240cba03078b44bbb3071da7a2128c) Importer(815301076,1909f56bfc062723c751e8b465ee728b)
Start importing Assets/tiles/tiles_packed_148.asset using Guid(a9240cba03078b44bbb3071da7a2128c) Importer(815301076,1909f56bfc062723c751e8b465ee728b) [PhysX] Initialized MultithreadedTaskDispatcher with 8 workers.
 -> (artifact id: '8e5ea755d1caf5d8fefabee864acb796') in 0.006751 seconds
Number of updated asset objects reloaded before import = 0
Number of asset objects unloaded after import = 3
========================================================================
Received Import Request.
  Time since last request: 0.000032 seconds.
  path: Assets/tiles/tiles_packed_132.asset
  artifactKey: Guid(6f18fe5b593b41548862f93a325e747b) Importer(815301076,1909f56bfc062723c751e8b465ee728b)
Start importing Assets/tiles/tiles_packed_132.asset using Guid(6f18fe5b593b41548862f93a325e747b) Importer(815301076,1909f56bfc062723c751e8b465ee728b) [PhysX] Initialized MultithreadedTaskDispatcher with 8 workers.
 -> (artifact id: '8fc96861d596f5ff4033ffd8c57619bd') in 0.005924 seconds
Number of updated asset objects reloaded before import = 0
Number of asset objects unloaded after import = 3
========================================================================
Received Import Request.
  Time since last request: 0.000036 seconds.
  path: Assets/tiles/tiles_packed_127.asset
  artifactKey: Guid(a781e2141d7d7914f8aa286c8a79a259) Importer(815301076,1909f56bfc062723c751e8b465ee728b)
Start importing Assets/tiles/tiles_packed_127.asset using Guid(a781e2141d7d7914f8aa286c8a79a259) Importer(815301076,1909f56bfc062723c751e8b465ee728b) [PhysX] Initialized MultithreadedTaskDispatcher with 8 workers.
 -> (artifact id: 'be5c8ff106867da775a93bf2469192b7') in 0.007033 seconds
Number of updated asset objects reloaded before import = 0
Number of asset objects unloaded after import = 3
========================================================================
Received Import Request.
  Time since last request: 0.006304 seconds.
  path: Assets/tiles/tiles_packed_154.asset
  artifactKey: Guid(503b2811b9e5e534ba20a017863585e3) Importer(815301076,1909f56bfc062723c751e8b465ee728b)
Start importing Assets/tiles/tiles_packed_154.asset using Guid(503b2811b9e5e534ba20a017863585e3) Importer(815301076,1909f56bfc062723c751e8b465ee728b) [PhysX] Initialized MultithreadedTaskDispatcher with 8 workers.
 -> (artifact id: 'a999421293670e334a6d8cd9ff0a8ff0') in 0.007102 seconds
Number of updated asset objects reloaded before import = 0
Number of asset objects unloaded after import = 3
========================================================================
Received Import Request.
  Time since last request: 0.000028 seconds.
  path: Assets/tiles/tiles_packed_157.asset
  artifactKey: Guid(be606a14d26be284287b5dbeed5b31b0) Importer(815301076,1909f56bfc062723c751e8b465ee728b)
Start importing Assets/tiles/tiles_packed_157.asset using Guid(be606a14d26be284287b5dbeed5b31b0) Importer(815301076,1909f56bfc062723c751e8b465ee728b) [PhysX] Initialized MultithreadedTaskDispatcher with 8 workers.
 -> (artifact id: '3db50ff255928f7bf799c0ece94d8d45') in 0.007295 seconds
Number of updated asset objects reloaded before import = 0
Number of asset objects unloaded after import = 3
========================================================================
Received Import Request.
  Time since last request: 0.000035 seconds.
  path: Assets/tiles/tiles_packed_170.asset
  artifactKey: Guid(4221d7505084eaa418ea6fc586dda2e2) Importer(815301076,1909f56bfc062723c751e8b465ee728b)
Start importing Assets/tiles/tiles_packed_170.asset using Guid(4221d7505084eaa418ea6fc586dda2e2) Importer(815301076,1909f56bfc062723c751e8b465ee728b) [PhysX] Initialized MultithreadedTaskDispatcher with 8 workers.
 -> (artifact id: '3a0eca9669e175641244cbd96b136c80') in 0.006912 seconds
Number of updated asset objects reloaded before import = 0
Number of asset objects unloaded after import = 3
========================================================================
Received Import Request.
  Time since last request: 0.000041 seconds.
  path: Assets/tiles/tiles_packed_172.asset
  artifactKey: Guid(0fe1c6b384609a5439b9cd1ed707fd07) Importer(815301076,1909f56bfc062723c751e8b465ee728b)
Start importing Assets/tiles/tiles_packed_172.asset using Guid(0fe1c6b384609a5439b9cd1ed707fd07) Importer(815301076,1909f56bfc062723c751e8b465ee728b) [PhysX] Initialized MultithreadedTaskDispatcher with 8 workers.
 -> (artifact id: '0235871d34143b2c0dfb843a1a6d3596') in 0.008379 seconds
Number of updated asset objects reloaded before import = 0
Number of asset objects unloaded after import = 3
========================================================================
Received Import Request.
  Time since last request: 0.000022 seconds.
  path: Assets/tiles/tiles_packed_164.asset
  artifactKey: Guid(b5766c114e0763a42883ed4f911d1ce9) Importer(815301076,1909f56bfc062723c751e8b465ee728b)
Start importing Assets/tiles/tiles_packed_164.asset using Guid(b5766c114e0763a42883ed4f911d1ce9) Importer(815301076,1909f56bfc062723c751e8b465ee728b) [PhysX] Initialized MultithreadedTaskDispatcher with 8 workers.
 -> (artifact id: '5c8a5da072256d23331e86fbb897a575') in 0.005774 seconds
Number of updated asset objects reloaded before import = 0
Number of asset objects unloaded after import = 3
========================================================================
Received Import Request.
  Time since last request: 0.000025 seconds.
  path: Assets/tiles/tiles_packed_166.asset
  artifactKey: Guid(98acf35d15c09d642829a6ab42d84d1a) Importer(815301076,1909f56bfc062723c751e8b465ee728b)
Start importing Assets/tiles/tiles_packed_166.asset using Guid(98acf35d15c09d642829a6ab42d84d1a) Importer(815301076,1909f56bfc062723c751e8b465ee728b) [PhysX] Initialized MultithreadedTaskDispatcher with 8 workers.
 -> (artifact id: '77ba5de562843253aaeb80518d2ca8b3') in 0.014930 seconds
Number of updated asset objects reloaded before import = 0
Number of asset objects unloaded after import = 3
========================================================================
Received Import Request.
  Time since last request: 0.000027 seconds.
  path: Assets/tiles/tiles_packed_168.asset
  artifactKey: Guid(ec856675e1d0d63409ba8356108a4c23) Importer(815301076,1909f56bfc062723c751e8b465ee728b)
Start importing Assets/tiles/tiles_packed_168.asset using Guid(ec856675e1d0d63409ba8356108a4c23) Importer(815301076,1909f56bfc062723c751e8b465ee728b) [PhysX] Initialized MultithreadedTaskDispatcher with 8 workers.
 -> (artifact id: '368d0bf298d6f1d33ce2790f146e7f27') in 0.006906 seconds
Number of updated asset objects reloaded before import = 0
Number of asset objects unloaded after import = 3
========================================================================
Received Import Request.
  Time since last request: 0.000029 seconds.
  path: Assets/tiles/tiles_packed_169.asset
  artifactKey: Guid(01cca36ebb2f5ec409853259df41990a) Importer(815301076,1909f56bfc062723c751e8b465ee728b)
Start importing Assets/tiles/tiles_packed_169.asset using Guid(01cca36ebb2f5ec409853259df41990a) Importer(815301076,1909f56bfc062723c751e8b465ee728b) [PhysX] Initialized MultithreadedTaskDispatcher with 8 workers.
 -> (artifact id: '98eb721453353a00a2852b38388e7910') in 0.006739 seconds
Number of updated asset objects reloaded before import = 0
Number of asset objects unloaded after import = 3
========================================================================
Received Import Request.
  Time since last request: 0.000024 seconds.
  path: Assets/tiles/tiles_packed_165.asset
  artifactKey: Guid(0f72d9d993586774e9dac908758eb756) Importer(815301076,1909f56bfc062723c751e8b465ee728b)
Start importing Assets/tiles/tiles_packed_165.asset using Guid(0f72d9d993586774e9dac908758eb756) Importer(815301076,1909f56bfc062723c751e8b465ee728b) [PhysX] Initialized MultithreadedTaskDispatcher with 8 workers.
 -> (artifact id: '7b20c1e3a13495b4880e187353562bd2') in 0.008700 seconds
Number of updated asset objects reloaded before import = 0
Number of asset objects unloaded after import = 3
========================================================================
Received Import Request.
  Time since last request: 0.000024 seconds.
  path: Assets/tiles/tiles_packed_156.asset
  artifactKey: Guid(8c81bc71e9a34c946bfcb90a3f24facb) Importer(815301076,1909f56bfc062723c751e8b465ee728b)
Start importing Assets/tiles/tiles_packed_156.asset using Guid(8c81bc71e9a34c946bfcb90a3f24facb) Importer(815301076,1909f56bfc062723c751e8b465ee728b) [PhysX] Initialized MultithreadedTaskDispatcher with 8 workers.
 -> (artifact id: '3f0362baab425bf53d95a76708ab7cc3') in 0.007734 seconds
Number of updated asset objects reloaded before import = 0
Number of asset objects unloaded after import = 3
========================================================================
Received Import Request.
  Time since last request: 253.435437 seconds.
  path: Assets/Tile Pallets/New Palette.prefab
  artifactKey: Guid(87699695e45b078498e4b5c68ffabb7a) Importer(815301076,1909f56bfc062723c751e8b465ee728b)
Start importing Assets/Tile Pallets/New Palette.prefab using Guid(87699695e45b078498e4b5c68ffabb7a) Importer(815301076,1909f56bfc062723c751e8b465ee728b) [PhysX] Initialized MultithreadedTaskDispatcher with 8 workers.
[PhysX] Initialized MultithreadedTaskDispatcher with 8 workers.
 -> (artifact id: '15f081a61e448f101a9ed8c7ff4cbcef') in 0.067592 seconds
Number of updated asset objects reloaded before import = 0
Number of asset objects unloaded after import = 360
========================================================================
Received Import Request.
  Time since last request: 9.229421 seconds.
  path: Assets/Tile Pallets/New Palette.prefab
  artifactKey: Guid(87699695e45b078498e4b5c68ffabb7a) Importer(815301076,1909f56bfc062723c751e8b465ee728b)
Start importing Assets/Tile Pallets/New Palette.prefab using Guid(87699695e45b078498e4b5c68ffabb7a) Importer(815301076,1909f56bfc062723c751e8b465ee728b) [PhysX] Initialized MultithreadedTaskDispatcher with 8 workers.
[PhysX] Initialized MultithreadedTaskDispatcher with 8 workers.
 -> (artifact id: '7a0739f865969d506df46efcdcb3cae8') in 0.023409 seconds
Number of updated asset objects reloaded before import = 0
Number of asset objects unloaded after import = 11
========================================================================
Received Import Request.
  Time since last request: 104.590859 seconds.
  path: Assets/Tile Pallets/New Palette.prefab
  artifactKey: Guid(87699695e45b078498e4b5c68ffabb7a) Importer(815301076,1909f56bfc062723c751e8b465ee728b)
Start importing Assets/Tile Pallets/New Palette.prefab using Guid(87699695e45b078498e4b5c68ffabb7a) Importer(815301076,1909f56bfc062723c751e8b465ee728b) [PhysX] Initialized MultithreadedTaskDispatcher with 8 workers.
[PhysX] Initialized MultithreadedTaskDispatcher with 8 workers.
 -> (artifact id: 'd1e1cd1779e95c44cd416d461d7b5e17') in 0.024107 seconds
Number of updated asset objects reloaded before import = 0
Number of asset objects unloaded after import = 24
========================================================================
Received Import Request.
  Time since last request: 13.081753 seconds.
  path: Assets/Tile Pallets/New Palette.prefab
  artifactKey: Guid(87699695e45b078498e4b5c68ffabb7a) Importer(815301076,1909f56bfc062723c751e8b465ee728b)
Start importing Assets/Tile Pallets/New Palette.prefab using Guid(87699695e45b078498e4b5c68ffabb7a) Importer(815301076,1909f56bfc062723c751e8b465ee728b) [PhysX] Initialized MultithreadedTaskDispatcher with 8 workers.
[PhysX] Initialized MultithreadedTaskDispatcher with 8 workers.
 -> (artifact id: '387b7e5a83b56f3e051a0ed3527e5fd6') in 0.019717 seconds
Number of updated asset objects reloaded before import = 0
Number of asset objects unloaded after import = 22
========================================================================
Received Import Request.
  Time since last request: 18.949484 seconds.
  path: Assets/Tile Pallets/New Palette.prefab
  artifactKey: Guid(87699695e45b078498e4b5c68ffabb7a) Importer(815301076,1909f56bfc062723c751e8b465ee728b)
Start importing Assets/Tile Pallets/New Palette.prefab using Guid(87699695e45b078498e4b5c68ffabb7a) Importer(815301076,1909f56bfc062723c751e8b465ee728b) [PhysX] Initialized MultithreadedTaskDispatcher with 8 workers.
[PhysX] Initialized MultithreadedTaskDispatcher with 8 workers.
 -> (artifact id: 'd42062d068049678240ee45d6106f1a0') in 0.027886 seconds
Number of updated asset objects reloaded before import = 0
Number of asset objects unloaded after import = 22
========================================================================
Received Import Request.
  Time since last request: 57.787995 seconds.
  path: Assets/tiles_packed.png
  artifactKey: Guid(927edcffc8fe29e4ea8eab4ac04ebc6e) Importer(815301076,1909f56bfc062723c751e8b465ee728b)
Start importing Assets/tiles_packed.png using Guid(927edcffc8fe29e4ea8eab4ac04ebc6e) Importer(815301076,1909f56bfc062723c751e8b465ee728b) [PhysX] Initialized MultithreadedTaskDispatcher with 8 workers.
[PhysX] Initialized MultithreadedTaskDispatcher with 8 workers.
 -> (artifact id: '67e09542446f2aded13d5954d561fde9') in 0.468927 seconds
Number of updated asset objects reloaded before import = 0
Number of asset objects unloaded after import = 176
========================================================================
Received Import Request.
  Time since last request: 9.738117 seconds.
  path: Assets/tiles_packed.png
  artifactKey: Guid(927edcffc8fe29e4ea8eab4ac04ebc6e) Importer(815301076,1909f56bfc062723c751e8b465ee728b)
Start importing Assets/tiles_packed.png using Guid(927edcffc8fe29e4ea8eab4ac04ebc6e) Importer(815301076,1909f56bfc062723c751e8b465ee728b) [PhysX] Initialized MultithreadedTaskDispatcher with 8 workers.
[PhysX] Initialized MultithreadedTaskDispatcher with 8 workers.
 -> (artifact id: '234bc43ca9bce5e6a5fb9cd91265f0d0') in 0.304782 seconds
Number of updated asset objects reloaded before import = 0
Number of asset objects unloaded after import = 176
========================================================================
Received Import Request.
  Time since last request: 7.528710 seconds.
  path: Assets/Tile Pallets/New Palette.prefab
  artifactKey: Guid(87699695e45b078498e4b5c68ffabb7a) Importer(815301076,1909f56bfc062723c751e8b465ee728b)
Start importing Assets/Tile Pallets/New Palette.prefab using Guid(87699695e45b078498e4b5c68ffabb7a) Importer(815301076,1909f56bfc062723c751e8b465ee728b) [PhysX] Initialized MultithreadedTaskDispatcher with 8 workers.
[PhysX] Initialized MultithreadedTaskDispatcher with 8 workers.
 -> (artifact id: '5c46214858316547c142dde011cbc08a') in 0.033907 seconds
Number of updated asset objects reloaded before import = 0
Number of asset objects unloaded after import = 22
========================================================================
Received Import Request.
  Time since last request: 7.461167 seconds.
  path: Assets/Tile Pallets/New Palette.prefab
  artifactKey: Guid(87699695e45b078498e4b5c68ffabb7a) Importer(815301076,1909f56bfc062723c751e8b465ee728b)
Start importing Assets/Tile Pallets/New Palette.prefab using Guid(87699695e45b078498e4b5c68ffabb7a) Importer(815301076,1909f56bfc062723c751e8b465ee728b) [PhysX] Initialized MultithreadedTaskDispatcher with 8 workers.
[PhysX] Initialized MultithreadedTaskDispatcher with 8 workers.
 -> (artifact id: 'c4d679f05102a6dd2a0740ae2cdfddd7') in 0.018747 seconds
Number of updated asset objects reloaded before import = 0
Number of asset objects unloaded after import = 11
========================================================================
Received Import Request.
  Time since last request: 1.068920 seconds.
  path: Assets/tiles/tiles_packed_0.asset
  artifactKey: Guid(ba9a2a1bb6711b54dbaef2c1b3e84ccc) Importer(815301076,1909f56bfc062723c751e8b465ee728b)
Start importing Assets/tiles/tiles_packed_0.asset using Guid(ba9a2a1bb6711b54dbaef2c1b3e84ccc) Importer(815301076,1909f56bfc062723c751e8b465ee728b) [PhysX] Initialized MultithreadedTaskDispatcher with 8 workers.
 -> (artifact id: 'c7ec1c0ffc3702db1e743f4d0b92f606') in 0.017729 seconds
Number of updated asset objects reloaded before import = 0
Number of asset objects unloaded after import = 3
========================================================================
Received Import Request.
  Time since last request: 0.000027 seconds.
  path: Assets/tiles/tiles_packed_7.asset
  artifactKey: Guid(ce3dce43352b28642891d7ad02ec22d7) Importer(815301076,1909f56bfc062723c751e8b465ee728b)
Start importing Assets/tiles/tiles_packed_7.asset using Guid(ce3dce43352b28642891d7ad02ec22d7) Importer(815301076,1909f56bfc062723c751e8b465ee728b) [PhysX] Initialized MultithreadedTaskDispatcher with 8 workers.
 -> (artifact id: '8a60457f432f3d7fbda5f41eb88074cc') in 0.016947 seconds
Number of updated asset objects reloaded before import = 0
Number of asset objects unloaded after import = 3
========================================================================
Received Import Request.
  Time since last request: 0.000023 seconds.
  path: Assets/tiles/tiles_packed_33.asset
  artifactKey: Guid(486b50fedb7e1fe4c962873e39c47a15) Importer(815301076,1909f56bfc062723c751e8b465ee728b)
Start importing Assets/tiles/tiles_packed_33.asset using Guid(486b50fedb7e1fe4c962873e39c47a15) Importer(815301076,1909f56bfc062723c751e8b465ee728b) [PhysX] Initialized MultithreadedTaskDispatcher with 8 workers.
 -> (artifact id: 'c4d5e8b76ebe2b6ff39f03d88c84ea90') in 0.015875 seconds
Number of updated asset objects reloaded before import = 0
Number of asset objects unloaded after import = 3
========================================================================
Received Import Request.
  Time since last request: 0.000025 seconds.
  path: Assets/tiles/tiles_packed_36.asset
  artifactKey: Guid(b49ce49da48d9a24cac04943a953adc5) Importer(815301076,1909f56bfc062723c751e8b465ee728b)
Start importing Assets/tiles/tiles_packed_36.asset using Guid(b49ce49da48d9a24cac04943a953adc5) Importer(815301076,1909f56bfc062723c751e8b465ee728b) [PhysX] Initialized MultithreadedTaskDispatcher with 8 workers.
 -> (artifact id: '1d1daf7baf87e168878a21234994a1d8') in 0.015584 seconds
Number of updated asset objects reloaded before import = 0
Number of asset objects unloaded after import = 3
========================================================================
Received Import Request.
  Time since last request: 0.000035 seconds.
  path: Assets/tiles/tiles_packed_13.asset
  artifactKey: Guid(2e1e528783ae8944f9ea9fb01177ccf1) Importer(815301076,1909f56bfc062723c751e8b465ee728b)
Start importing Assets/tiles/tiles_packed_13.asset using Guid(2e1e528783ae8944f9ea9fb01177ccf1) Importer(815301076,1909f56bfc062723c751e8b465ee728b) [PhysX] Initialized MultithreadedTaskDispatcher with 8 workers.
 -> (artifact id: '084e802556fecbb4b6c742a3be4f6108') in 0.016778 seconds
Number of updated asset objects reloaded before import = 0
Number of asset objects unloaded after import = 3
========================================================================
Received Import Request.
  Time since last request: 0.000025 seconds.
  path: Assets/tiles/tiles_packed_2.asset
  artifactKey: Guid(b5ee4836f85aa8a44a18f7cdb23ee566) Importer(815301076,1909f56bfc062723c751e8b465ee728b)
Start importing Assets/tiles/tiles_packed_2.asset using Guid(b5ee4836f85aa8a44a18f7cdb23ee566) Importer(815301076,1909f56bfc062723c751e8b465ee728b) [PhysX] Initialized MultithreadedTaskDispatcher with 8 workers.
 -> (artifact id: 'f5594e560f4f66f79f8495c332fd1006') in 0.020493 seconds
Number of updated asset objects reloaded before import = 0
Number of asset objects unloaded after import = 3
========================================================================
Received Import Request.
  Time since last request: 0.000026 seconds.
  path: Assets/tiles/tiles_packed_32.asset
  artifactKey: Guid(fa496793f8892f542b0c7696e573d98d) Importer(815301076,1909f56bfc062723c751e8b465ee728b)
Start importing Assets/tiles/tiles_packed_32.asset using Guid(fa496793f8892f542b0c7696e573d98d) Importer(815301076,1909f56bfc062723c751e8b465ee728b) [PhysX] Initialized MultithreadedTaskDispatcher with 8 workers.
 -> (artifact id: '2276614fb12700520186a68b870fcc4e') in 0.016147 seconds
Number of updated asset objects reloaded before import = 0
Number of asset objects unloaded after import = 3
========================================================================
Received Import Request.
  Time since last request: 0.000026 seconds.
  path: Assets/tiles/tiles_packed_27.asset
  artifactKey: Guid(91da90eb37280a74db0793cc389034e7) Importer(815301076,1909f56bfc062723c751e8b465ee728b)
Start importing Assets/tiles/tiles_packed_27.asset using Guid(91da90eb37280a74db0793cc389034e7) Importer(815301076,1909f56bfc062723c751e8b465ee728b) [PhysX] Initialized MultithreadedTaskDispatcher with 8 workers.
 -> (artifact id: 'c36650ddffa76f05c5cccdb24cbd3ac4') in 0.013409 seconds
Number of updated asset objects reloaded before import = 0
Number of asset objects unloaded after import = 3
========================================================================
Received Import Request.
  Time since last request: 0.000051 seconds.
  path: Assets/tiles/tiles_packed_18.asset
  artifactKey: Guid(f95e6bb8a0fbd3642a91e6bd3e145f2f) Importer(815301076,1909f56bfc062723c751e8b465ee728b)
Start importing Assets/tiles/tiles_packed_18.asset using Guid(f95e6bb8a0fbd3642a91e6bd3e145f2f) Importer(815301076,1909f56bfc062723c751e8b465ee728b) [PhysX] Initialized MultithreadedTaskDispatcher with 8 workers.
 -> (artifact id: '3c2ddf951e9a8f5ad94d77c3cb8fe397') in 0.015351 seconds
Number of updated asset objects reloaded before import = 0
Number of asset objects unloaded after import = 3
========================================================================
Received Import Request.
  Time since last request: 0.000033 seconds.
  path: Assets/tiles/tiles_packed_29.asset
  artifactKey: Guid(0f79344a7224d2e4a953b0b5165d71e6) Importer(815301076,1909f56bfc062723c751e8b465ee728b)
Start importing Assets/tiles/tiles_packed_29.asset using Guid(0f79344a7224d2e4a953b0b5165d71e6) Importer(815301076,1909f56bfc062723c751e8b465ee728b) [PhysX] Initialized MultithreadedTaskDispatcher with 8 workers.
 -> (artifact id: 'e33db0e9421e4d6848083169f5f8b6c7') in 0.013831 seconds
Number of updated asset objects reloaded before import = 0
Number of asset objects unloaded after import = 3
========================================================================
Received Import Request.
  Time since last request: 0.000024 seconds.
  path: Assets/tiles/tiles_packed_23.asset
  artifactKey: Guid(92398d85527a16346a17c8b48b443c7b) Importer(815301076,1909f56bfc062723c751e8b465ee728b)
Start importing Assets/tiles/tiles_packed_23.asset using Guid(92398d85527a16346a17c8b48b443c7b) Importer(815301076,1909f56bfc062723c751e8b465ee728b) [PhysX] Initialized MultithreadedTaskDispatcher with 8 workers.
 -> (artifact id: '61a340e0689da14afa33587cbcfec059') in 0.016976 seconds
Number of updated asset objects reloaded before import = 0
Number of asset objects unloaded after import = 3
========================================================================
Received Import Request.
  Time since last request: 0.000030 seconds.
  path: Assets/tiles/tiles_packed_24.asset
  artifactKey: Guid(bf05782df554ec24e8d95ab7473a6365) Importer(815301076,1909f56bfc062723c751e8b465ee728b)
Start importing Assets/tiles/tiles_packed_24.asset using Guid(bf05782df554ec24e8d95ab7473a6365) Importer(815301076,1909f56bfc062723c751e8b465ee728b) [PhysX] Initialized MultithreadedTaskDispatcher with 8 workers.
 -> (artifact id: '5bce95d046653a672a68c26d6306b9dc') in 0.015970 seconds
Number of updated asset objects reloaded before import = 0
Number of asset objects unloaded after import = 3
========================================================================
Received Import Request.
  Time since last request: 0.000027 seconds.
  path: Assets/tiles/tiles_packed_21.asset
  artifactKey: Guid(c81f6e3bcec1ec04d839f9127afd0e56) Importer(815301076,1909f56bfc062723c751e8b465ee728b)
Start importing Assets/tiles/tiles_packed_21.asset using Guid(c81f6e3bcec1ec04d839f9127afd0e56) Importer(815301076,1909f56bfc062723c751e8b465ee728b) [PhysX] Initialized MultithreadedTaskDispatcher with 8 workers.
 -> (artifact id: 'd33f73d1dbca37b6e4125bd167966808') in 0.018546 seconds
Number of updated asset objects reloaded before import = 0
Number of asset objects unloaded after import = 3
========================================================================
Received Import Request.
  Time since last request: 0.000024 seconds.
  path: Assets/tiles/tiles_packed_26.asset
  artifactKey: Guid(55c1f4f00354885428efa39af50aacbb) Importer(815301076,1909f56bfc062723c751e8b465ee728b)
Start importing Assets/tiles/tiles_packed_26.asset using Guid(55c1f4f00354885428efa39af50aacbb) Importer(815301076,1909f56bfc062723c751e8b465ee728b) [PhysX] Initialized MultithreadedTaskDispatcher with 8 workers.
 -> (artifact id: 'eccd014a44f617285ba87cc6dea9491e') in 0.016114 seconds
Number of updated asset objects reloaded before import = 0
Number of asset objects unloaded after import = 3
========================================================================
Received Import Request.
  Time since last request: 0.000026 seconds.
  path: Assets/tiles/tiles_packed_12.asset
  artifactKey: Guid(509bf84e3a6683e4e8932e3fee34f46c) Importer(815301076,1909f56bfc062723c751e8b465ee728b)
Start importing Assets/tiles/tiles_packed_12.asset using Guid(509bf84e3a6683e4e8932e3fee34f46c) Importer(815301076,1909f56bfc062723c751e8b465ee728b) [PhysX] Initialized MultithreadedTaskDispatcher with 8 workers.
 -> (artifact id: '640e174089b5833869a9d813539f41b2') in 0.015099 seconds
Number of updated asset objects reloaded before import = 0
Number of asset objects unloaded after import = 3
========================================================================
Received Import Request.
  Time since last request: 0.000030 seconds.
  path: Assets/tiles/tiles_packed_31.asset
  artifactKey: Guid(246ab409ae5148344b31959777c97440) Importer(815301076,1909f56bfc062723c751e8b465ee728b)
Start importing Assets/tiles/tiles_packed_31.asset using Guid(246ab409ae5148344b31959777c97440) Importer(815301076,1909f56bfc062723c751e8b465ee728b) [PhysX] Initialized MultithreadedTaskDispatcher with 8 workers.
 -> (artifact id: 'ad737d0799a773d4ec4676001054baf4') in 0.007299 seconds
Number of updated asset objects reloaded before import = 0
Number of asset objects unloaded after import = 3
========================================================================
Received Import Request.
  Time since last request: 0.000037 seconds.
  path: Assets/tiles/tiles_packed_10.asset
  artifactKey: Guid(5bffc73bfa931cb43ba0772075eeafca) Importer(815301076,1909f56bfc062723c751e8b465ee728b)
Start importing Assets/tiles/tiles_packed_10.asset using Guid(5bffc73bfa931cb43ba0772075eeafca) Importer(815301076,1909f56bfc062723c751e8b465ee728b) [PhysX] Initialized MultithreadedTaskDispatcher with 8 workers.
 -> (artifact id: '0aee45676e233296b1b788b67fda6fc7') in 0.015239 seconds
Number of updated asset objects reloaded before import = 0
Number of asset objects unloaded after import = 3
========================================================================
Received Import Request.
  Time since last request: 0.000026 seconds.
  path: Assets/tiles/tiles_packed_30.asset
  artifactKey: Guid(6c09a587ddeb4e74db752e8ac21a902f) Importer(815301076,1909f56bfc062723c751e8b465ee728b)
Start importing Assets/tiles/tiles_packed_30.asset using Guid(6c09a587ddeb4e74db752e8ac21a902f) Importer(815301076,1909f56bfc062723c751e8b465ee728b) [PhysX] Initialized MultithreadedTaskDispatcher with 8 workers.
 -> (artifact id: '75f061b241cce9be4983fb132ecdc65e') in 0.016694 seconds
Number of updated asset objects reloaded before import = 0
Number of asset objects unloaded after import = 3
========================================================================
Received Import Request.
  Time since last request: 0.000025 seconds.
  path: Assets/tiles/tiles_packed_3.asset
  artifactKey: Guid(b9c8fa6cd2473384492f15bc28a8d01e) Importer(815301076,1909f56bfc062723c751e8b465ee728b)
Start importing Assets/tiles/tiles_packed_3.asset using Guid(b9c8fa6cd2473384492f15bc28a8d01e) Importer(815301076,1909f56bfc062723c751e8b465ee728b) [PhysX] Initialized MultithreadedTaskDispatcher with 8 workers.
 -> (artifact id: '6808d8ee033d041bf92204ce43606227') in 0.005673 seconds
Number of updated asset objects reloaded before import = 0
Number of asset objects unloaded after import = 3
========================================================================
Received Import Request.
  Time since last request: 0.553752 seconds.
  path: Assets/tiles/tiles_packed_37.asset
  artifactKey: Guid(8ae06f1e613c6ba4b85e88f5d0793f64) Importer(815301076,1909f56bfc062723c751e8b465ee728b)
Start importing Assets/tiles/tiles_packed_37.asset using Guid(8ae06f1e613c6ba4b85e88f5d0793f64) Importer(815301076,1909f56bfc062723c751e8b465ee728b) [PhysX] Initialized MultithreadedTaskDispatcher with 8 workers.
 -> (artifact id: '3518dc92f6e1cd741c0a17e76baf1931') in 0.012904 seconds
Number of updated asset objects reloaded before import = 0
Number of asset objects unloaded after import = 3
========================================================================
Received Import Request.
  Time since last request: 0.000029 seconds.
  path: Assets/tiles/tiles_packed_40.asset
  artifactKey: Guid(e984b4b349e2f8a4895003b3d4c0e5ba) Importer(815301076,1909f56bfc062723c751e8b465ee728b)
Start importing Assets/tiles/tiles_packed_40.asset using Guid(e984b4b349e2f8a4895003b3d4c0e5ba) Importer(815301076,1909f56bfc062723c751e8b465ee728b) [PhysX] Initialized MultithreadedTaskDispatcher with 8 workers.
 -> (artifact id: 'b462e45ec1155b36bc9237412ea308a5') in 0.013557 seconds
Number of updated asset objects reloaded before import = 0
Number of asset objects unloaded after import = 3
========================================================================
Received Import Request.
  Time since last request: 0.000022 seconds.
  path: Assets/tiles/tiles_packed_47.asset
  artifactKey: Guid(3e6a75275cd3863418efb1d0bd27d547) Importer(815301076,1909f56bfc062723c751e8b465ee728b)
Start importing Assets/tiles/tiles_packed_47.asset using Guid(3e6a75275cd3863418efb1d0bd27d547) Importer(815301076,1909f56bfc062723c751e8b465ee728b) [PhysX] Initialized MultithreadedTaskDispatcher with 8 workers.
 -> (artifact id: 'ac798d19f8c52534878d811a292035ed') in 0.007844 seconds
Number of updated asset objects reloaded before import = 0
Number of asset objects unloaded after import = 3
========================================================================
Received Import Request.
  Time since last request: 0.000020 seconds.
  path: Assets/tiles/tiles_packed_54.asset
  artifactKey: Guid(bb657b9c8155b5245ae04c8867803cc7) Importer(815301076,1909f56bfc062723c751e8b465ee728b)
Start importing Assets/tiles/tiles_packed_54.asset using Guid(bb657b9c8155b5245ae04c8867803cc7) Importer(815301076,1909f56bfc062723c751e8b465ee728b) [PhysX] Initialized MultithreadedTaskDispatcher with 8 workers.
 -> (artifact id: 'e4cb7fca6a18ce4d7502acaef306ee37') in 0.013997 seconds
Number of updated asset objects reloaded before import = 0
Number of asset objects unloaded after import = 3
========================================================================
Received Import Request.
  Time since last request: 0.000023 seconds.
  path: Assets/tiles/tiles_packed_60.asset
  artifactKey: Guid(b665c60f7cb2e384d88b195224021a0b) Importer(815301076,1909f56bfc062723c751e8b465ee728b)
Start importing Assets/tiles/tiles_packed_60.asset using Guid(b665c60f7cb2e384d88b195224021a0b) Importer(815301076,1909f56bfc062723c751e8b465ee728b) [PhysX] Initialized MultithreadedTaskDispatcher with 8 workers.
 -> (artifact id: 'bc3d639253767627751a74bfd31dc7d0') in 0.014353 seconds
Number of updated asset objects reloaded before import = 0
Number of asset objects unloaded after import = 3
========================================================================
Received Import Request.
  Time since last request: 0.000029 seconds.
  path: Assets/tiles/tiles_packed_65.asset
  artifactKey: Guid(adfffab73b66444448c4cab87e88b42d) Importer(815301076,1909f56bfc062723c751e8b465ee728b)
Start importing Assets/tiles/tiles_packed_65.asset using Guid(adfffab73b66444448c4cab87e88b42d) Importer(815301076,1909f56bfc062723c751e8b465ee728b) [PhysX] Initialized MultithreadedTaskDispatcher with 8 workers.
 -> (artifact id: 'f8c8b3de9b8b1963e4e5ca6c58ef8cb0') in 0.014944 seconds
Number of updated asset objects reloaded before import = 0
Number of asset objects unloaded after import = 3
========================================================================
Received Import Request.
  Time since last request: 0.000029 seconds.
  path: Assets/tiles/tiles_packed_41.asset
  artifactKey: Guid(08a5a9df8d6cc594f81977888a34a688) Importer(815301076,1909f56bfc062723c751e8b465ee728b)
Start importing Assets/tiles/tiles_packed_41.asset using Guid(08a5a9df8d6cc594f81977888a34a688) Importer(815301076,1909f56bfc062723c751e8b465ee728b) [PhysX] Initialized MultithreadedTaskDispatcher with 8 workers.
 -> (artifact id: 'cacaf94af499c8b97f2fcf9226156df9') in 0.015639 seconds
Number of updated asset objects reloaded before import = 0
Number of asset objects unloaded after import = 3
========================================================================
Received Import Request.
  Time since last request: 0.000022 seconds.
  path: Assets/tiles/tiles_packed_42.asset
  artifactKey: Guid(6faf1aac867720e4681e013e7dcfb941) Importer(815301076,1909f56bfc062723c751e8b465ee728b)
Start importing Assets/tiles/tiles_packed_42.asset using Guid(6faf1aac867720e4681e013e7dcfb941) Importer(815301076,1909f56bfc062723c751e8b465ee728b) [PhysX] Initialized MultithreadedTaskDispatcher with 8 workers.
 -> (artifact id: '66c98961b09be28c08a211c197f9b983') in 0.015004 seconds
Number of updated asset objects reloaded before import = 0
Number of asset objects unloaded after import = 3
========================================================================
Received Import Request.
  Time since last request: 0.000036 seconds.
  path: Assets/tiles/tiles_packed_59.asset
  artifactKey: Guid(53060bc939ab76444a598f21649591be) Importer(815301076,1909f56bfc062723c751e8b465ee728b)
Start importing Assets/tiles/tiles_packed_59.asset using Guid(53060bc939ab76444a598f21649591be) Importer(815301076,1909f56bfc062723c751e8b465ee728b) [PhysX] Initialized MultithreadedTaskDispatcher with 8 workers.
 -> (artifact id: 'ba3c6499a53b8f41e08479aa73aac29b') in 0.014100 seconds
Number of updated asset objects reloaded before import = 0
Number of asset objects unloaded after import = 3
========================================================================
Received Import Request.
  Time since last request: 0.000023 seconds.
  path: Assets/tiles/tiles_packed_63.asset
  artifactKey: Guid(3c50672c16cd90f4088e4778de3f8e37) Importer(815301076,1909f56bfc062723c751e8b465ee728b)
Start importing Assets/tiles/tiles_packed_63.asset using Guid(3c50672c16cd90f4088e4778de3f8e37) Importer(815301076,1909f56bfc062723c751e8b465ee728b) [PhysX] Initialized MultithreadedTaskDispatcher with 8 workers.
 -> (artifact id: 'a3a17d6c2dea6f232819d693fcea7ed0') in 0.014989 seconds
Number of updated asset objects reloaded before import = 0
Number of asset objects unloaded after import = 3
========================================================================
Received Import Request.
  Time since last request: 0.000021 seconds.
  path: Assets/tiles/tiles_packed_72.asset
  artifactKey: Guid(9567a2ba486ee4943ac34eb54d196d44) Importer(815301076,1909f56bfc062723c751e8b465ee728b)
Start importing Assets/tiles/tiles_packed_72.asset using Guid(9567a2ba486ee4943ac34eb54d196d44) Importer(815301076,1909f56bfc062723c751e8b465ee728b) [PhysX] Initialized MultithreadedTaskDispatcher with 8 workers.
 -> (artifact id: '74e7f7051b3003a50118b84bc84137a5') in 0.014433 seconds
Number of updated asset objects reloaded before import = 0
Number of asset objects unloaded after import = 3
========================================================================
Received Import Request.
  Time since last request: 0.000028 seconds.
  path: Assets/tiles/tiles_packed_52.asset
  artifactKey: Guid(cf749cd4d7a79994aa2c9c5fe0ff794c) Importer(815301076,1909f56bfc062723c751e8b465ee728b)
Start importing Assets/tiles/tiles_packed_52.asset using Guid(cf749cd4d7a79994aa2c9c5fe0ff794c) Importer(815301076,1909f56bfc062723c751e8b465ee728b) [PhysX] Initialized MultithreadedTaskDispatcher with 8 workers.
 -> (artifact id: 'c6aed0fae7d1f68470a2b8fabe767f79') in 0.014812 seconds
Number of updated asset objects reloaded before import = 0
Number of asset objects unloaded after import = 3
========================================================================
Received Import Request.
  Time since last request: 0.000036 seconds.
  path: Assets/tiles/tiles_packed_53.asset
  artifactKey: Guid(5107728ee7e177146a9c3056dc269225) Importer(815301076,1909f56bfc062723c751e8b465ee728b)
Start importing Assets/tiles/tiles_packed_53.asset using Guid(5107728ee7e177146a9c3056dc269225) Importer(815301076,1909f56bfc062723c751e8b465ee728b) [PhysX] Initialized MultithreadedTaskDispatcher with 8 workers.
 -> (artifact id: '4517cde41b63c2f7143fae3f3afe162c') in 0.015808 seconds
Number of updated asset objects reloaded before import = 0
Number of asset objects unloaded after import = 3
========================================================================
Received Import Request.
  Time since last request: 0.000031 seconds.
  path: Assets/tiles/tiles_packed_70.asset
  artifactKey: Guid(baff901fc49493048ad689123b6c7ab3) Importer(815301076,1909f56bfc062723c751e8b465ee728b)
Start importing Assets/tiles/tiles_packed_70.asset using Guid(baff901fc49493048ad689123b6c7ab3) Importer(815301076,1909f56bfc062723c751e8b465ee728b) [PhysX] Initialized MultithreadedTaskDispatcher with 8 workers.
 -> (artifact id: '2b4f31eb20e3a8169341554f17e97ab4') in 0.015564 seconds
Number of updated asset objects reloaded before import = 0
Number of asset objects unloaded after import = 3
========================================================================
Received Import Request.
  Time since last request: 0.000036 seconds.
  path: Assets/tiles/tiles_packed_71.asset
  artifactKey: Guid(741d42831e28ba64ab8aab2bde106de5) Importer(815301076,1909f56bfc062723c751e8b465ee728b)
Start importing Assets/tiles/tiles_packed_71.asset using Guid(741d42831e28ba64ab8aab2bde106de5) Importer(815301076,1909f56bfc062723c751e8b465ee728b) [PhysX] Initialized MultithreadedTaskDispatcher with 8 workers.
 -> (artifact id: 'f67d59db25922015ae48d77026dd63cc') in 0.016034 seconds
Number of updated asset objects reloaded before import = 0
Number of asset objects unloaded after import = 3
========================================================================
Received Import Request.
  Time since last request: 0.000026 seconds.
  path: Assets/tiles/tiles_packed_49.asset
  artifactKey: Guid(83ef01aceca63764fae3719a5685bba7) Importer(815301076,1909f56bfc062723c751e8b465ee728b)
Start importing Assets/tiles/tiles_packed_49.asset using Guid(83ef01aceca63764fae3719a5685bba7) Importer(815301076,1909f56bfc062723c751e8b465ee728b) [PhysX] Initialized MultithreadedTaskDispatcher with 8 workers.
 -> (artifact id: '3d38c387cae40d553f9444bc5beeb342') in 0.007136 seconds
Number of updated asset objects reloaded before import = 0
Number of asset objects unloaded after import = 3
========================================================================
Received Import Request.
  Time since last request: 0.000043 seconds.
  path: Assets/tiles/tiles_packed_68.asset
  artifactKey: Guid(824cb4411d0b0db4d9652289b1dc081f) Importer(815301076,1909f56bfc062723c751e8b465ee728b)
Start importing Assets/tiles/tiles_packed_68.asset using Guid(824cb4411d0b0db4d9652289b1dc081f) Importer(815301076,1909f56bfc062723c751e8b465ee728b) [PhysX] Initialized MultithreadedTaskDispatcher with 8 workers.
 -> (artifact id: '70daa14ac21058859ceb927edd0fd18c') in 0.016763 seconds
Number of updated asset objects reloaded before import = 0
Number of asset objects unloaded after import = 3
========================================================================
Received Import Request.
  Time since last request: 0.000028 seconds.
  path: Assets/tiles/tiles_packed_78.asset
  artifactKey: Guid(025621d994c19a74c9bedd31941cf919) Importer(815301076,1909f56bfc062723c751e8b465ee728b)
Start importing Assets/tiles/tiles_packed_78.asset using Guid(025621d994c19a74c9bedd31941cf919) Importer(815301076,1909f56bfc062723c751e8b465ee728b) [PhysX] Initialized MultithreadedTaskDispatcher with 8 workers.
 -> (artifact id: '4aef1d1dbecb96aafb620c45b88056a3') in 0.012849 seconds
Number of updated asset objects reloaded before import = 0
Number of asset objects unloaded after import = 3
========================================================================
Received Import Request.
  Time since last request: 0.000020 seconds.
  path: Assets/tiles/tiles_packed_87.asset
  artifactKey: Guid(972d73795c8de9843a5c818c90065d9f) Importer(815301076,1909f56bfc062723c751e8b465ee728b)
Start importing Assets/tiles/tiles_packed_87.asset using Guid(972d73795c8de9843a5c818c90065d9f) Importer(815301076,1909f56bfc062723c751e8b465ee728b) [PhysX] Initialized MultithreadedTaskDispatcher with 8 workers.
 -> (artifact id: 'b81af7e747d5c0fe3a3f44f665bfc1cf') in 0.007930 seconds
Number of updated asset objects reloaded before import = 0
Number of asset objects unloaded after import = 3
========================================================================
Received Import Request.
  Time since last request: 0.000028 seconds.
  path: Assets/tiles/tiles_packed_90.asset
  artifactKey: Guid(eae1d6b55bc110945a6aaf9f21aa3320) Importer(815301076,1909f56bfc062723c751e8b465ee728b)
Start importing Assets/tiles/tiles_packed_90.asset using Guid(eae1d6b55bc110945a6aaf9f21aa3320) Importer(815301076,1909f56bfc062723c751e8b465ee728b) [PhysX] Initialized MultithreadedTaskDispatcher with 8 workers.
 -> (artifact id: 'da09453947f4ff76314f1fd0ae07a3f9') in 0.014200 seconds
Number of updated asset objects reloaded before import = 0
Number of asset objects unloaded after import = 3
========================================================================
Received Import Request.
  Time since last request: 0.000032 seconds.
  path: Assets/tiles/tiles_packed_107.asset
  artifactKey: Guid(152f6aea333db7745a7f9324a6056a89) Importer(815301076,1909f56bfc062723c751e8b465ee728b)
Start importing Assets/tiles/tiles_packed_107.asset using Guid(152f6aea333db7745a7f9324a6056a89) Importer(815301076,1909f56bfc062723c751e8b465ee728b) [PhysX] Initialized MultithreadedTaskDispatcher with 8 workers.
 -> (artifact id: '1851d2955b4d1824e7bc60526ba9bbe7') in 0.015539 seconds
Number of updated asset objects reloaded before import = 0
Number of asset objects unloaded after import = 3
========================================================================
Received Import Request.
  Time since last request: 0.000069 seconds.
  path: Assets/tiles/tiles_packed_99.asset
  artifactKey: Guid(0521f169806f68d44991b77b146e4ac8) Importer(815301076,1909f56bfc062723c751e8b465ee728b)
Start importing Assets/tiles/tiles_packed_99.asset using Guid(0521f169806f68d44991b77b146e4ac8) Importer(815301076,1909f56bfc062723c751e8b465ee728b) [PhysX] Initialized MultithreadedTaskDispatcher with 8 workers.
 -> (artifact id: '0bb88df88d80ddae40fa14aa3fdc9ccb') in 0.014479 seconds
Number of updated asset objects reloaded before import = 0
Number of asset objects unloaded after import = 3
========================================================================
Received Import Request.
  Time since last request: 0.000020 seconds.
  path: Assets/tiles/tiles_packed_74.asset
  artifactKey: Guid(d4bef02f8f52ff94982f9b84f7fc4a48) Importer(815301076,1909f56bfc062723c751e8b465ee728b)
Start importing Assets/tiles/tiles_packed_74.asset using Guid(d4bef02f8f52ff94982f9b84f7fc4a48) Importer(815301076,1909f56bfc062723c751e8b465ee728b) [PhysX] Initialized MultithreadedTaskDispatcher with 8 workers.
 -> (artifact id: '71ae58ef21cbf62c1a990c6d88877f31') in 0.007672 seconds
Number of updated asset objects reloaded before import = 0
Number of asset objects unloaded after import = 3
========================================================================
Received Import Request.
  Time since last request: 0.000027 seconds.
  path: Assets/tiles/tiles_packed_85.asset
  artifactKey: Guid(7bbbd56692213794eb9cc1547daa4a3b) Importer(815301076,1909f56bfc062723c751e8b465ee728b)
Start importing Assets/tiles/tiles_packed_85.asset using Guid(7bbbd56692213794eb9cc1547daa4a3b) Importer(815301076,1909f56bfc062723c751e8b465ee728b) [PhysX] Initialized MultithreadedTaskDispatcher with 8 workers.
 -> (artifact id: '66a2d35588174c489f550e44abda6b78') in 0.014919 seconds
Number of updated asset objects reloaded before import = 0
Number of asset objects unloaded after import = 3
========================================================================
Received Import Request.
  Time since last request: 0.000022 seconds.
  path: Assets/tiles/tiles_packed_97.asset
  artifactKey: Guid(5633053fa8c924f4d8393ec911a6825c) Importer(815301076,1909f56bfc062723c751e8b465ee728b)
Start importing Assets/tiles/tiles_packed_97.asset using Guid(5633053fa8c924f4d8393ec911a6825c) Importer(815301076,1909f56bfc062723c751e8b465ee728b) [PhysX] Initialized MultithreadedTaskDispatcher with 8 workers.
 -> (artifact id: '71c64b2f2a4fdac63ce6bbba398b613f') in 0.014669 seconds
Number of updated asset objects reloaded before import = 0
Number of asset objects unloaded after import = 3
========================================================================
Received Import Request.
  Time since last request: 0.000037 seconds.
  path: Assets/tiles/tiles_packed_79.asset
  artifactKey: Guid(641987b098ad2e6408419915b387b145) Importer(815301076,1909f56bfc062723c751e8b465ee728b)
Start importing Assets/tiles/tiles_packed_79.asset using Guid(641987b098ad2e6408419915b387b145) Importer(815301076,1909f56bfc062723c751e8b465ee728b) [PhysX] Initialized MultithreadedTaskDispatcher with 8 workers.
 -> (artifact id: '0dbd709d56bddd2ac5dfebf52a867818') in 0.015123 seconds
Number of updated asset objects reloaded before import = 0
Number of asset objects unloaded after import = 3
========================================================================
Received Import Request.
  Time since last request: 0.000026 seconds.
  path: Assets/tiles/tiles_packed_94.asset
  artifactKey: Guid(d9466e9541cf4cd4087abb39af0ee6c5) Importer(815301076,1909f56bfc062723c751e8b465ee728b)
Start importing Assets/tiles/tiles_packed_94.asset using Guid(d9466e9541cf4cd4087abb39af0ee6c5) Importer(815301076,1909f56bfc062723c751e8b465ee728b) [PhysX] Initialized MultithreadedTaskDispatcher with 8 workers.
 -> (artifact id: 'dec1e2cc42f3ee9e373ae58316b8448a') in 0.013959 seconds
Number of updated asset objects reloaded before import = 0
Number of asset objects unloaded after import = 3
========================================================================
Received Import Request.
  Time since last request: 0.000025 seconds.
  path: Assets/tiles/tiles_packed_83.asset
  artifactKey: Guid(8fa4892bffa11f2499191f2b2e338b5f) Importer(815301076,1909f56bfc062723c751e8b465ee728b)
Start importing Assets/tiles/tiles_packed_83.asset using Guid(8fa4892bffa11f2499191f2b2e338b5f) Importer(815301076,1909f56bfc062723c751e8b465ee728b) [PhysX] Initialized MultithreadedTaskDispatcher with 8 workers.
 -> (artifact id: 'd08dafad6c774dc5fea650a1eba42adb') in 0.015737 seconds
Number of updated asset objects reloaded before import = 0
Number of asset objects unloaded after import = 3
========================================================================
Received Import Request.
  Time since last request: 0.000064 seconds.
  path: Assets/tiles/tiles_packed_102.asset
  artifactKey: Guid(f7d47dc9f58e682418d30cf9096180c4) Importer(815301076,1909f56bfc062723c751e8b465ee728b)
Start importing Assets/tiles/tiles_packed_102.asset using Guid(f7d47dc9f58e682418d30cf9096180c4) Importer(815301076,1909f56bfc062723c751e8b465ee728b) [PhysX] Initialized MultithreadedTaskDispatcher with 8 workers.
 -> (artifact id: 'd67581dd3b3eae8f9722d28302ad86c0') in 0.015902 seconds
Number of updated asset objects reloaded before import = 0
Number of asset objects unloaded after import = 3
========================================================================
Received Import Request.
  Time since last request: 0.000020 seconds.
  path: Assets/tiles/tiles_packed_104.asset
  artifactKey: Guid(4cc4e95077a2a0e428b4c17f09f1f697) Importer(815301076,1909f56bfc062723c751e8b465ee728b)
Start importing Assets/tiles/tiles_packed_104.asset using Guid(4cc4e95077a2a0e428b4c17f09f1f697) Importer(815301076,1909f56bfc062723c751e8b465ee728b) [PhysX] Initialized MultithreadedTaskDispatcher with 8 workers.
 -> (artifact id: 'daae7f7f1120a3223ef372870a698fe9') in 0.014456 seconds
Number of updated asset objects reloaded before import = 0
Number of asset objects unloaded after import = 3
========================================================================
Received Import Request.
  Time since last request: 0.000028 seconds.
  path: Assets/tiles/tiles_packed_77.asset
  artifactKey: Guid(f62496a93db05214f923216b37e65330) Importer(815301076,1909f56bfc062723c751e8b465ee728b)
Start importing Assets/tiles/tiles_packed_77.asset using Guid(f62496a93db05214f923216b37e65330) Importer(815301076,1909f56bfc062723c751e8b465ee728b) [PhysX] Initialized MultithreadedTaskDispatcher with 8 workers.
 -> (artifact id: '57f1a7f9819cd6621e9ef93ef7ded92a') in 0.015412 seconds
Number of updated asset objects reloaded before import = 0
Number of asset objects unloaded after import = 3
========================================================================
Received Import Request.
  Time since last request: 0.000025 seconds.
  path: Assets/tiles/tiles_packed_89.asset
  artifactKey: Guid(3b1b6390deb1b0e43aeda0fd57b02944) Importer(815301076,1909f56bfc062723c751e8b465ee728b)
Start importing Assets/tiles/tiles_packed_89.asset using Guid(3b1b6390deb1b0e43aeda0fd57b02944) Importer(815301076,1909f56bfc062723c751e8b465ee728b) [PhysX] Initialized MultithreadedTaskDispatcher with 8 workers.
 -> (artifact id: '9e514b35756da07863ff14e71440d829') in 0.007075 seconds
Number of updated asset objects reloaded before import = 0
Number of asset objects unloaded after import = 3
========================================================================
Received Import Request.
  Time since last request: 0.000028 seconds.
  path: Assets/tiles/tiles_packed_101.asset
  artifactKey: Guid(c2e301a803336b648bf696af63c68073) Importer(815301076,1909f56bfc062723c751e8b465ee728b)
Start importing Assets/tiles/tiles_packed_101.asset using Guid(c2e301a803336b648bf696af63c68073) Importer(815301076,1909f56bfc062723c751e8b465ee728b) [PhysX] Initialized MultithreadedTaskDispatcher with 8 workers.
 -> (artifact id: '4f4d02397404e224416d4bac0f9a8924') in 0.015901 seconds
Number of updated asset objects reloaded before import = 0
Number of asset objects unloaded after import = 3
========================================================================
Received Import Request.
  Time since last request: 0.000043 seconds.
  path: Assets/tiles/tiles_packed_100.asset
  artifactKey: Guid(6901376d5f0765d40b752f9767f5f6de) Importer(815301076,1909f56bfc062723c751e8b465ee728b)
Start importing Assets/tiles/tiles_packed_100.asset using Guid(6901376d5f0765d40b752f9767f5f6de) Importer(815301076,1909f56bfc062723c751e8b465ee728b) [PhysX] Initialized MultithreadedTaskDispatcher with 8 workers.
 -> (artifact id: '92d6d37d197ae12ed1e018a91270adee') in 0.014510 seconds
Number of updated asset objects reloaded before import = 0
Number of asset objects unloaded after import = 3
========================================================================
Received Import Request.
  Time since last request: 0.000040 seconds.
  path: Assets/tiles/tiles_packed_125.asset
  artifactKey: Guid(83137903b6fd87e46b044fdfdeb6000c) Importer(815301076,1909f56bfc062723c751e8b465ee728b)
Start importing Assets/tiles/tiles_packed_125.asset using Guid(83137903b6fd87e46b044fdfdeb6000c) Importer(815301076,1909f56bfc062723c751e8b465ee728b) [PhysX] Initialized MultithreadedTaskDispatcher with 8 workers.
 -> (artifact id: '73b4dbd27802d06ac23d7949c6fe23ce') in 0.014424 seconds
Number of updated asset objects reloaded before import = 0
Number of asset objects unloaded after import = 3
========================================================================
Received Import Request.
  Time since last request: 0.000027 seconds.
  path: Assets/tiles/tiles_packed_133.asset
  artifactKey: Guid(3aa6b73a4b25b7d42938370c24a1df0f) Importer(815301076,1909f56bfc062723c751e8b465ee728b)
Start importing Assets/tiles/tiles_packed_133.asset using Guid(3aa6b73a4b25b7d42938370c24a1df0f) Importer(815301076,1909f56bfc062723c751e8b465ee728b) [PhysX] Initialized MultithreadedTaskDispatcher with 8 workers.
 -> (artifact id: '06d4ce8591e39f2461c1f2a777bff03a') in 0.007596 seconds
Number of updated asset objects reloaded before import = 0
Number of asset objects unloaded after import = 3
========================================================================
Received Import Request.
  Time since last request: 0.000026 seconds.
  path: Assets/tiles/tiles_packed_142.asset
  artifactKey: Guid(63a74413e35f3da47a3842d51d44abac) Importer(815301076,1909f56bfc062723c751e8b465ee728b)
Start importing Assets/tiles/tiles_packed_142.asset using Guid(63a74413e35f3da47a3842d51d44abac) Importer(815301076,1909f56bfc062723c751e8b465ee728b) [PhysX] Initialized MultithreadedTaskDispatcher with 8 workers.
 -> (artifact id: 'f41297e4d0b67a8fbdaa687aea6b2f4e') in 0.014735 seconds
Number of updated asset objects reloaded before import = 0
Number of asset objects unloaded after import = 3
========================================================================
Received Import Request.
  Time since last request: 0.000025 seconds.
  path: Assets/tiles/tiles_packed_144.asset
  artifactKey: Guid(9a3c3617096e27549960d55b006720cf) Importer(815301076,1909f56bfc062723c751e8b465ee728b)
Start importing Assets/tiles/tiles_packed_144.asset using Guid(9a3c3617096e27549960d55b006720cf) Importer(815301076,1909f56bfc062723c751e8b465ee728b) [PhysX] Initialized MultithreadedTaskDispatcher with 8 workers.
 -> (artifact id: '498d37bc5bb86514f57dbd25ea7e999a') in 0.015714 seconds
Number of updated asset objects reloaded before import = 0
Number of asset objects unloaded after import = 3
========================================================================
Received Import Request.
  Time since last request: 0.000034 seconds.
  path: Assets/tiles/tiles_packed_141.asset
  artifactKey: Guid(3122a5580971bf641b48b6f7f5efdf4a) Importer(815301076,1909f56bfc062723c751e8b465ee728b)
Start importing Assets/tiles/tiles_packed_141.asset using Guid(3122a5580971bf641b48b6f7f5efdf4a) Importer(815301076,1909f56bfc062723c751e8b465ee728b) [PhysX] Initialized MultithreadedTaskDispatcher with 8 workers.
 -> (artifact id: 'ad658db8dbb374feba555fc65e6a7a98') in 0.014321 seconds
Number of updated asset objects reloaded before import = 0
Number of asset objects unloaded after import = 3
========================================================================
Received Import Request.
  Time since last request: 0.000030 seconds.
  path: Assets/tiles/tiles_packed_130.asset
  artifactKey: Guid(639687f522c923a459975637b122152b) Importer(815301076,1909f56bfc062723c751e8b465ee728b)
Start importing Assets/tiles/tiles_packed_130.asset using Guid(639687f522c923a459975637b122152b) Importer(815301076,1909f56bfc062723c751e8b465ee728b) [PhysX] Initialized MultithreadedTaskDispatcher with 8 workers.
 -> (artifact id: 'bd12c5be35015749079c9b1357731888') in 0.014200 seconds
Number of updated asset objects reloaded before import = 0
Number of asset objects unloaded after import = 3
========================================================================
Received Import Request.
  Time since last request: 0.000024 seconds.
  path: Assets/tiles/tiles_packed_145.asset
  artifactKey: Guid(0d202859487662d419f1a487267479e4) Importer(815301076,1909f56bfc062723c751e8b465ee728b)
Start importing Assets/tiles/tiles_packed_145.asset using Guid(0d202859487662d419f1a487267479e4) Importer(815301076,1909f56bfc062723c751e8b465ee728b) [PhysX] Initialized MultithreadedTaskDispatcher with 8 workers.
 -> (artifact id: '7aa7f9b7331944b04f12d83d1b63b3bb') in 0.014232 seconds
Number of updated asset objects reloaded before import = 0
Number of asset objects unloaded after import = 3
========================================================================
Received Import Request.
  Time since last request: 0.000027 seconds.
  path: Assets/tiles/tiles_packed_143.asset
  artifactKey: Guid(f9d1ad060111ab044b6e192479521518) Importer(815301076,1909f56bfc062723c751e8b465ee728b)
Start importing Assets/tiles/tiles_packed_143.asset using Guid(f9d1ad060111ab044b6e192479521518) Importer(815301076,1909f56bfc062723c751e8b465ee728b) [PhysX] Initialized MultithreadedTaskDispatcher with 8 workers.
 -> (artifact id: '8aa2fadc1fc5e7d267c0eb5798059517') in 0.016005 seconds
Number of updated asset objects reloaded before import = 0
Number of asset objects unloaded after import = 3
========================================================================
Received Import Request.
  Time since last request: 0.000025 seconds.
  path: Assets/tiles/tiles_packed_117.asset
  artifactKey: Guid(0ed0313f28e184140bd714ec1b56a544) Importer(815301076,1909f56bfc062723c751e8b465ee728b)
Start importing Assets/tiles/tiles_packed_117.asset using Guid(0ed0313f28e184140bd714ec1b56a544) Importer(815301076,1909f56bfc062723c751e8b465ee728b) [PhysX] Initialized MultithreadedTaskDispatcher with 8 workers.
 -> (artifact id: '60674fede2969b0acd92e1da638dd5aa') in 0.020246 seconds
Number of updated asset objects reloaded before import = 0
Number of asset objects unloaded after import = 3
========================================================================
Received Import Request.
  Time since last request: 0.000036 seconds.
  path: Assets/tiles/tiles_packed_134.asset
  artifactKey: Guid(09a389e8f212c95459b152692d9fbf0e) Importer(815301076,1909f56bfc062723c751e8b465ee728b)
Start importing Assets/tiles/tiles_packed_134.asset using Guid(09a389e8f212c95459b152692d9fbf0e) Importer(815301076,1909f56bfc062723c751e8b465ee728b) [PhysX] Initialized MultithreadedTaskDispatcher with 8 workers.
 -> (artifact id: 'ebf4fed1f45ec74842c21d292f733621') in 0.009572 seconds
Number of updated asset objects reloaded before import = 0
Number of asset objects unloaded after import = 3
========================================================================
Received Import Request.
  Time since last request: 0.000034 seconds.
  path: Assets/tiles/tiles_packed_115.asset
  artifactKey: Guid(3ddfb9edce4d08f4198c60fa462599fc) Importer(815301076,1909f56bfc062723c751e8b465ee728b)
Start importing Assets/tiles/tiles_packed_115.asset using Guid(3ddfb9edce4d08f4198c60fa462599fc) Importer(815301076,1909f56bfc062723c751e8b465ee728b) [PhysX] Initialized MultithreadedTaskDispatcher with 8 workers.
 -> (artifact id: 'b3a897425d08f3687d335a1d1b30352b') in 0.017988 seconds
Number of updated asset objects reloaded before import = 0
Number of asset objects unloaded after import = 3
========================================================================
Received Import Request.
  Time since last request: 0.000027 seconds.
  path: Assets/tiles/tiles_packed_122.asset
  artifactKey: Guid(92548527646643d4ca9307716d43bc13) Importer(815301076,1909f56bfc062723c751e8b465ee728b)
Start importing Assets/tiles/tiles_packed_122.asset using Guid(92548527646643d4ca9307716d43bc13) Importer(815301076,1909f56bfc062723c751e8b465ee728b) [PhysX] Initialized MultithreadedTaskDispatcher with 8 workers.
 -> (artifact id: '6c02aad4ce6a4a4c986872676b1804e0') in 0.015585 seconds
Number of updated asset objects reloaded before import = 0
Number of asset objects unloaded after import = 3
========================================================================
Received Import Request.
  Time since last request: 0.000034 seconds.
  path: Assets/tiles/tiles_packed_129.asset
  artifactKey: Guid(678f3a1f086ecf54f98bc7b6a31a853f) Importer(815301076,1909f56bfc062723c751e8b465ee728b)
Start importing Assets/tiles/tiles_packed_129.asset using Guid(678f3a1f086ecf54f98bc7b6a31a853f) Importer(815301076,1909f56bfc062723c751e8b465ee728b) [PhysX] Initialized MultithreadedTaskDispatcher with 8 workers.
 -> (artifact id: '10006c6c7fd6a22823ce3fd7138c2d52') in 0.014485 seconds
Number of updated asset objects reloaded before import = 0
Number of asset objects unloaded after import = 3
========================================================================
Received Import Request.
  Time since last request: 0.000023 seconds.
  path: Assets/tiles/tiles_packed_146.asset
  artifactKey: Guid(997af1e38a75b104c917c5cfa3b86855) Importer(815301076,1909f56bfc062723c751e8b465ee728b)
Start importing Assets/tiles/tiles_packed_146.asset using Guid(997af1e38a75b104c917c5cfa3b86855) Importer(815301076,1909f56bfc062723c751e8b465ee728b) [PhysX] Initialized MultithreadedTaskDispatcher with 8 workers.
 -> (artifact id: '8fbeeb062bbd8aa0e6e270583383f772') in 0.014601 seconds
Number of updated asset objects reloaded before import = 0
Number of asset objects unloaded after import = 3
========================================================================
Received Import Request.
  Time since last request: 0.000033 seconds.
  path: Assets/tiles/tiles_packed_114.asset
  artifactKey: Guid(d18deedbaad6b5a4287986b4364e312c) Importer(815301076,1909f56bfc062723c751e8b465ee728b)
Start importing Assets/tiles/tiles_packed_114.asset using Guid(d18deedbaad6b5a4287986b4364e312c) Importer(815301076,1909f56bfc062723c751e8b465ee728b) [PhysX] Initialized MultithreadedTaskDispatcher with 8 workers.
 -> (artifact id: 'a72d8ce9b32a33c640a8fe83b20f1de5') in 0.014718 seconds
Number of updated asset objects reloaded before import = 0
Number of asset objects unloaded after import = 3
========================================================================
Received Import Request.
  Time since last request: 0.000043 seconds.
  path: Assets/tiles/tiles_packed_128.asset
  artifactKey: Guid(bedb8cae7e0ca9e4591dbd3f0661d138) Importer(815301076,1909f56bfc062723c751e8b465ee728b)
Start importing Assets/tiles/tiles_packed_128.asset using Guid(bedb8cae7e0ca9e4591dbd3f0661d138) Importer(815301076,1909f56bfc062723c751e8b465ee728b) [PhysX] Initialized MultithreadedTaskDispatcher with 8 workers.
 -> (artifact id: '87ee2baab0a1b9c28f3d0f0254bbe018') in 0.014244 seconds
Number of updated asset objects reloaded before import = 0
Number of asset objects unloaded after import = 3
========================================================================
Received Import Request.
  Time since last request: 0.000028 seconds.
  path: Assets/tiles/tiles_packed_119.asset
  artifactKey: Guid(5aff2533d2d13044fb2a744bd1795f8a) Importer(815301076,1909f56bfc062723c751e8b465ee728b)
Start importing Assets/tiles/tiles_packed_119.asset using Guid(5aff2533d2d13044fb2a744bd1795f8a) Importer(815301076,1909f56bfc062723c751e8b465ee728b) [PhysX] Initialized MultithreadedTaskDispatcher with 8 workers.
 -> (artifact id: '5bb90742ebc2125375a2c703675cd3bb') in 0.013381 seconds
Number of updated asset objects reloaded before import = 0
Number of asset objects unloaded after import = 3
========================================================================
Received Import Request.
  Time since last request: 0.000032 seconds.
  path: Assets/tiles/tiles_packed_111.asset
  artifactKey: Guid(1f17891f0283b624b97da1a0adc4f3a2) Importer(815301076,1909f56bfc062723c751e8b465ee728b)
Start importing Assets/tiles/tiles_packed_111.asset using Guid(1f17891f0283b624b97da1a0adc4f3a2) Importer(815301076,1909f56bfc062723c751e8b465ee728b) [PhysX] Initialized MultithreadedTaskDispatcher with 8 workers.
 -> (artifact id: 'a7d97e5ebc13c5c0aad0897d3e10250a') in 0.007317 seconds
Number of updated asset objects reloaded before import = 0
Number of asset objects unloaded after import = 3
========================================================================
Received Import Request.
  Time since last request: 0.000032 seconds.
  path: Assets/tiles/tiles_packed_120.asset
  artifactKey: Guid(924f17ce767096d4e8c7396477011983) Importer(815301076,1909f56bfc062723c751e8b465ee728b)
Start importing Assets/tiles/tiles_packed_120.asset using Guid(924f17ce767096d4e8c7396477011983) Importer(815301076,1909f56bfc062723c751e8b465ee728b) [PhysX] Initialized MultithreadedTaskDispatcher with 8 workers.
 -> (artifact id: 'dc6d9b1a9a4a55717b8977dd89c28741') in 0.015662 seconds
Number of updated asset objects reloaded before import = 0
Number of asset objects unloaded after import = 3
========================================================================
Received Import Request.
  Time since last request: 0.000030 seconds.
  path: Assets/tiles/tiles_packed_148.asset
  artifactKey: Guid(a9240cba03078b44bbb3071da7a2128c) Importer(815301076,1909f56bfc062723c751e8b465ee728b)
Start importing Assets/tiles/tiles_packed_148.asset using Guid(a9240cba03078b44bbb3071da7a2128c) Importer(815301076,1909f56bfc062723c751e8b465ee728b) [PhysX] Initialized MultithreadedTaskDispatcher with 8 workers.
 -> (artifact id: '1921c5e658771c12a16e237d87571f65') in 0.014699 seconds
Number of updated asset objects reloaded before import = 0
Number of asset objects unloaded after import = 3
========================================================================
Received Import Request.
  Time since last request: 0.000028 seconds.
  path: Assets/tiles/tiles_packed_154.asset
  artifactKey: Guid(503b2811b9e5e534ba20a017863585e3) Importer(815301076,1909f56bfc062723c751e8b465ee728b)
Start importing Assets/tiles/tiles_packed_154.asset using Guid(503b2811b9e5e534ba20a017863585e3) Importer(815301076,1909f56bfc062723c751e8b465ee728b) [PhysX] Initialized MultithreadedTaskDispatcher with 8 workers.
 -> (artifact id: '41ebd58571a30b85524eaf129bf8c708') in 0.015537 seconds
Number of updated asset objects reloaded before import = 0
Number of asset objects unloaded after import = 3
========================================================================
Received Import Request.
  Time since last request: 0.000029 seconds.
  path: Assets/tiles/tiles_packed_157.asset
  artifactKey: Guid(be606a14d26be284287b5dbeed5b31b0) Importer(815301076,1909f56bfc062723c751e8b465ee728b)
Start importing Assets/tiles/tiles_packed_157.asset using Guid(be606a14d26be284287b5dbeed5b31b0) Importer(815301076,1909f56bfc062723c751e8b465ee728b) [PhysX] Initialized MultithreadedTaskDispatcher with 8 workers.
 -> (artifact id: '59575fe6a10f06acafd90b450d051435') in 0.005863 seconds
Number of updated asset objects reloaded before import = 0
Number of asset objects unloaded after import = 3
========================================================================
Received Import Request.
  Time since last request: 0.000026 seconds.
  path: Assets/tiles/tiles_packed_170.asset
  artifactKey: Guid(4221d7505084eaa418ea6fc586dda2e2) Importer(815301076,1909f56bfc062723c751e8b465ee728b)
Start importing Assets/tiles/tiles_packed_170.asset using Guid(4221d7505084eaa418ea6fc586dda2e2) Importer(815301076,1909f56bfc062723c751e8b465ee728b) [PhysX] Initialized MultithreadedTaskDispatcher with 8 workers.
 -> (artifact id: 'c51f70a70ddc6edb3cc3e578b394d512') in 0.015252 seconds
Number of updated asset objects reloaded before import = 0
Number of asset objects unloaded after import = 3
========================================================================
Received Import Request.
  Time since last request: 0.000023 seconds.
  path: Assets/tiles/tiles_packed_163.asset
  artifactKey: Guid(d497e684103027a4da0d23fbf8b350d0) Importer(815301076,1909f56bfc062723c751e8b465ee728b)
Start importing Assets/tiles/tiles_packed_163.asset using Guid(d497e684103027a4da0d23fbf8b350d0) Importer(815301076,1909f56bfc062723c751e8b465ee728b) [PhysX] Initialized MultithreadedTaskDispatcher with 8 workers.
 -> (artifact id: 'abad2edf1e639129b3349133c98347fd') in 0.014913 seconds
Number of updated asset objects reloaded before import = 0
Number of asset objects unloaded after import = 3
========================================================================
Received Import Request.
  Time since last request: 0.000024 seconds.
  path: Assets/tiles/tiles_packed_164.asset
  artifactKey: Guid(b5766c114e0763a42883ed4f911d1ce9) Importer(815301076,1909f56bfc062723c751e8b465ee728b)
Start importing Assets/tiles/tiles_packed_164.asset using Guid(b5766c114e0763a42883ed4f911d1ce9) Importer(815301076,1909f56bfc062723c751e8b465ee728b) [PhysX] Initialized MultithreadedTaskDispatcher with 8 workers.
 -> (artifact id: '25988c70dd0f7aaac8eaf8cd84e27c94') in 0.015797 seconds
Number of updated asset objects reloaded before import = 0
Number of asset objects unloaded after import = 3
========================================================================
Received Import Request.
  Time since last request: 0.000039 seconds.
  path: Assets/tiles/tiles_packed_159.asset
  artifactKey: Guid(8dc434692e7e4bc4abcb8be9465bbb24) Importer(815301076,1909f56bfc062723c751e8b465ee728b)
Start importing Assets/tiles/tiles_packed_159.asset using Guid(8dc434692e7e4bc4abcb8be9465bbb24) Importer(815301076,1909f56bfc062723c751e8b465ee728b) [PhysX] Initialized MultithreadedTaskDispatcher with 8 workers.
 -> (artifact id: 'fc27399657f46d0eeace9b8fc9e52537') in 0.013647 seconds
Number of updated asset objects reloaded before import = 0
Number of asset objects unloaded after import = 3
========================================================================
Received Import Request.
  Time since last request: 0.000078 seconds.
  path: Assets/tiles/tiles_packed_168.asset
  artifactKey: Guid(ec856675e1d0d63409ba8356108a4c23) Importer(815301076,1909f56bfc062723c751e8b465ee728b)
Start importing Assets/tiles/tiles_packed_168.asset using Guid(ec856675e1d0d63409ba8356108a4c23) Importer(815301076,1909f56bfc062723c751e8b465ee728b) [PhysX] Initialized MultithreadedTaskDispatcher with 8 workers.
 -> (artifact id: '4ea23fd2231349bfa25539935036b162') in 0.014743 seconds
Number of updated asset objects reloaded before import = 0
Number of asset objects unloaded after import = 3
========================================================================
Received Import Request.
  Time since last request: 0.000025 seconds.
  path: Assets/tiles/tiles_packed_169.asset
  artifactKey: Guid(01cca36ebb2f5ec409853259df41990a) Importer(815301076,1909f56bfc062723c751e8b465ee728b)
Start importing Assets/tiles/tiles_packed_169.asset using Guid(01cca36ebb2f5ec409853259df41990a) Importer(815301076,1909f56bfc062723c751e8b465ee728b) [PhysX] Initialized MultithreadedTaskDispatcher with 8 workers.
 -> (artifact id: '4916b602701f0343e98efca518a6deca') in 0.014292 seconds
Number of updated asset objects reloaded before import = 0
Number of asset objects unloaded after import = 3
========================================================================
Received Import Request.
  Time since last request: 0.000025 seconds.
  path: Assets/tiles/tiles_packed_165.asset
  artifactKey: Guid(0f72d9d993586774e9dac908758eb756) Importer(815301076,1909f56bfc062723c751e8b465ee728b)
Start importing Assets/tiles/tiles_packed_165.asset using Guid(0f72d9d993586774e9dac908758eb756) Importer(815301076,1909f56bfc062723c751e8b465ee728b) [PhysX] Initialized MultithreadedTaskDispatcher with 8 workers.
 -> (artifact id: 'b4d01fc60b7db31e54a46c2e2ca1b1e0') in 0.016659 seconds
Number of updated asset objects reloaded before import = 0
Number of asset objects unloaded after import = 3
========================================================================
Received Import Request.
  Time since last request: 0.000029 seconds.
  path: Assets/tiles/tiles_packed_161.asset
  artifactKey: Guid(fde7705d8d83d044496c8a8a0cd650b7) Importer(815301076,1909f56bfc062723c751e8b465ee728b)
Start importing Assets/tiles/tiles_packed_161.asset using Guid(fde7705d8d83d044496c8a8a0cd650b7) Importer(815301076,1909f56bfc062723c751e8b465ee728b) [PhysX] Initialized MultithreadedTaskDispatcher with 8 workers.
 -> (artifact id: '08707fb4fe479c9b86f0d84495eb9d4e') in 0.014146 seconds
Number of updated asset objects reloaded before import = 0
Number of asset objects unloaded after import = 3
========================================================================
Received Import Request.
  Time since last request: 0.000025 seconds.
  path: Assets/tiles/tiles_packed_127.asset
  artifactKey: Guid(a781e2141d7d7914f8aa286c8a79a259) Importer(815301076,1909f56bfc062723c751e8b465ee728b)
Start importing Assets/tiles/tiles_packed_127.asset using Guid(a781e2141d7d7914f8aa286c8a79a259) Importer(815301076,1909f56bfc062723c751e8b465ee728b) [PhysX] Initialized MultithreadedTaskDispatcher with 8 workers.
 -> (artifact id: 'fa87ab2de8a67b0ada1eb69b7658e7e8') in 0.016042 seconds
Number of updated asset objects reloaded before import = 0
Number of asset objects unloaded after import = 3
========================================================================
Received Import Request.
  Time since last request: 0.000040 seconds.
  path: Assets/tiles/tiles_packed_156.asset
  artifactKey: Guid(8c81bc71e9a34c946bfcb90a3f24facb) Importer(815301076,1909f56bfc062723c751e8b465ee728b)
Start importing Assets/tiles/tiles_packed_156.asset using Guid(8c81bc71e9a34c946bfcb90a3f24facb) Importer(815301076,1909f56bfc062723c751e8b465ee728b) [PhysX] Initialized MultithreadedTaskDispatcher with 8 workers.
 -> (artifact id: 'cac505e6ce3600d3a31e88453a78d4ba') in 0.007711 seconds
Number of updated asset objects reloaded before import = 0
Number of asset objects unloaded after import = 3
========================================================================
Received Import Request.
  Time since last request: 0.000030 seconds.
  path: Assets/tiles/tiles_packed_75.asset
  artifactKey: Guid(eab59c189da3ab7448611f1e38a26b9a) Importer(815301076,1909f56bfc062723c751e8b465ee728b)
Start importing Assets/tiles/tiles_packed_75.asset using Guid(eab59c189da3ab7448611f1e38a26b9a) Importer(815301076,1909f56bfc062723c751e8b465ee728b) [PhysX] Initialized MultithreadedTaskDispatcher with 8 workers.
 -> (artifact id: '6733c139759d5e091e68e30e82d31901') in 0.015077 seconds
Number of updated asset objects reloaded before import = 0
Number of asset objects unloaded after import = 3
========================================================================
Received Import Request.
  Time since last request: 32.613558 seconds.
  path: Assets/tiles_packed.png
  artifactKey: Guid(927edcffc8fe29e4ea8eab4ac04ebc6e) Importer(815301076,1909f56bfc062723c751e8b465ee728b)
Start importing Assets/tiles_packed.png using Guid(927edcffc8fe29e4ea8eab4ac04ebc6e) Importer(815301076,1909f56bfc062723c751e8b465ee728b) [PhysX] Initialized MultithreadedTaskDispatcher with 8 workers.
[PhysX] Initialized MultithreadedTaskDispatcher with 8 workers.
 -> (artifact id: 'c949c02519b1b9ed0174816f99f42700') in 0.488080 seconds
Number of updated asset objects reloaded before import = 0
Number of asset objects unloaded after import = 176
========================================================================
Received Import Request.
  Time since last request: 94.177124 seconds.
  path: Assets/tiles/tiles_packed_0.asset
  artifactKey: Guid(ba9a2a1bb6711b54dbaef2c1b3e84ccc) Importer(815301076,1909f56bfc062723c751e8b465ee728b)
Start importing Assets/tiles/tiles_packed_0.asset using Guid(ba9a2a1bb6711b54dbaef2c1b3e84ccc) Importer(815301076,1909f56bfc062723c751e8b465ee728b) [PhysX] Initialized MultithreadedTaskDispatcher with 8 workers.
 -> (artifact id: 'c6dcac0a443349b32a62eea196e7a253') in 0.008476 seconds
Number of updated asset objects reloaded before import = 0
Number of asset objects unloaded after import = 3
========================================================================
Received Import Request.
  Time since last request: 0.000028 seconds.
  path: Assets/tiles/tiles_packed_7.asset
  artifactKey: Guid(ce3dce43352b28642891d7ad02ec22d7) Importer(815301076,1909f56bfc062723c751e8b465ee728b)
Start importing Assets/tiles/tiles_packed_7.asset using Guid(ce3dce43352b28642891d7ad02ec22d7) Importer(815301076,1909f56bfc062723c751e8b465ee728b) [PhysX] Initialized MultithreadedTaskDispatcher with 8 workers.
 -> (artifact id: '80b8cc9f87b2906e8b4956c71c116d3e') in 0.007755 seconds
Number of updated asset objects reloaded before import = 0
Number of asset objects unloaded after import = 3
========================================================================
Received Import Request.
  Time since last request: 0.000027 seconds.
  path: Assets/tiles/tiles_packed_14.asset
  artifactKey: Guid(e0d6d928d4b3e984ea2b408d7b0baf54) Importer(815301076,1909f56bfc062723c751e8b465ee728b)
Start importing Assets/tiles/tiles_packed_14.asset using Guid(e0d6d928d4b3e984ea2b408d7b0baf54) Importer(815301076,1909f56bfc062723c751e8b465ee728b) [PhysX] Initialized MultithreadedTaskDispatcher with 8 workers.
 -> (artifact id: 'cf26c09fa8d8ba8441d73f7b6d8d4a1a') in 0.008493 seconds
Number of updated asset objects reloaded before import = 0
Number of asset objects unloaded after import = 3
========================================================================
Received Import Request.
  Time since last request: 0.000036 seconds.
  path: Assets/tiles/tiles_packed_36.asset
  artifactKey: Guid(b49ce49da48d9a24cac04943a953adc5) Importer(815301076,1909f56bfc062723c751e8b465ee728b)
Start importing Assets/tiles/tiles_packed_36.asset using Guid(b49ce49da48d9a24cac04943a953adc5) Importer(815301076,1909f56bfc062723c751e8b465ee728b) [PhysX] Initialized MultithreadedTaskDispatcher with 8 workers.
 -> (artifact id: '821f4c17acd79f9d2c59a4987d27d4a1') in 0.021123 seconds
Number of updated asset objects reloaded before import = 0
Number of asset objects unloaded after import = 3
========================================================================
Received Import Request.
  Time since last request: 0.000026 seconds.
  path: Assets/tiles/tiles_packed_4.asset
  artifactKey: Guid(caa770f5a10121640b911f4f5106f3f9) Importer(815301076,1909f56bfc062723c751e8b465ee728b)
Start importing Assets/tiles/tiles_packed_4.asset using Guid(caa770f5a10121640b911f4f5106f3f9) Importer(815301076,1909f56bfc062723c751e8b465ee728b) [PhysX] Initialized MultithreadedTaskDispatcher with 8 workers.
 -> (artifact id: '2c6a450cedf36941de05ce4a2320e48e') in 0.008481 seconds
Number of updated asset objects reloaded before import = 0
Number of asset objects unloaded after import = 3
========================================================================
Received Import Request.
  Time since last request: 0.000053 seconds.
  path: Assets/tiles/tiles_packed_2.asset
  artifactKey: Guid(b5ee4836f85aa8a44a18f7cdb23ee566) Importer(815301076,1909f56bfc062723c751e8b465ee728b)
Start importing Assets/tiles/tiles_packed_2.asset using Guid(b5ee4836f85aa8a44a18f7cdb23ee566) Importer(815301076,1909f56bfc062723c751e8b465ee728b) [PhysX] Initialized MultithreadedTaskDispatcher with 8 workers.
 -> (artifact id: 'd139a4de7d23bed492820135171b21ca') in 0.006822 seconds
Number of updated asset objects reloaded before import = 0
Number of asset objects unloaded after import = 3
========================================================================
Received Import Request.
  Time since last request: 0.000025 seconds.
  path: Assets/tiles/tiles_packed_32.asset
  artifactKey: Guid(fa496793f8892f542b0c7696e573d98d) Importer(815301076,1909f56bfc062723c751e8b465ee728b)
Start importing Assets/tiles/tiles_packed_32.asset using Guid(fa496793f8892f542b0c7696e573d98d) Importer(815301076,1909f56bfc062723c751e8b465ee728b) [PhysX] Initialized MultithreadedTaskDispatcher with 8 workers.
 -> (artifact id: '975ed5885005ff897eaa07ad7635c63f') in 0.007769 seconds
Number of updated asset objects reloaded before import = 0
Number of asset objects unloaded after import = 3
========================================================================
Received Import Request.
  Time since last request: 0.000024 seconds.
  path: Assets/tiles/tiles_packed_27.asset
  artifactKey: Guid(91da90eb37280a74db0793cc389034e7) Importer(815301076,1909f56bfc062723c751e8b465ee728b)
Start importing Assets/tiles/tiles_packed_27.asset using Guid(91da90eb37280a74db0793cc389034e7) Importer(815301076,1909f56bfc062723c751e8b465ee728b) [PhysX] Initialized MultithreadedTaskDispatcher with 8 workers.
 -> (artifact id: '5d2095c49e9d2c9f5a7f5de327298d5a') in 0.009410 seconds
Number of updated asset objects reloaded before import = 0
Number of asset objects unloaded after import = 3
========================================================================
Received Import Request.
  Time since last request: 0.000030 seconds.
  path: Assets/tiles/tiles_packed_18.asset
  artifactKey: Guid(f95e6bb8a0fbd3642a91e6bd3e145f2f) Importer(815301076,1909f56bfc062723c751e8b465ee728b)
Start importing Assets/tiles/tiles_packed_18.asset using Guid(f95e6bb8a0fbd3642a91e6bd3e145f2f) Importer(815301076,1909f56bfc062723c751e8b465ee728b) [PhysX] Initialized MultithreadedTaskDispatcher with 8 workers.
 -> (artifact id: 'dc50c6f3eab7b912d7a6263992ab9e8c') in 0.006741 seconds
Number of updated asset objects reloaded before import = 0
Number of asset objects unloaded after import = 3
========================================================================
Received Import Request.
  Time since last request: 0.000023 seconds.
  path: Assets/tiles/tiles_packed_6.asset
  artifactKey: Guid(bca53e34601f13b4fb4a9bae39b24589) Importer(815301076,1909f56bfc062723c751e8b465ee728b)
Start importing Assets/tiles/tiles_packed_6.asset using Guid(bca53e34601f13b4fb4a9bae39b24589) Importer(815301076,1909f56bfc062723c751e8b465ee728b) [PhysX] Initialized MultithreadedTaskDispatcher with 8 workers.
 -> (artifact id: 'c0b74f80daaa201a7cd485eeacbbb3c1') in 0.007904 seconds
Number of updated asset objects reloaded before import = 0
Number of asset objects unloaded after import = 3
========================================================================
Received Import Request.
  Time since last request: 0.000026 seconds.
  path: Assets/tiles/tiles_packed_23.asset
  artifactKey: Guid(92398d85527a16346a17c8b48b443c7b) Importer(815301076,1909f56bfc062723c751e8b465ee728b)
Start importing Assets/tiles/tiles_packed_23.asset using Guid(92398d85527a16346a17c8b48b443c7b) Importer(815301076,1909f56bfc062723c751e8b465ee728b) [PhysX] Initialized MultithreadedTaskDispatcher with 8 workers.
 -> (artifact id: '9d74d47f6e13d0bcc91b96ca9fb1622b') in 0.009748 seconds
Number of updated asset objects reloaded before import = 0
Number of asset objects unloaded after import = 3
========================================================================
Received Import Request.
  Time since last request: 0.000030 seconds.
  path: Assets/tiles/tiles_packed_24.asset
  artifactKey: Guid(bf05782df554ec24e8d95ab7473a6365) Importer(815301076,1909f56bfc062723c751e8b465ee728b)
Start importing Assets/tiles/tiles_packed_24.asset using Guid(bf05782df554ec24e8d95ab7473a6365) Importer(815301076,1909f56bfc062723c751e8b465ee728b) [PhysX] Initialized MultithreadedTaskDispatcher with 8 workers.
 -> (artifact id: '08ef9541a7aef3661ea453a010e8b8cd') in 0.016998 seconds
Number of updated asset objects reloaded before import = 0
Number of asset objects unloaded after import = 3
========================================================================
Received Import Request.
  Time since last request: 0.000022 seconds.
  path: Assets/tiles/tiles_packed_15.asset
  artifactKey: Guid(be5ee4209fcdcb548812802d5bfade26) Importer(815301076,1909f56bfc062723c751e8b465ee728b)
Start importing Assets/tiles/tiles_packed_15.asset using Guid(be5ee4209fcdcb548812802d5bfade26) Importer(815301076,1909f56bfc062723c751e8b465ee728b) [PhysX] Initialized MultithreadedTaskDispatcher with 8 workers.
 -> (artifact id: '453df21c1695ed0b8b1fb13c3fd90b2f') in 0.008358 seconds
Number of updated asset objects reloaded before import = 0
Number of asset objects unloaded after import = 3
========================================================================
Received Import Request.
  Time since last request: 0.000032 seconds.
  path: Assets/tiles/tiles_packed_25.asset
  artifactKey: Guid(b1f71510aa8fa4f4c81e6bb4c2e87b11) Importer(815301076,1909f56bfc062723c751e8b465ee728b)
Start importing Assets/tiles/tiles_packed_25.asset using Guid(b1f71510aa8fa4f4c81e6bb4c2e87b11) Importer(815301076,1909f56bfc062723c751e8b465ee728b) [PhysX] Initialized MultithreadedTaskDispatcher with 8 workers.
 -> (artifact id: '6cd33ba13bd8fbd7589d9cb3fcf4480f') in 0.006700 seconds
Number of updated asset objects reloaded before import = 0
Number of asset objects unloaded after import = 3
========================================================================
Received Import Request.
  Time since last request: 0.000032 seconds.
  path: Assets/tiles/tiles_packed_12.asset
  artifactKey: Guid(509bf84e3a6683e4e8932e3fee34f46c) Importer(815301076,1909f56bfc062723c751e8b465ee728b)
Start importing Assets/tiles/tiles_packed_12.asset using Guid(509bf84e3a6683e4e8932e3fee34f46c) Importer(815301076,1909f56bfc062723c751e8b465ee728b) [PhysX] Initialized MultithreadedTaskDispatcher with 8 workers.
 -> (artifact id: '9a9f8149790936ed13c6bae5728d3690') in 0.008070 seconds
Number of updated asset objects reloaded before import = 0
Number of asset objects unloaded after import = 3
========================================================================
Received Import Request.
  Time since last request: 0.000030 seconds.
  path: Assets/tiles/tiles_packed_31.asset
  artifactKey: Guid(246ab409ae5148344b31959777c97440) Importer(815301076,1909f56bfc062723c751e8b465ee728b)
Start importing Assets/tiles/tiles_packed_31.asset using Guid(246ab409ae5148344b31959777c97440) Importer(815301076,1909f56bfc062723c751e8b465ee728b) [PhysX] Initialized MultithreadedTaskDispatcher with 8 workers.
 -> (artifact id: '0a7c0e175a4a65be9f05cb6a19da06d5') in 0.007020 seconds
Number of updated asset objects reloaded before import = 0
Number of asset objects unloaded after import = 3
========================================================================
Received Import Request.
  Time since last request: 0.000036 seconds.
  path: Assets/tiles/tiles_packed_10.asset
  artifactKey: Guid(5bffc73bfa931cb43ba0772075eeafca) Importer(815301076,1909f56bfc062723c751e8b465ee728b)
Start importing Assets/tiles/tiles_packed_10.asset using Guid(5bffc73bfa931cb43ba0772075eeafca) Importer(815301076,1909f56bfc062723c751e8b465ee728b) [PhysX] Initialized MultithreadedTaskDispatcher with 8 workers.
 -> (artifact id: 'f507d5dd5a0c757abee218501310cc1d') in 0.006755 seconds
Number of updated asset objects reloaded before import = 0
Number of asset objects unloaded after import = 3
========================================================================
Received Import Request.
  Time since last request: 0.000027 seconds.
  path: Assets/tiles/tiles_packed_30.asset
  artifactKey: Guid(6c09a587ddeb4e74db752e8ac21a902f) Importer(815301076,1909f56bfc062723c751e8b465ee728b)
Start importing Assets/tiles/tiles_packed_30.asset using Guid(6c09a587ddeb4e74db752e8ac21a902f) Importer(815301076,1909f56bfc062723c751e8b465ee728b) [PhysX] Initialized MultithreadedTaskDispatcher with 8 workers.
 -> (artifact id: 'a8192a61048fe7b05781e81e51ec26e4') in 0.007161 seconds
Number of updated asset objects reloaded before import = 0
Number of asset objects unloaded after import = 3
========================================================================
Received Import Request.
  Time since last request: 0.000023 seconds.
  path: Assets/tiles/tiles_packed_3.asset
  artifactKey: Guid(b9c8fa6cd2473384492f15bc28a8d01e) Importer(815301076,1909f56bfc062723c751e8b465ee728b)
Start importing Assets/tiles/tiles_packed_3.asset using Guid(b9c8fa6cd2473384492f15bc28a8d01e) Importer(815301076,1909f56bfc062723c751e8b465ee728b) [PhysX] Initialized MultithreadedTaskDispatcher with 8 workers.
 -> (artifact id: '3ae0b376b14348e6b21837617a9a0bae') in 0.007596 seconds
Number of updated asset objects reloaded before import = 0
Number of asset objects unloaded after import = 3
========================================================================
Received Import Request.
  Time since last request: 143.978541 seconds.
  path: Assets/tiles/tiles_packed_37.asset
  artifactKey: Guid(8ae06f1e613c6ba4b85e88f5d0793f64) Importer(815301076,1909f56bfc062723c751e8b465ee728b)
Start importing Assets/tiles/tiles_packed_37.asset using Guid(8ae06f1e613c6ba4b85e88f5d0793f64) Importer(815301076,1909f56bfc062723c751e8b465ee728b) [PhysX] Initialized MultithreadedTaskDispatcher with 8 workers.
 -> (artifact id: '33ef01f80a3fe6947d1d93c027155328') in 0.007790 seconds
Number of updated asset objects reloaded before import = 0
Number of asset objects unloaded after import = 3
========================================================================
Received Import Request.
  Time since last request: 0.000033 seconds.
  path: Assets/tiles/tiles_packed_40.asset
  artifactKey: Guid(e984b4b349e2f8a4895003b3d4c0e5ba) Importer(815301076,1909f56bfc062723c751e8b465ee728b)
Start importing Assets/tiles/tiles_packed_40.asset using Guid(e984b4b349e2f8a4895003b3d4c0e5ba) Importer(815301076,1909f56bfc062723c751e8b465ee728b) [PhysX] Initialized MultithreadedTaskDispatcher with 8 workers.
 -> (artifact id: 'd84c347d6b6aadbb4bcdb3072bbddcc7') in 0.014808 seconds
Number of updated asset objects reloaded before import = 0
Number of asset objects unloaded after import = 3
========================================================================
Received Import Request.
  Time since last request: 0.000042 seconds.
  path: Assets/tiles/tiles_packed_41.asset
  artifactKey: Guid(08a5a9df8d6cc594f81977888a34a688) Importer(815301076,1909f56bfc062723c751e8b465ee728b)
Start importing Assets/tiles/tiles_packed_41.asset using Guid(08a5a9df8d6cc594f81977888a34a688) Importer(815301076,1909f56bfc062723c751e8b465ee728b) [PhysX] Initialized MultithreadedTaskDispatcher with 8 workers.
 -> (artifact id: '7801af93d8225ec6b6708aeecc1b8a34') in 0.007229 seconds
Number of updated asset objects reloaded before import = 0
Number of asset objects unloaded after import = 3
========================================================================
Received Import Request.
  Time since last request: 0.000034 seconds.
  path: Assets/tiles/tiles_packed_42.asset
  artifactKey: Guid(6faf1aac867720e4681e013e7dcfb941) Importer(815301076,1909f56bfc062723c751e8b465ee728b)
Start importing Assets/tiles/tiles_packed_42.asset using Guid(6faf1aac867720e4681e013e7dcfb941) Importer(815301076,1909f56bfc062723c751e8b465ee728b) [PhysX] Initialized MultithreadedTaskDispatcher with 8 workers.
 -> (artifact id: 'c09776362dc2c55822cc2a19b6fa3f5b') in 0.007122 seconds
Number of updated asset objects reloaded before import = 0
Number of asset objects unloaded after import = 3
========================================================================
Received Import Request.
  Time since last request: 0.000028 seconds.
  path: Assets/tiles/tiles_packed_43.asset
  artifactKey: Guid(f47e71c6009b9274480e658f7861b96e) Importer(815301076,1909f56bfc062723c751e8b465ee728b)
Start importing Assets/tiles/tiles_packed_43.asset using Guid(f47e71c6009b9274480e658f7861b96e) Importer(815301076,1909f56bfc062723c751e8b465ee728b) [PhysX] Initialized MultithreadedTaskDispatcher with 8 workers.
 -> (artifact id: '26cc090d315bd569b89389eb747fee9a') in 0.007167 seconds
Number of updated asset objects reloaded before import = 0
Number of asset objects unloaded after import = 3
========================================================================
Received Import Request.
  Time since last request: 0.023000 seconds.
  path: Assets/tiles/tiles_packed_46.asset
  artifactKey: Guid(80de743b2a2d50143af2a0c2adf71181) Importer(815301076,1909f56bfc062723c751e8b465ee728b)
Start importing Assets/tiles/tiles_packed_46.asset using Guid(80de743b2a2d50143af2a0c2adf71181) Importer(815301076,1909f56bfc062723c751e8b465ee728b) [PhysX] Initialized MultithreadedTaskDispatcher with 8 workers.
 -> (artifact id: '91f08dfa609562a64d076f9baca2e98b') in 0.019262 seconds
Number of updated asset objects reloaded before import = 0
Number of asset objects unloaded after import = 3
========================================================================
Received Import Request.
  Time since last request: 0.000020 seconds.
  path: Assets/tiles/tiles_packed_50.asset
  artifactKey: Guid(77a0e04678478f248bd0285b2d1cbc94) Importer(815301076,1909f56bfc062723c751e8b465ee728b)
Start importing Assets/tiles/tiles_packed_50.asset using Guid(77a0e04678478f248bd0285b2d1cbc94) Importer(815301076,1909f56bfc062723c751e8b465ee728b) [PhysX] Initialized MultithreadedTaskDispatcher with 8 workers.
 -> (artifact id: '4d55c3807839e11d30e54d73b4416854') in 0.007539 seconds
Number of updated asset objects reloaded before import = 0
Number of asset objects unloaded after import = 3
========================================================================
Received Import Request.
  Time since last request: 0.000029 seconds.
  path: Assets/tiles/tiles_packed_48.asset
  artifactKey: Guid(09887491222438c4fb78e2ec9bf15395) Importer(815301076,1909f56bfc062723c751e8b465ee728b)
Start importing Assets/tiles/tiles_packed_48.asset using Guid(09887491222438c4fb78e2ec9bf15395) Importer(815301076,1909f56bfc062723c751e8b465ee728b) [PhysX] Initialized MultithreadedTaskDispatcher with 8 workers.
 -> (artifact id: '42628b285de3f324da01c26bb33e3cc5') in 0.009214 seconds
Number of updated asset objects reloaded before import = 0
Number of asset objects unloaded after import = 3
========================================================================
Received Import Request.
  Time since last request: 0.000032 seconds.
  path: Assets/tiles/tiles_packed_49.asset
  artifactKey: Guid(83ef01aceca63764fae3719a5685bba7) Importer(815301076,1909f56bfc062723c751e8b465ee728b)
Start importing Assets/tiles/tiles_packed_49.asset using Guid(83ef01aceca63764fae3719a5685bba7) Importer(815301076,1909f56bfc062723c751e8b465ee728b) [PhysX] Initialized MultithreadedTaskDispatcher with 8 workers.
 -> (artifact id: '319df2c5bcacd2dc06fbbd0a3a58e307') in 0.007596 seconds
Number of updated asset objects reloaded before import = 0
Number of asset objects unloaded after import = 3
========================================================================
Received Import Request.
  Time since last request: 0.000037 seconds.
  path: Assets/tiles/tiles_packed_51.asset
  artifactKey: Guid(dcdcbb530e31df840bc2651f1b7b67e9) Importer(815301076,1909f56bfc062723c751e8b465ee728b)
Start importing Assets/tiles/tiles_packed_51.asset using Guid(dcdcbb530e31df840bc2651f1b7b67e9) Importer(815301076,1909f56bfc062723c751e8b465ee728b) [PhysX] Initialized MultithreadedTaskDispatcher with 8 workers.
 -> (artifact id: 'f9da44ad6df4b2d8c2c0a330c6b032ba') in 0.006797 seconds
Number of updated asset objects reloaded before import = 0
Number of asset objects unloaded after import = 3
========================================================================
Received Import Request.
  Time since last request: 0.194783 seconds.
  path: Assets/tiles/tiles_packed_55.asset
  artifactKey: Guid(63b480513328c0c4ab1757c28579f07b) Importer(815301076,1909f56bfc062723c751e8b465ee728b)
Start importing Assets/tiles/tiles_packed_55.asset using Guid(63b480513328c0c4ab1757c28579f07b) Importer(815301076,1909f56bfc062723c751e8b465ee728b) [PhysX] Initialized MultithreadedTaskDispatcher with 8 workers.
 -> (artifact id: '4d39ddc587215cf65ffcb4a06aefbe08') in 0.008000 seconds
Number of updated asset objects reloaded before import = 0
Number of asset objects unloaded after import = 3
========================================================================
Received Import Request.
  Time since last request: 0.000020 seconds.
  path: Assets/tiles/tiles_packed_58.asset
  artifactKey: Guid(981fe5d6ae15cf542973da5169525481) Importer(815301076,1909f56bfc062723c751e8b465ee728b)
Start importing Assets/tiles/tiles_packed_58.asset using Guid(981fe5d6ae15cf542973da5169525481) Importer(815301076,1909f56bfc062723c751e8b465ee728b) [PhysX] Initialized MultithreadedTaskDispatcher with 8 workers.
 -> (artifact id: 'f09c952cff5eebb830238f04f6efa914') in 0.007196 seconds
Number of updated asset objects reloaded before import = 0
Number of asset objects unloaded after import = 3
========================================================================
Received Import Request.
  Time since last request: 0.000021 seconds.
  path: Assets/tiles/tiles_packed_63.asset
  artifactKey: Guid(3c50672c16cd90f4088e4778de3f8e37) Importer(815301076,1909f56bfc062723c751e8b465ee728b)
Start importing Assets/tiles/tiles_packed_63.asset using Guid(3c50672c16cd90f4088e4778de3f8e37) Importer(815301076,1909f56bfc062723c751e8b465ee728b) [PhysX] Initialized MultithreadedTaskDispatcher with 8 workers.
 -> (artifact id: 'e06ddacab078e75b9febef4adbadff12') in 0.007033 seconds
Number of updated asset objects reloaded before import = 0
Number of asset objects unloaded after import = 3
========================================================================
Received Import Request.
  Time since last request: 0.000022 seconds.
  path: Assets/tiles/tiles_packed_62.asset
  artifactKey: Guid(fa58a6b9993fb5e4d992c7b6f8e0ed4a) Importer(815301076,1909f56bfc062723c751e8b465ee728b)
Start importing Assets/tiles/tiles_packed_62.asset using Guid(fa58a6b9993fb5e4d992c7b6f8e0ed4a) Importer(815301076,1909f56bfc062723c751e8b465ee728b) [PhysX] Initialized MultithreadedTaskDispatcher with 8 workers.
 -> (artifact id: '60a5e64caeef3c1da18e488cc723d412') in 0.005951 seconds
Number of updated asset objects reloaded before import = 0
Number of asset objects unloaded after import = 3
========================================================================
Received Import Request.
  Time since last request: 0.000030 seconds.
  path: Assets/tiles/tiles_packed_66.asset
  artifactKey: Guid(b7f37eb3d180fa4438525945f90e54e7) Importer(815301076,1909f56bfc062723c751e8b465ee728b)
Start importing Assets/tiles/tiles_packed_66.asset using Guid(b7f37eb3d180fa4438525945f90e54e7) Importer(815301076,1909f56bfc062723c751e8b465ee728b) [PhysX] Initialized MultithreadedTaskDispatcher with 8 workers.
 -> (artifact id: '1677fcdae42ca8484e41163b3910e8b9') in 0.008058 seconds
Number of updated asset objects reloaded before import = 0
Number of asset objects unloaded after import = 3
========================================================================
Received Import Request.
  Time since last request: 0.000030 seconds.
  path: Assets/tiles/tiles_packed_80.asset
  artifactKey: Guid(b2ef362d0105a5d4bb5f597d70db7658) Importer(815301076,1909f56bfc062723c751e8b465ee728b)
Start importing Assets/tiles/tiles_packed_80.asset using Guid(b2ef362d0105a5d4bb5f597d70db7658) Importer(815301076,1909f56bfc062723c751e8b465ee728b) [PhysX] Initialized MultithreadedTaskDispatcher with 8 workers.
 -> (artifact id: '4d0c3ec38f78323ff5d76a84e3f990c0') in 0.014687 seconds
Number of updated asset objects reloaded before import = 0
Number of asset objects unloaded after import = 3
========================================================================
Received Import Request.
  Time since last request: 0.000034 seconds.
  path: Assets/tiles/tiles_packed_78.asset
  artifactKey: Guid(025621d994c19a74c9bedd31941cf919) Importer(815301076,1909f56bfc062723c751e8b465ee728b)
Start importing Assets/tiles/tiles_packed_78.asset using Guid(025621d994c19a74c9bedd31941cf919) Importer(815301076,1909f56bfc062723c751e8b465ee728b) [PhysX] Initialized MultithreadedTaskDispatcher with 8 workers.
 -> (artifact id: 'c5f568bfbb034695cf0a4d796c71df69') in 0.015287 seconds
Number of updated asset objects reloaded before import = 0
Number of asset objects unloaded after import = 3
========================================================================
Received Import Request.
  Time since last request: 0.000026 seconds.
  path: Assets/tiles/tiles_packed_90.asset
  artifactKey: Guid(eae1d6b55bc110945a6aaf9f21aa3320) Importer(815301076,1909f56bfc062723c751e8b465ee728b)
Start importing Assets/tiles/tiles_packed_90.asset using Guid(eae1d6b55bc110945a6aaf9f21aa3320) Importer(815301076,1909f56bfc062723c751e8b465ee728b) [PhysX] Initialized MultithreadedTaskDispatcher with 8 workers.
 -> (artifact id: '520d2b7563d76c6b70c17e58c732a499') in 0.006176 seconds
Number of updated asset objects reloaded before import = 0
Number of asset objects unloaded after import = 3
========================================================================
Received Import Request.
  Time since last request: 0.000031 seconds.
  path: Assets/tiles/tiles_packed_88.asset
  artifactKey: Guid(be713c96c31a4a84abf686fb7f41c2b3) Importer(815301076,1909f56bfc062723c751e8b465ee728b)
Start importing Assets/tiles/tiles_packed_88.asset using Guid(be713c96c31a4a84abf686fb7f41c2b3) Importer(815301076,1909f56bfc062723c751e8b465ee728b) [PhysX] Initialized MultithreadedTaskDispatcher with 8 workers.
 -> (artifact id: '93d7a31c38b8bf80cd1bfc84c17a735d') in 0.005969 seconds
Number of updated asset objects reloaded before import = 0
Number of asset objects unloaded after import = 3
========================================================================
Received Import Request.
  Time since last request: 0.000022 seconds.
  path: Assets/tiles/tiles_packed_85.asset
  artifactKey: Guid(7bbbd56692213794eb9cc1547daa4a3b) Importer(815301076,1909f56bfc062723c751e8b465ee728b)
Start importing Assets/tiles/tiles_packed_85.asset using Guid(7bbbd56692213794eb9cc1547daa4a3b) Importer(815301076,1909f56bfc062723c751e8b465ee728b) [PhysX] Initialized MultithreadedTaskDispatcher with 8 workers.
 -> (artifact id: '34d227120ba81b3746fcfc91095ed95f') in 0.007460 seconds
Number of updated asset objects reloaded before import = 0
Number of asset objects unloaded after import = 3
========================================================================
Received Import Request.
  Time since last request: 0.000023 seconds.
  path: Assets/tiles/tiles_packed_99.asset
  artifactKey: Guid(0521f169806f68d44991b77b146e4ac8) Importer(815301076,1909f56bfc062723c751e8b465ee728b)
Start importing Assets/tiles/tiles_packed_99.asset using Guid(0521f169806f68d44991b77b146e4ac8) Importer(815301076,1909f56bfc062723c751e8b465ee728b) [PhysX] Initialized MultithreadedTaskDispatcher with 8 workers.
 -> (artifact id: 'ab3496e2689af86ec90a456cb74f8c6c') in 0.006944 seconds
Number of updated asset objects reloaded before import = 0
Number of asset objects unloaded after import = 3
========================================================================
Received Import Request.
  Time since last request: 0.000031 seconds.
  path: Assets/tiles/tiles_packed_97.asset
  artifactKey: Guid(5633053fa8c924f4d8393ec911a6825c) Importer(815301076,1909f56bfc062723c751e8b465ee728b)
Start importing Assets/tiles/tiles_packed_97.asset using Guid(5633053fa8c924f4d8393ec911a6825c) Importer(815301076,1909f56bfc062723c751e8b465ee728b) [PhysX] Initialized MultithreadedTaskDispatcher with 8 workers.
 -> (artifact id: 'f26e543c04b2bda08d745da29aebb290') in 0.007213 seconds
Number of updated asset objects reloaded before import = 0
Number of asset objects unloaded after import = 3
========================================================================
Received Import Request.
  Time since last request: 0.000023 seconds.
  path: Assets/tiles/tiles_packed_95.asset
  artifactKey: Guid(7b5f1d1403cf57042b827688cfed510b) Importer(815301076,1909f56bfc062723c751e8b465ee728b)
Start importing Assets/tiles/tiles_packed_95.asset using Guid(7b5f1d1403cf57042b827688cfed510b) Importer(815301076,1909f56bfc062723c751e8b465ee728b) [PhysX] Initialized MultithreadedTaskDispatcher with 8 workers.
 -> (artifact id: '0c03faeccd40072c574ddb76a0de05e8') in 0.007648 seconds
Number of updated asset objects reloaded before import = 0
Number of asset objects unloaded after import = 3
========================================================================
Received Import Request.
  Time since last request: 0.000022 seconds.
  path: Assets/tiles/tiles_packed_94.asset
  artifactKey: Guid(d9466e9541cf4cd4087abb39af0ee6c5) Importer(815301076,1909f56bfc062723c751e8b465ee728b)
Start importing Assets/tiles/tiles_packed_94.asset using Guid(d9466e9541cf4cd4087abb39af0ee6c5) Importer(815301076,1909f56bfc062723c751e8b465ee728b) [PhysX] Initialized MultithreadedTaskDispatcher with 8 workers.
 -> (artifact id: 'd8beb6b04d3e801302276b8ad9d87df6') in 0.006847 seconds
Number of updated asset objects reloaded before import = 0
Number of asset objects unloaded after import = 3
========================================================================
Received Import Request.
  Time since last request: 0.000027 seconds.
  path: Assets/tiles/tiles_packed_83.asset
  artifactKey: Guid(8fa4892bffa11f2499191f2b2e338b5f) Importer(815301076,1909f56bfc062723c751e8b465ee728b)
Start importing Assets/tiles/tiles_packed_83.asset using Guid(8fa4892bffa11f2499191f2b2e338b5f) Importer(815301076,1909f56bfc062723c751e8b465ee728b) [PhysX] Initialized MultithreadedTaskDispatcher with 8 workers.
 -> (artifact id: '5a8dc785940040cd1011e6fb97562d4a') in 0.007214 seconds
Number of updated asset objects reloaded before import = 0
Number of asset objects unloaded after import = 3
========================================================================
Received Import Request.
  Time since last request: 0.000023 seconds.
  path: Assets/tiles/tiles_packed_72.asset
  artifactKey: Guid(9567a2ba486ee4943ac34eb54d196d44) Importer(815301076,1909f56bfc062723c751e8b465ee728b)
Start importing Assets/tiles/tiles_packed_72.asset using Guid(9567a2ba486ee4943ac34eb54d196d44) Importer(815301076,1909f56bfc062723c751e8b465ee728b) [PhysX] Initialized MultithreadedTaskDispatcher with 8 workers.
 -> (artifact id: '2b8f6c6981e6b31428016e869ee64725') in 0.006955 seconds
Number of updated asset objects reloaded before import = 0
Number of asset objects unloaded after import = 3
========================================================================
Received Import Request.
  Time since last request: 0.000024 seconds.
  path: Assets/tiles/tiles_packed_64.asset
  artifactKey: Guid(9232ea0ede337ed4fa4d8f4457d65447) Importer(815301076,1909f56bfc062723c751e8b465ee728b)
Start importing Assets/tiles/tiles_packed_64.asset using Guid(9232ea0ede337ed4fa4d8f4457d65447) Importer(815301076,1909f56bfc062723c751e8b465ee728b) [PhysX] Initialized MultithreadedTaskDispatcher with 8 workers.
 -> (artifact id: 'f76ca86f83f3f9e4ad75aaf034db4739') in 0.007831 seconds
Number of updated asset objects reloaded before import = 0
Number of asset objects unloaded after import = 3
========================================================================
Received Import Request.
  Time since last request: 0.000041 seconds.
  path: Assets/tiles/tiles_packed_91.asset
  artifactKey: Guid(8ce040f94ccd0544aba5ebb09a83e2be) Importer(815301076,1909f56bfc062723c751e8b465ee728b)
Start importing Assets/tiles/tiles_packed_91.asset using Guid(8ce040f94ccd0544aba5ebb09a83e2be) Importer(815301076,1909f56bfc062723c751e8b465ee728b) [PhysX] Initialized MultithreadedTaskDispatcher with 8 workers.
 -> (artifact id: '0892fd9d2d97b4b93a33f8f09f269a59') in 0.007093 seconds
Number of updated asset objects reloaded before import = 0
Number of asset objects unloaded after import = 3
========================================================================
Received Import Request.
  Time since last request: 0.000049 seconds.
  path: Assets/tiles/tiles_packed_76.asset
  artifactKey: Guid(a35bdc9f90e216342ac6a29b9d90bd4d) Importer(815301076,1909f56bfc062723c751e8b465ee728b)
Start importing Assets/tiles/tiles_packed_76.asset using Guid(a35bdc9f90e216342ac6a29b9d90bd4d) Importer(815301076,1909f56bfc062723c751e8b465ee728b) [PhysX] Initialized MultithreadedTaskDispatcher with 8 workers.
 -> (artifact id: 'e0a1bb40e9f1f3b98a9df7d23d824413') in 0.005810 seconds
Number of updated asset objects reloaded before import = 0
Number of asset objects unloaded after import = 3
========================================================================
Received Import Request.
  Time since last request: 0.000055 seconds.
  path: Assets/tiles/tiles_packed_70.asset
  artifactKey: Guid(baff901fc49493048ad689123b6c7ab3) Importer(815301076,1909f56bfc062723c751e8b465ee728b)
Start importing Assets/tiles/tiles_packed_70.asset using Guid(baff901fc49493048ad689123b6c7ab3) Importer(815301076,1909f56bfc062723c751e8b465ee728b) [PhysX] Initialized MultithreadedTaskDispatcher with 8 workers.
 -> (artifact id: 'd98cb9cce45447e3c55a96ce5cc3388d') in 0.015640 seconds
Number of updated asset objects reloaded before import = 0
Number of asset objects unloaded after import = 3
========================================================================
Received Import Request.
  Time since last request: 0.000036 seconds.
  path: Assets/tiles/tiles_packed_98.asset
  artifactKey: Guid(9ccee69c75d213f468ee90f4d3ce46bb) Importer(815301076,1909f56bfc062723c751e8b465ee728b)
Start importing Assets/tiles/tiles_packed_98.asset using Guid(9ccee69c75d213f468ee90f4d3ce46bb) Importer(815301076,1909f56bfc062723c751e8b465ee728b) [PhysX] Initialized MultithreadedTaskDispatcher with 8 workers.
 -> (artifact id: '68a7d79ffd41ca3f3a58cb753df9eddd') in 0.008044 seconds
Number of updated asset objects reloaded before import = 0
Number of asset objects unloaded after import = 3
========================================================================
Received Import Request.
  Time since last request: 0.000045 seconds.
  path: Assets/tiles/tiles_packed_68.asset
  artifactKey: Guid(824cb4411d0b0db4d9652289b1dc081f) Importer(815301076,1909f56bfc062723c751e8b465ee728b)
Start importing Assets/tiles/tiles_packed_68.asset using Guid(824cb4411d0b0db4d9652289b1dc081f) Importer(815301076,1909f56bfc062723c751e8b465ee728b) [PhysX] Initialized MultithreadedTaskDispatcher with 8 workers.
 -> (artifact id: '2f53638005f0a62febdd2c79482bb9f9') in 0.010116 seconds
Number of updated asset objects reloaded before import = 0
Number of asset objects unloaded after import = 3
========================================================================
Received Import Request.
  Time since last request: 0.420935 seconds.
  path: Assets/tiles/tiles_packed_100.asset
  artifactKey: Guid(6901376d5f0765d40b752f9767f5f6de) Importer(815301076,1909f56bfc062723c751e8b465ee728b)
Start importing Assets/tiles/tiles_packed_100.asset using Guid(6901376d5f0765d40b752f9767f5f6de) Importer(815301076,1909f56bfc062723c751e8b465ee728b) [PhysX] Initialized MultithreadedTaskDispatcher with 8 workers.
 -> (artifact id: '2e1bde630efe2d32695d0c350ea8bf61') in 0.007031 seconds
Number of updated asset objects reloaded before import = 0
Number of asset objects unloaded after import = 3
========================================================================
Received Import Request.
  Time since last request: 0.000031 seconds.
  path: Assets/tiles/tiles_packed_107.asset
  artifactKey: Guid(152f6aea333db7745a7f9324a6056a89) Importer(815301076,1909f56bfc062723c751e8b465ee728b)
Start importing Assets/tiles/tiles_packed_107.asset using Guid(152f6aea333db7745a7f9324a6056a89) Importer(815301076,1909f56bfc062723c751e8b465ee728b) [PhysX] Initialized MultithreadedTaskDispatcher with 8 workers.
 -> (artifact id: 'e1872c81ef2959e014addd93bfdf28bf') in 0.006523 seconds
Number of updated asset objects reloaded before import = 0
Number of asset objects unloaded after import = 3
========================================================================
Received Import Request.
  Time since last request: 0.000024 seconds.
  path: Assets/tiles/tiles_packed_110.asset
  artifactKey: Guid(3fc36ce0d1e780942aa71e56d9367668) Importer(815301076,1909f56bfc062723c751e8b465ee728b)
Start importing Assets/tiles/tiles_packed_110.asset using Guid(3fc36ce0d1e780942aa71e56d9367668) Importer(815301076,1909f56bfc062723c751e8b465ee728b) [PhysX] Initialized MultithreadedTaskDispatcher with 8 workers.
 -> (artifact id: 'a6a833044285a73a2c98073b4725c672') in 0.006823 seconds
Number of updated asset objects reloaded before import = 0
Number of asset objects unloaded after import = 3
========================================================================
Received Import Request.
  Time since last request: 0.000029 seconds.
  path: Assets/tiles/tiles_packed_105.asset
  artifactKey: Guid(e3ad8f4f3a0f9484aa96c80e74d051c8) Importer(815301076,1909f56bfc062723c751e8b465ee728b)
Start importing Assets/tiles/tiles_packed_105.asset using Guid(e3ad8f4f3a0f9484aa96c80e74d051c8) Importer(815301076,1909f56bfc062723c751e8b465ee728b) [PhysX] Initialized MultithreadedTaskDispatcher with 8 workers.
 -> (artifact id: '29b7071cc79218418ea1806c62fb0fb5') in 0.007224 seconds
Number of updated asset objects reloaded before import = 0
Number of asset objects unloaded after import = 3
========================================================================
Received Import Request.
  Time since last request: 0.000023 seconds.
  path: Assets/tiles/tiles_packed_125.asset
  artifactKey: Guid(83137903b6fd87e46b044fdfdeb6000c) Importer(815301076,1909f56bfc062723c751e8b465ee728b)
Start importing Assets/tiles/tiles_packed_125.asset using Guid(83137903b6fd87e46b044fdfdeb6000c) Importer(815301076,1909f56bfc062723c751e8b465ee728b) [PhysX] Initialized MultithreadedTaskDispatcher with 8 workers.
 -> (artifact id: '9319fa83c1e81d9b34a70b04e14f916b') in 0.006356 seconds
Number of updated asset objects reloaded before import = 0
Number of asset objects unloaded after import = 3
========================================================================
Received Import Request.
  Time since last request: 0.000030 seconds.
  path: Assets/tiles/tiles_packed_133.asset
  artifactKey: Guid(3aa6b73a4b25b7d42938370c24a1df0f) Importer(815301076,1909f56bfc062723c751e8b465ee728b)
Start importing Assets/tiles/tiles_packed_133.asset using Guid(3aa6b73a4b25b7d42938370c24a1df0f) Importer(815301076,1909f56bfc062723c751e8b465ee728b) [PhysX] Initialized MultithreadedTaskDispatcher with 8 workers.
 -> (artifact id: '2a897c9fcf210df144077497dd17f3a9') in 0.006690 seconds
Number of updated asset objects reloaded before import = 0
Number of asset objects unloaded after import = 3
========================================================================
Received Import Request.
  Time since last request: 0.000024 seconds.
  path: Assets/tiles/tiles_packed_130.asset
  artifactKey: Guid(639687f522c923a459975637b122152b) Importer(815301076,1909f56bfc062723c751e8b465ee728b)
Start importing Assets/tiles/tiles_packed_130.asset using Guid(639687f522c923a459975637b122152b) Importer(815301076,1909f56bfc062723c751e8b465ee728b) [PhysX] Initialized MultithreadedTaskDispatcher with 8 workers.
 -> (artifact id: 'a2c02fca1adfce2e842583c78f9529c6') in 0.007025 seconds
Number of updated asset objects reloaded before import = 0
Number of asset objects unloaded after import = 3
========================================================================
Received Import Request.
  Time since last request: 0.000025 seconds.
  path: Assets/tiles/tiles_packed_114.asset
  artifactKey: Guid(d18deedbaad6b5a4287986b4364e312c) Importer(815301076,1909f56bfc062723c751e8b465ee728b)
Start importing Assets/tiles/tiles_packed_114.asset using Guid(d18deedbaad6b5a4287986b4364e312c) Importer(815301076,1909f56bfc062723c751e8b465ee728b) [PhysX] Initialized MultithreadedTaskDispatcher with 8 workers.
 -> (artifact id: 'c0ed0e8e3be4487df47cb6018c19c10f') in 0.006279 seconds
Number of updated asset objects reloaded before import = 0
Number of asset objects unloaded after import = 3
========================================================================
Received Import Request.
  Time since last request: 0.000023 seconds.
  path: Assets/tiles/tiles_packed_128.asset
  artifactKey: Guid(bedb8cae7e0ca9e4591dbd3f0661d138) Importer(815301076,1909f56bfc062723c751e8b465ee728b)
Start importing Assets/tiles/tiles_packed_128.asset using Guid(bedb8cae7e0ca9e4591dbd3f0661d138) Importer(815301076,1909f56bfc062723c751e8b465ee728b) [PhysX] Initialized MultithreadedTaskDispatcher with 8 workers.
 -> (artifact id: '9eeb0f451623991fbf6a9c758439ba9f') in 0.006247 seconds
Number of updated asset objects reloaded before import = 0
Number of asset objects unloaded after import = 3
========================================================================
Received Import Request.
  Time since last request: 0.000021 seconds.
  path: Assets/tiles/tiles_packed_119.asset
  artifactKey: Guid(5aff2533d2d13044fb2a744bd1795f8a) Importer(815301076,1909f56bfc062723c751e8b465ee728b)
Start importing Assets/tiles/tiles_packed_119.asset using Guid(5aff2533d2d13044fb2a744bd1795f8a) Importer(815301076,1909f56bfc062723c751e8b465ee728b) [PhysX] Initialized MultithreadedTaskDispatcher with 8 workers.
 -> (artifact id: '8ecc0d7533691db39f9af037aaa250a4') in 0.006350 seconds
Number of updated asset objects reloaded before import = 0
Number of asset objects unloaded after import = 3
========================================================================
Received Import Request.
  Time since last request: 0.000032 seconds.
  path: Assets/tiles/tiles_packed_108.asset
  artifactKey: Guid(7e4ed02502f4b0840a8de08fd0a874f8) Importer(815301076,1909f56bfc062723c751e8b465ee728b)
Start importing Assets/tiles/tiles_packed_108.asset using Guid(7e4ed02502f4b0840a8de08fd0a874f8) Importer(815301076,1909f56bfc062723c751e8b465ee728b) [PhysX] Initialized MultithreadedTaskDispatcher with 8 workers.
 -> (artifact id: '04b63fd3e2c96906a276c42d59a35800') in 0.006897 seconds
Number of updated asset objects reloaded before import = 0
Number of asset objects unloaded after import = 3
========================================================================
Received Import Request.
  Time since last request: 0.000032 seconds.
  path: Assets/tiles/tiles_packed_111.asset
  artifactKey: Guid(1f17891f0283b624b97da1a0adc4f3a2) Importer(815301076,1909f56bfc062723c751e8b465ee728b)
Start importing Assets/tiles/tiles_packed_111.asset using Guid(1f17891f0283b624b97da1a0adc4f3a2) Importer(815301076,1909f56bfc062723c751e8b465ee728b) [PhysX] Initialized MultithreadedTaskDispatcher with 8 workers.
 -> (artifact id: '52f17049355956778ed3143ba298cf68') in 0.005717 seconds
Number of updated asset objects reloaded before import = 0
Number of asset objects unloaded after import = 3
========================================================================
Received Import Request.
  Time since last request: 0.000030 seconds.
  path: Assets/tiles/tiles_packed_120.asset
  artifactKey: Guid(924f17ce767096d4e8c7396477011983) Importer(815301076,1909f56bfc062723c751e8b465ee728b)
Start importing Assets/tiles/tiles_packed_120.asset using Guid(924f17ce767096d4e8c7396477011983) Importer(815301076,1909f56bfc062723c751e8b465ee728b) [PhysX] Initialized MultithreadedTaskDispatcher with 8 workers.
 -> (artifact id: '2b049ef845865e86d8926bf9790702d6') in 0.006845 seconds
Number of updated asset objects reloaded before import = 0
Number of asset objects unloaded after import = 3
========================================================================
Received Import Request.
  Time since last request: 0.000030 seconds.
  path: Assets/tiles/tiles_packed_126.asset
  artifactKey: Guid(c954efa0c21db2a4781b13f63f5f933d) Importer(815301076,1909f56bfc062723c751e8b465ee728b)
Start importing Assets/tiles/tiles_packed_126.asset using Guid(c954efa0c21db2a4781b13f63f5f933d) Importer(815301076,1909f56bfc062723c751e8b465ee728b) [PhysX] Initialized MultithreadedTaskDispatcher with 8 workers.
 -> (artifact id: '814c3378ae7449b7d5fa64a0fde142bd') in 0.006824 seconds
Number of updated asset objects reloaded before import = 0
Number of asset objects unloaded after import = 3
========================================================================
Received Import Request.
  Time since last request: 0.000028 seconds.
  path: Assets/tiles/tiles_packed_134.asset
  artifactKey: Guid(09a389e8f212c95459b152692d9fbf0e) Importer(815301076,1909f56bfc062723c751e8b465ee728b)
Start importing Assets/tiles/tiles_packed_134.asset using Guid(09a389e8f212c95459b152692d9fbf0e) Importer(815301076,1909f56bfc062723c751e8b465ee728b) [PhysX] Initialized MultithreadedTaskDispatcher with 8 workers.
 -> (artifact id: 'd9186afe028ad6e4ee2bda5c0279e92a') in 0.007090 seconds
Number of updated asset objects reloaded before import = 0
Number of asset objects unloaded after import = 3
========================================================================
Received Import Request.
  Time since last request: 0.000028 seconds.
  path: Assets/tiles/tiles_packed_122.asset
  artifactKey: Guid(92548527646643d4ca9307716d43bc13) Importer(815301076,1909f56bfc062723c751e8b465ee728b)
Start importing Assets/tiles/tiles_packed_122.asset using Guid(92548527646643d4ca9307716d43bc13) Importer(815301076,1909f56bfc062723c751e8b465ee728b) [PhysX] Initialized MultithreadedTaskDispatcher with 8 workers.
 -> (artifact id: '59510c1e261b98c543c1be868f49bfee') in 0.015186 seconds
Number of updated asset objects reloaded before import = 0
Number of asset objects unloaded after import = 3
========================================================================
Received Import Request.
  Time since last request: 0.000023 seconds.
  path: Assets/tiles/tiles_packed_129.asset
  artifactKey: Guid(678f3a1f086ecf54f98bc7b6a31a853f) Importer(815301076,1909f56bfc062723c751e8b465ee728b)
Start importing Assets/tiles/tiles_packed_129.asset using Guid(678f3a1f086ecf54f98bc7b6a31a853f) Importer(815301076,1909f56bfc062723c751e8b465ee728b) [PhysX] Initialized MultithreadedTaskDispatcher with 8 workers.
 -> (artifact id: 'f4f1b1b53879c8c1d93ca14000b4ac21') in 0.006091 seconds
Number of updated asset objects reloaded before import = 0
Number of asset objects unloaded after import = 3
========================================================================
Received Import Request.
  Time since last request: 0.000032 seconds.
  path: Assets/tiles/tiles_packed_102.asset
  artifactKey: Guid(f7d47dc9f58e682418d30cf9096180c4) Importer(815301076,1909f56bfc062723c751e8b465ee728b)
Start importing Assets/tiles/tiles_packed_102.asset using Guid(f7d47dc9f58e682418d30cf9096180c4) Importer(815301076,1909f56bfc062723c751e8b465ee728b) [PhysX] Initialized MultithreadedTaskDispatcher with 8 workers.
 -> (artifact id: 'fc685ea422aed7e78fe22c817bed5eca') in 0.006441 seconds
Number of updated asset objects reloaded before import = 0
Number of asset objects unloaded after import = 3
========================================================================
Received Import Request.
  Time since last request: 0.071410 seconds.
  path: Assets/tiles/tiles_packed_136.asset
  artifactKey: Guid(a36fa1f167d05ba42b8ff61a8ad2ea12) Importer(815301076,1909f56bfc062723c751e8b465ee728b)
Start importing Assets/tiles/tiles_packed_136.asset using Guid(a36fa1f167d05ba42b8ff61a8ad2ea12) Importer(815301076,1909f56bfc062723c751e8b465ee728b) [PhysX] Initialized MultithreadedTaskDispatcher with 8 workers.
 -> (artifact id: '400025add56ed9fd69e8a4f62b4a4256') in 0.007604 seconds
Number of updated asset objects reloaded before import = 0
Number of asset objects unloaded after import = 3
========================================================================
Received Import Request.
  Time since last request: 0.000021 seconds.
  path: Assets/tiles/tiles_packed_142.asset
  artifactKey: Guid(63a74413e35f3da47a3842d51d44abac) Importer(815301076,1909f56bfc062723c751e8b465ee728b)
Start importing Assets/tiles/tiles_packed_142.asset using Guid(63a74413e35f3da47a3842d51d44abac) Importer(815301076,1909f56bfc062723c751e8b465ee728b) [PhysX] Initialized MultithreadedTaskDispatcher with 8 workers.
 -> (artifact id: '4b5e3c3775adbe8398ab61b7f4d7a051') in 0.007013 seconds
Number of updated asset objects reloaded before import = 0
Number of asset objects unloaded after import = 3
========================================================================
Received Import Request.
  Time since last request: 0.000025 seconds.
  path: Assets/tiles/tiles_packed_141.asset
  artifactKey: Guid(3122a5580971bf641b48b6f7f5efdf4a) Importer(815301076,1909f56bfc062723c751e8b465ee728b)
Start importing Assets/tiles/tiles_packed_141.asset using Guid(3122a5580971bf641b48b6f7f5efdf4a) Importer(815301076,1909f56bfc062723c751e8b465ee728b) [PhysX] Initialized MultithreadedTaskDispatcher with 8 workers.
 -> (artifact id: 'ce77157ab9dfe83c77e35629e002dc1e') in 0.014838 seconds
Number of updated asset objects reloaded before import = 0
Number of asset objects unloaded after import = 3
========================================================================
Received Import Request.
  Time since last request: 0.000024 seconds.
  path: Assets/tiles/tiles_packed_139.asset
  artifactKey: Guid(64380c4d78b38ab4784feeed63a0dad5) Importer(815301076,1909f56bfc062723c751e8b465ee728b)
Start importing Assets/tiles/tiles_packed_139.asset using Guid(64380c4d78b38ab4784feeed63a0dad5) Importer(815301076,1909f56bfc062723c751e8b465ee728b) [PhysX] Initialized MultithreadedTaskDispatcher with 8 workers.
 -> (artifact id: '0241df5437485f0dda4f7ec94ebb74fa') in 0.006736 seconds
Number of updated asset objects reloaded before import = 0
Number of asset objects unloaded after import = 3
========================================================================
Received Import Request.
  Time since last request: 0.000027 seconds.
  path: Assets/tiles/tiles_packed_150.asset
  artifactKey: Guid(953ecb7234b18114aace592edc0d9925) Importer(815301076,1909f56bfc062723c751e8b465ee728b)
Start importing Assets/tiles/tiles_packed_150.asset using Guid(953ecb7234b18114aace592edc0d9925) Importer(815301076,1909f56bfc062723c751e8b465ee728b) [PhysX] Initialized MultithreadedTaskDispatcher with 8 workers.
 -> (artifact id: 'ee300e4377af340567e37fc1efb47c04') in 0.005830 seconds
Number of updated asset objects reloaded before import = 0
Number of asset objects unloaded after import = 3
========================================================================
Received Import Request.
  Time since last request: 0.000032 seconds.
  path: Assets/tiles/tiles_packed_154.asset
  artifactKey: Guid(503b2811b9e5e534ba20a017863585e3) Importer(815301076,1909f56bfc062723c751e8b465ee728b)
Start importing Assets/tiles/tiles_packed_154.asset using Guid(503b2811b9e5e534ba20a017863585e3) Importer(815301076,1909f56bfc062723c751e8b465ee728b) [PhysX] Initialized MultithreadedTaskDispatcher with 8 workers.
 -> (artifact id: '74d30b101a38de7b94ead9764767900d') in 0.005843 seconds
Number of updated asset objects reloaded before import = 0
Number of asset objects unloaded after import = 3
========================================================================
Received Import Request.
  Time since last request: 0.000029 seconds.
  path: Assets/tiles/tiles_packed_160.asset
  artifactKey: Guid(45c5c65917acab049a144ae0baba282a) Importer(815301076,1909f56bfc062723c751e8b465ee728b)
Start importing Assets/tiles/tiles_packed_160.asset using Guid(45c5c65917acab049a144ae0baba282a) Importer(815301076,1909f56bfc062723c751e8b465ee728b) [PhysX] Initialized MultithreadedTaskDispatcher with 8 workers.
 -> (artifact id: '05241375c1147cac80f0f25eda6f9f38') in 0.015507 seconds
Number of updated asset objects reloaded before import = 0
Number of asset objects unloaded after import = 3
========================================================================
Received Import Request.
  Time since last request: 0.000027 seconds.
  path: Assets/tiles/tiles_packed_167.asset
  artifactKey: Guid(453afd86617077c448473c667f576198) Importer(815301076,1909f56bfc062723c751e8b465ee728b)
Start importing Assets/tiles/tiles_packed_167.asset using Guid(453afd86617077c448473c667f576198) Importer(815301076,1909f56bfc062723c751e8b465ee728b) [PhysX] Initialized MultithreadedTaskDispatcher with 8 workers.
 -> (artifact id: '3b811e9f46a0b5f083eb897b53703a75') in 0.005881 seconds
Number of updated asset objects reloaded before import = 0
Number of asset objects unloaded after import = 3
========================================================================
Received Import Request.
  Time since last request: 0.000031 seconds.
  path: Assets/tiles/tiles_packed_172.asset
  artifactKey: Guid(0fe1c6b384609a5439b9cd1ed707fd07) Importer(815301076,1909f56bfc062723c751e8b465ee728b)
Start importing Assets/tiles/tiles_packed_172.asset using Guid(0fe1c6b384609a5439b9cd1ed707fd07) Importer(815301076,1909f56bfc062723c751e8b465ee728b) [PhysX] Initialized MultithreadedTaskDispatcher with 8 workers.
 -> (artifact id: '5245cbcbee2aea71addca1030df073d7') in 0.013946 seconds
Number of updated asset objects reloaded before import = 0
Number of asset objects unloaded after import = 3
========================================================================
Received Import Request.
  Time since last request: 0.000025 seconds.
  path: Assets/tiles/tiles_packed_173.asset
  artifactKey: Guid(c091d128d17a45c4ea1f54be3e9b0b52) Importer(815301076,1909f56bfc062723c751e8b465ee728b)
Start importing Assets/tiles/tiles_packed_173.asset using Guid(c091d128d17a45c4ea1f54be3e9b0b52) Importer(815301076,1909f56bfc062723c751e8b465ee728b) [PhysX] Initialized MultithreadedTaskDispatcher with 8 workers.
 -> (artifact id: '6d0547ab43d6a6745343be1d243059fb') in 0.007009 seconds
Number of updated asset objects reloaded before import = 0
Number of asset objects unloaded after import = 3
========================================================================
Received Import Request.
  Time since last request: 0.000026 seconds.
  path: Assets/tiles/tiles_packed_157.asset
  artifactKey: Guid(be606a14d26be284287b5dbeed5b31b0) Importer(815301076,1909f56bfc062723c751e8b465ee728b)
Start importing Assets/tiles/tiles_packed_157.asset using Guid(be606a14d26be284287b5dbeed5b31b0) Importer(815301076,1909f56bfc062723c751e8b465ee728b) [PhysX] Initialized MultithreadedTaskDispatcher with 8 workers.
 -> (artifact id: '5d72b25ad7afac4a90b7acca23183f5c') in 0.006443 seconds
Number of updated asset objects reloaded before import = 0
Number of asset objects unloaded after import = 3
========================================================================
Received Import Request.
  Time since last request: 0.000025 seconds.
  path: Assets/tiles/tiles_packed_171.asset
  artifactKey: Guid(752ed68fb5bde7840b3e2435b336d0a0) Importer(815301076,1909f56bfc062723c751e8b465ee728b)
Start importing Assets/tiles/tiles_packed_171.asset using Guid(752ed68fb5bde7840b3e2435b336d0a0) Importer(815301076,1909f56bfc062723c751e8b465ee728b) [PhysX] Initialized MultithreadedTaskDispatcher with 8 workers.
 -> (artifact id: '5223fdb04dff027712c41223363bf897') in 0.013813 seconds
Number of updated asset objects reloaded before import = 0
Number of asset objects unloaded after import = 3
========================================================================
Received Import Request.
  Time since last request: 0.000034 seconds.
  path: Assets/tiles/tiles_packed_147.asset
  artifactKey: Guid(baaccec0f90371944aa45a1621553c44) Importer(815301076,1909f56bfc062723c751e8b465ee728b)
Start importing Assets/tiles/tiles_packed_147.asset using Guid(baaccec0f90371944aa45a1621553c44) Importer(815301076,1909f56bfc062723c751e8b465ee728b) [PhysX] Initialized MultithreadedTaskDispatcher with 8 workers.
 -> (artifact id: 'c724659843fae67a5b7da21f9431e6c1') in 0.005962 seconds
Number of updated asset objects reloaded before import = 0
Number of asset objects unloaded after import = 3
========================================================================
Received Import Request.
  Time since last request: 0.000024 seconds.
  path: Assets/tiles/tiles_packed_151.asset
  artifactKey: Guid(8e21149fbfa017f43b1261bd2e56eca4) Importer(815301076,1909f56bfc062723c751e8b465ee728b)
Start importing Assets/tiles/tiles_packed_151.asset using Guid(8e21149fbfa017f43b1261bd2e56eca4) Importer(815301076,1909f56bfc062723c751e8b465ee728b) [PhysX] Initialized MultithreadedTaskDispatcher with 8 workers.
 -> (artifact id: 'a6ed44627921062a36ac79abd28157b3') in 0.015058 seconds
Number of updated asset objects reloaded before import = 0
Number of asset objects unloaded after import = 3
========================================================================
Received Import Request.
  Time since last request: 0.000030 seconds.
  path: Assets/tiles/tiles_packed_153.asset
  artifactKey: Guid(0957a241cb1976842af6c4ca70033125) Importer(815301076,1909f56bfc062723c751e8b465ee728b)
Start importing Assets/tiles/tiles_packed_153.asset using Guid(0957a241cb1976842af6c4ca70033125) Importer(815301076,1909f56bfc062723c751e8b465ee728b) [PhysX] Initialized MultithreadedTaskDispatcher with 8 workers.
 -> (artifact id: '24b8a164920cad21c508602827ac85e2') in 0.007170 seconds
Number of updated asset objects reloaded before import = 0
Number of asset objects unloaded after import = 3
========================================================================
Received Import Request.
  Time since last request: 0.000025 seconds.
  path: Assets/tiles/tiles_packed_161.asset
  artifactKey: Guid(fde7705d8d83d044496c8a8a0cd650b7) Importer(815301076,1909f56bfc062723c751e8b465ee728b)
Start importing Assets/tiles/tiles_packed_161.asset using Guid(fde7705d8d83d044496c8a8a0cd650b7) Importer(815301076,1909f56bfc062723c751e8b465ee728b) [PhysX] Initialized MultithreadedTaskDispatcher with 8 workers.
 -> (artifact id: '4e7f09a4325a55a5f77b7db6caa1cb76') in 0.014453 seconds
Number of updated asset objects reloaded before import = 0
Number of asset objects unloaded after import = 3
========================================================================
Received Import Request.
  Time since last request: 0.000026 seconds.
  path: Assets/tiles/tiles_packed_152.asset
  artifactKey: Guid(393418de3bdafe240b9ceea1a99adec3) Importer(815301076,1909f56bfc062723c751e8b465ee728b)
Start importing Assets/tiles/tiles_packed_152.asset using Guid(393418de3bdafe240b9ceea1a99adec3) Importer(815301076,1909f56bfc062723c751e8b465ee728b) [PhysX] Initialized MultithreadedTaskDispatcher with 8 workers.
 -> (artifact id: '0767e7ed7ea6ae43eb3bf9800c9b600d') in 0.006238 seconds
Number of updated asset objects reloaded before import = 0
Number of asset objects unloaded after import = 3
========================================================================
Received Import Request.
  Time since last request: 0.000036 seconds.
  path: Assets/tiles/tiles_packed_156.asset
  artifactKey: Guid(8c81bc71e9a34c946bfcb90a3f24facb) Importer(815301076,1909f56bfc062723c751e8b465ee728b)
Start importing Assets/tiles/tiles_packed_156.asset using Guid(8c81bc71e9a34c946bfcb90a3f24facb) Importer(815301076,1909f56bfc062723c751e8b465ee728b) [PhysX] Initialized MultithreadedTaskDispatcher with 8 workers.
 -> (artifact id: '9bd71e1fa06afb04a29726d0b5793368') in 0.007541 seconds
Number of updated asset objects reloaded before import = 0
Number of asset objects unloaded after import = 3
========================================================================
Received Import Request.
  Time since last request: 0.000051 seconds.
  path: Assets/tiles/tiles_packed_159.asset
  artifactKey: Guid(8dc434692e7e4bc4abcb8be9465bbb24) Importer(815301076,1909f56bfc062723c751e8b465ee728b)
Start importing Assets/tiles/tiles_packed_159.asset using Guid(8dc434692e7e4bc4abcb8be9465bbb24) Importer(815301076,1909f56bfc062723c751e8b465ee728b) [PhysX] Initialized MultithreadedTaskDispatcher with 8 workers.
 -> (artifact id: 'd7cb868265c4c9a27486a97529a657e2') in 0.006813 seconds
Number of updated asset objects reloaded before import = 0
Number of asset objects unloaded after import = 3
========================================================================
Received Import Request.
  Time since last request: 22.854614 seconds.
  path: Assets/tiles/Water.asset
  artifactKey: Guid(6498fec0aed2dd04286fb65bf3a11892) Importer(815301076,1909f56bfc062723c751e8b465ee728b)
Start importing Assets/tiles/Water.asset using Guid(6498fec0aed2dd04286fb65bf3a11892) Importer(815301076,1909f56bfc062723c751e8b465ee728b) [PhysX] Initialized MultithreadedTaskDispatcher with 8 workers.
 -> (artifact id: 'feadf86e80c2e03071051b37f6351bd5') in 0.018157 seconds
Number of updated asset objects reloaded before import = 0
Number of asset objects unloaded after import = 2
========================================================================
Received Import Request.
  Time since last request: 23.819929 seconds.
  path: Assets/Tile Pallets/New Palette.prefab
  artifactKey: Guid(87699695e45b078498e4b5c68ffabb7a) Importer(815301076,1909f56bfc062723c751e8b465ee728b)
Start importing Assets/Tile Pallets/New Palette.prefab using Guid(87699695e45b078498e4b5c68ffabb7a) Importer(815301076,1909f56bfc062723c751e8b465ee728b) [PhysX] Initialized MultithreadedTaskDispatcher with 8 workers.
[PhysX] Initialized MultithreadedTaskDispatcher with 8 workers.
 -> (artifact id: '65d05a0dd70fcaaa3caa41ed26c5671d') in 0.066860 seconds
Number of updated asset objects reloaded before import = 0
Number of asset objects unloaded after import = 360
